node_pair,network_relation,city,eyes,bands,contrast
L-ACC→R-ACC,SN→SN,Kraków,eyes closed,alpha,0.18818776300902634
L-ACC→L-INS,SN→SN,Kraków,eyes closed,alpha,-0.013203140904379018
L-ACC→R-INS,SN→SN,Kraków,eyes closed,alpha,-0.21596220991960682
L-ACC→L-IFG,SN→DMN,Kraków,eyes closed,alpha,-0.3714168149807578
L-ACC→R-IFG,SN→CEN,Kraków,eyes closed,alpha,-0.12488920996743409
L-ACC→L-mPFC,SN→DMN,Kraków,eyes closed,alpha,-0.2608422635612164
L-ACC→R-mPFC,SN→DMN,Kraków,eyes closed,alpha,0.09235226082088449
L-ACC→L-aSTG,SN→DMN,Kraków,eyes closed,alpha,0.17097008285302207
L-ACC→R-aSTG,SN→DMN,Kraków,eyes closed,alpha,0.07648661601319408
L-ACC→L-PREC,SN→DMN,Kraków,eyes closed,alpha,0.1625257953259773
L-ACC→R-PREC,SN→DMN,Kraków,eyes closed,alpha,0.0544641538174447
L-ACC→L-ANG,SN→DMN,Kraków,eyes closed,alpha,0.04499212706658475
L-ACC→R-ANG,SN→DMN,Kraków,eyes closed,alpha,-0.04025611369115478
L-ACC→L-SFG,SN→CEN,Kraków,eyes closed,alpha,-0.055600929979939595
L-ACC→R-SFG,SN→CEN,Kraków,eyes closed,alpha,-0.3406410353329787
L-ACC→L-pSTG,SN→CEN,Kraków,eyes closed,alpha,0.06494238918306573
L-ACC→R-pSTG,SN→CEN,Kraków,eyes closed,alpha,-0.05920016719287467
L-ACC→L-ITG,SN→CEN,Kraków,eyes closed,alpha,0.27981261000203217
L-ACC→R-ITG,SN→CEN,Kraków,eyes closed,alpha,0.008998425413316951
L-ACC→L-SUP,SN→CEN,Kraków,eyes closed,alpha,0.24550174545272183
L-ACC→R-SUP,SN→CEN,Kraków,eyes closed,alpha,0.10826575541590795
R-ACC→L-ACC,SN→SN,Kraków,eyes closed,alpha,0.3047296723205392
R-ACC→L-INS,SN→SN,Kraków,eyes closed,alpha,-0.09898267954648646
R-ACC→R-INS,SN→SN,Kraków,eyes closed,alpha,-0.24864070221007362
R-ACC→L-IFG,SN→DMN,Kraków,eyes closed,alpha,-0.19804711356568527
R-ACC→R-IFG,SN→CEN,Kraków,eyes closed,alpha,0.25085967718320135
R-ACC→L-mPFC,SN→DMN,Kraków,eyes closed,alpha,-0.14201432049934526
R-ACC→R-mPFC,SN→DMN,Kraków,eyes closed,alpha,0.026995276239950853
R-ACC→L-aSTG,SN→DMN,Kraków,eyes closed,alpha,0.21596220991960682
R-ACC→R-aSTG,SN→DMN,Kraków,eyes closed,alpha,0.10433690542448655
R-ACC→L-PREC,SN→DMN,Kraków,eyes closed,alpha,0.20481830434659193
R-ACC→R-PREC,SN→DMN,Kraków,eyes closed,alpha,0.014986705196092092
R-ACC→L-ANG,SN→DMN,Kraków,eyes closed,alpha,0.11914157678695877
R-ACC→R-ANG,SN→DMN,Kraków,eyes closed,alpha,0.010611908999450222
R-ACC→L-SFG,SN→CEN,Kraków,eyes closed,alpha,0.004276994613841507
R-ACC→R-SFG,SN→CEN,Kraków,eyes closed,alpha,-0.0701433558436348
R-ACC→L-pSTG,SN→CEN,Kraków,eyes closed,alpha,0.16485375715701298
R-ACC→R-pSTG,SN→CEN,Kraków,eyes closed,alpha,0.015819299929208316
R-ACC→L-ITG,SN→CEN,Kraków,eyes closed,alpha,0.15819299929208316
R-ACC→R-ITG,SN→CEN,Kraków,eyes closed,alpha,0.22147019900891643
R-ACC→L-SUP,SN→CEN,Kraków,eyes closed,alpha,-0.06393618056830465
R-ACC→R-SUP,SN→CEN,Kraków,eyes closed,alpha,-0.03149448894660933
L-INS→L-ACC,SN→SN,Kraków,eyes closed,alpha,0.2817927958380834
L-INS→R-ACC,SN→SN,Kraków,eyes closed,alpha,-0.21480944114398665
L-INS→R-INS,SN→SN,Kraków,eyes closed,alpha,-0.13497638119975428
L-INS→L-IFG,SN→DMN,Kraków,eyes closed,alpha,0.43570364984450766
L-INS→R-IFG,SN→CEN,Kraków,eyes closed,alpha,0.3197163775166313
L-INS→L-mPFC,SN→DMN,Kraków,eyes closed,alpha,0.054951252385671
L-INS→R-mPFC,SN→DMN,Kraków,eyes closed,alpha,-0.04949133977324323
L-INS→L-aSTG,SN→DMN,Kraków,eyes closed,alpha,0.004995568398697364
L-INS→R-aSTG,SN→DMN,Kraków,eyes closed,alpha,0.11989364156873673
L-INS→L-PREC,SN→DMN,Kraków,eyes closed,alpha,0.12488920996743409
L-INS→R-PREC,SN→DMN,Kraków,eyes closed,alpha,-0.07814422069459458
L-INS→L-ANG,SN→DMN,Kraków,eyes closed,alpha,0.22151313761180902
L-INS→R-ANG,SN→DMN,Kraków,eyes closed,alpha,0.1612479447469338
L-INS→L-SFG,SN→CEN,Kraków,eyes closed,alpha,-0.012830983841524521
L-INS→R-SFG,SN→CEN,Kraków,eyes closed,alpha,-0.034968978790881546
L-INS→L-pSTG,SN→CEN,Kraków,eyes closed,alpha,0.12147874307977884
L-INS→R-pSTG,SN→CEN,Kraków,eyes closed,alpha,-0.03421595691073206
L-INS→L-ITG,SN→CEN,Kraków,eyes closed,alpha,0.0
L-INS→R-ITG,SN→CEN,Kraków,eyes closed,alpha,0.24977841993486818
L-INS→L-SUP,SN→CEN,Kraków,eyes closed,alpha,0.2070953190633358
L-INS→R-SUP,SN→CEN,Kraków,eyes closed,alpha,-0.3596809247062102
R-INS→L-ACC,SN→SN,Kraków,eyes closed,alpha,0.040492914359926274
R-INS→R-ACC,SN→SN,Kraków,eyes closed,alpha,-0.015819299929208316
R-INS→L-INS,SN→SN,Kraków,eyes closed,alpha,0.11518683155814069
R-INS→L-IFG,SN→DMN,Kraków,eyes closed,alpha,0.05920016719287467
R-INS→R-IFG,SN→CEN,Kraków,eyes closed,alpha,0.4745789978762496
R-INS→L-mPFC,SN→DMN,Kraków,eyes closed,alpha,0.03691169983481941
R-INS→R-mPFC,SN→DMN,Kraków,eyes closed,alpha,0.31944410217275176
R-INS→L-aSTG,SN→DMN,Kraków,eyes closed,alpha,0.11489807317003937
R-INS→R-aSTG,SN→DMN,Kraków,eyes closed,alpha,0.4533614290671998
R-INS→L-PREC,SN→DMN,Kraków,eyes closed,alpha,0.035520100315724806
R-INS→R-PREC,SN→DMN,Kraków,eyes closed,alpha,0.029973410392184183
R-INS→L-ANG,SN→DMN,Kraków,eyes closed,alpha,0.10490693637264464
R-INS→R-ANG,SN→DMN,Kraków,eyes closed,alpha,0.1802182911877495
R-INS→L-SFG,SN→CEN,Kraków,eyes closed,alpha,0.2940403698326439
R-INS→R-SFG,SN→CEN,Kraków,eyes closed,alpha,-0.034968978790881546
R-INS→L-pSTG,SN→CEN,Kraków,eyes closed,alpha,0.274451975106167
R-INS→R-pSTG,SN→CEN,Kraków,eyes closed,alpha,-0.10490693637264464
R-INS→L-ITG,SN→CEN,Kraków,eyes closed,alpha,0.3983772752571305
R-INS→R-ITG,SN→CEN,Kraków,eyes closed,alpha,0.24745669886621613
R-INS→L-SUP,SN→CEN,Kraków,eyes closed,alpha,0.034968978790881546
R-INS→R-SUP,SN→CEN,Kraków,eyes closed,alpha,0.1302403678243243
L-IFG→L-ACC,DMN→SN,Kraków,eyes closed,alpha,-0.053990552479901706
L-IFG→R-ACC,DMN→SN,Kraków,eyes closed,alpha,-0.3269321985369719
L-IFG→L-INS,DMN→SN,Kraków,eyes closed,alpha,0.15486262035961829
L-IFG→R-INS,DMN→SN,Kraków,eyes closed,alpha,-0.042769946138415074
L-IFG→R-IFG,DMN→CEN,Kraków,eyes closed,alpha,-0.029938962296890553
L-IFG→L-mPFC,DMN→DMN,Kraków,eyes closed,alpha,-0.29105288084576925
L-IFG→R-mPFC,DMN→DMN,Kraków,eyes closed,alpha,-0.2244533953744433
L-IFG→L-aSTG,DMN→DMN,Kraków,eyes closed,alpha,0.18343516397832096
L-IFG→R-aSTG,DMN→DMN,Kraków,eyes closed,alpha,-0.09491579957524991
L-IFG→L-PREC,DMN→DMN,Kraków,eyes closed,alpha,0.0901843146561019
L-IFG→R-PREC,DMN→DMN,Kraków,eyes closed,alpha,-0.035520100315724806
L-IFG→L-ANG,DMN→DMN,Kraków,eyes closed,alpha,0.07992909437915782
L-IFG→R-ANG,DMN→DMN,Kraków,eyes closed,alpha,-0.18896693367965595
L-IFG→L-SFG,DMN→CEN,Kraków,eyes closed,alpha,-0.26517366605817344
L-IFG→R-SFG,DMN→CEN,Kraków,eyes closed,alpha,-0.21596220991960682
L-IFG→L-pSTG,DMN→CEN,Kraków,eyes closed,alpha,-0.019982273594789456
L-IFG→R-pSTG,DMN→CEN,Kraków,eyes closed,alpha,-0.15297323202638816
L-IFG→L-ITG,DMN→CEN,Kraków,eyes closed,alpha,0.07524731165492134
L-IFG→R-ITG,DMN→CEN,Kraków,eyes closed,alpha,-0.12831353600921086
L-IFG→L-SUP,DMN→CEN,Kraków,eyes closed,alpha,0.26670344626845616
L-IFG→R-SUP,DMN→CEN,Kraków,eyes closed,alpha,-0.15392043470147415
R-IFG→L-ACC,CEN→SN,Kraków,eyes closed,alpha,-0.08548504142651103
R-IFG→R-ACC,CEN→SN,Kraków,eyes closed,alpha,-0.1740122992212915
R-IFG→L-INS,CEN→SN,Kraków,eyes closed,alpha,-0.01657604681400491
R-IFG→R-INS,CEN→SN,Kraków,eyes closed,alpha,0.04025611369115478
R-IFG→L-IFG,CEN→DMN,Kraków,eyes closed,alpha,-0.14227759830611802
R-IFG→L-mPFC,CEN→DMN,Kraków,eyes closed,alpha,-0.06748819059987714
R-IFG→R-mPFC,CEN→DMN,Kraków,eyes closed,alpha,-0.2354812660464883
R-IFG→L-aSTG,CEN→DMN,Kraków,eyes closed,alpha,0.32783944366547735
R-IFG→R-aSTG,CEN→DMN,Kraków,eyes closed,alpha,-0.014986705196092092
R-IFG→L-PREC,CEN→DMN,Kraków,eyes closed,alpha,-0.0278942469585241
R-IFG→R-PREC,CEN→DMN,Kraków,eyes closed,alpha,-0.047457899787624956
R-IFG→L-ANG,CEN→DMN,Kraków,eyes closed,alpha,0.11882826813941116
R-IFG→R-ANG,CEN→DMN,Kraków,eyes closed,alpha,-0.16984932555571033
R-IFG→L-SFG,CEN→CEN,Kraków,eyes closed,alpha,-0.2689280987965414
R-IFG→R-SFG,CEN→CEN,Kraków,eyes closed,alpha,-0.25976955673226293
R-IFG→L-pSTG,CEN→CEN,Kraków,eyes closed,alpha,0.03691169983481941
R-IFG→R-pSTG,CEN→CEN,Kraków,eyes closed,alpha,-0.3746676299023023
R-IFG→L-ITG,CEN→CEN,Kraków,eyes closed,alpha,-0.11989364156873673
R-IFG→R-ITG,CEN→CEN,Kraków,eyes closed,alpha,0.1505158063099208
R-IFG→L-SUP,CEN→CEN,Kraków,eyes closed,alpha,0.09991136797394728
R-IFG→R-SUP,CEN→CEN,Kraków,eyes closed,alpha,-0.18455849917409703
L-mPFC→L-ACC,DMN→SN,Kraków,eyes closed,alpha,0.07814422069459458
L-mPFC→R-ACC,DMN→SN,Kraków,eyes closed,alpha,-0.00792188454262741
L-mPFC→L-INS,DMN→SN,Kraków,eyes closed,alpha,0.18483603075180247
L-mPFC→R-INS,DMN→SN,Kraków,eyes closed,alpha,0.01115769878340964
L-mPFC→L-IFG,DMN→DMN,Kraków,eyes closed,alpha,0.013497638119975426
L-mPFC→R-IFG,DMN→CEN,Kraków,eyes closed,alpha,0.2533767155855036
L-mPFC→R-mPFC,DMN→DMN,Kraków,eyes closed,alpha,0.2354812660464883
L-mPFC→L-aSTG,DMN→DMN,Kraków,eyes closed,alpha,0.0
L-mPFC→R-aSTG,DMN→DMN,Kraków,eyes closed,alpha,0.2789511878128255
L-mPFC→L-PREC,DMN→DMN,Kraków,eyes closed,alpha,0.0350716779218174
L-mPFC→R-PREC,DMN→DMN,Kraków,eyes closed,alpha,0.13947559390641276
L-mPFC→L-ANG,DMN→DMN,Kraków,eyes closed,alpha,0.27507002339182823
L-mPFC→R-ANG,DMN→DMN,Kraków,eyes closed,alpha,0.3446942195101181
L-mPFC→L-SFG,DMN→CEN,Kraków,eyes closed,alpha,-0.04972814044201473
L-mPFC→R-SFG,DMN→CEN,Kraków,eyes closed,alpha,-0.0679306955342881
L-mPFC→L-pSTG,DMN→CEN,Kraków,eyes closed,alpha,0.026048073564864858
L-mPFC→R-pSTG,DMN→CEN,Kraków,eyes closed,alpha,0.04499212706658476
L-mPFC→L-ITG,DMN→CEN,Kraków,eyes closed,alpha,0.15620778296773496
L-mPFC→R-ITG,DMN→CEN,Kraków,eyes closed,alpha,0.2912648225889434
L-mPFC→L-SUP,DMN→CEN,Kraków,eyes closed,alpha,0.06694619270045785
L-mPFC→R-SUP,DMN→CEN,Kraków,eyes closed,alpha,-0.03996454718957891
R-mPFC→L-ACC,DMN→SN,Kraków,eyes closed,alpha,0.26286225663268004
R-mPFC→R-ACC,DMN→SN,Kraków,eyes closed,alpha,0.02497784199348682
R-mPFC→L-INS,DMN→SN,Kraków,eyes closed,alpha,-0.0734082073191646
R-mPFC→R-INS,DMN→SN,Kraków,eyes closed,alpha,0.34968978790881544
R-mPFC→L-IFG,DMN→DMN,Kraków,eyes closed,alpha,0.009991136797394728
R-mPFC→R-IFG,DMN→CEN,Kraków,eyes closed,alpha,0.0641549192076226
R-mPFC→L-mPFC,DMN→DMN,Kraków,eyes closed,alpha,0.017996850826633902
R-mPFC→L-aSTG,DMN→DMN,Kraków,eyes closed,alpha,0.2347917147387761
R-mPFC→R-aSTG,DMN→DMN,Kraków,eyes closed,alpha,0.2560996769510125
R-mPFC→L-PREC,DMN→DMN,Kraków,eyes closed,alpha,0.3596809247062102
R-mPFC→R-PREC,DMN→DMN,Kraków,eyes closed,alpha,0.20696378450628988
R-mPFC→L-ANG,DMN→DMN,Kraków,eyes closed,alpha,0.06513311614051803
R-mPFC→R-ANG,DMN→DMN,Kraków,eyes closed,alpha,0.3596809247062102
R-mPFC→L-SFG,DMN→CEN,Kraków,eyes closed,alpha,0.060734448160143485
R-mPFC→R-SFG,DMN→CEN,Kraków,eyes closed,alpha,-0.023765653627882233
R-mPFC→L-pSTG,DMN→CEN,Kraków,eyes closed,alpha,0.2098138727452893
R-mPFC→R-pSTG,DMN→CEN,Kraków,eyes closed,alpha,-0.01657604681400491
R-mPFC→L-ITG,DMN→CEN,Kraków,eyes closed,alpha,0.38493629827740244
R-mPFC→R-ITG,DMN→CEN,Kraków,eyes closed,alpha,0.10348189225314494
R-mPFC→L-SUP,DMN→CEN,Kraków,eyes closed,alpha,0.4260429614980358
R-mPFC→R-SUP,DMN→CEN,Kraków,eyes closed,alpha,0.24187191712040068
L-aSTG→L-ACC,DMN→SN,Kraków,eyes closed,alpha,0.21341639745917704
L-aSTG→R-ACC,DMN→SN,Kraków,eyes closed,alpha,0.08548504142651103
L-aSTG→L-INS,DMN→SN,Kraków,eyes closed,alpha,0.2024645717996314
L-aSTG→R-INS,DMN→SN,Kraków,eyes closed,alpha,0.034968978790881546
L-aSTG→L-IFG,DMN→DMN,Kraków,eyes closed,alpha,0.20860962628918853
L-aSTG→R-IFG,DMN→CEN,Kraków,eyes closed,alpha,0.3197163775166313
L-aSTG→L-mPFC,DMN→DMN,Kraków,eyes closed,alpha,0.023765653627882233
L-aSTG→R-mPFC,DMN→DMN,Kraków,eyes closed,alpha,0.008998425413316951
L-aSTG→R-aSTG,DMN→DMN,Kraków,eyes closed,alpha,0.35993701653267807
L-aSTG→L-PREC,DMN→DMN,Kraków,eyes closed,alpha,0.3149448894660933
L-aSTG→R-PREC,DMN→DMN,Kraków,eyes closed,alpha,-0.06993795758176309
L-aSTG→L-ANG,DMN→DMN,Kraków,eyes closed,alpha,-0.16107831903342404
L-aSTG→R-ANG,DMN→DMN,Kraków,eyes closed,alpha,0.4854413709815723
L-aSTG→L-SFG,DMN→CEN,Kraków,eyes closed,alpha,0.03996454718957891
L-aSTG→R-SFG,DMN→CEN,Kraków,eyes closed,alpha,-0.18896693367965595
L-aSTG→L-pSTG,DMN→CEN,Kraków,eyes closed,alpha,0.09484043965898194
L-aSTG→R-pSTG,DMN→CEN,Kraków,eyes closed,alpha,0.12330725186530231
L-aSTG→L-ITG,DMN→CEN,Kraków,eyes closed,alpha,0.07810389148386748
L-aSTG→R-ITG,DMN→CEN,Kraków,eyes closed,alpha,0.2039312242387692
L-aSTG→L-SUP,DMN→CEN,Kraków,eyes closed,alpha,0.1687391992448887
L-aSTG→R-SUP,DMN→CEN,Kraków,eyes closed,alpha,-0.023712933051019673
R-aSTG→L-ACC,DMN→SN,Kraków,eyes closed,alpha,-0.008553989227683014
R-aSTG→R-ACC,DMN→SN,Kraków,eyes closed,alpha,-0.4828418594749851
R-aSTG→L-INS,DMN→SN,Kraków,eyes closed,alpha,0.0
R-aSTG→R-INS,DMN→SN,Kraków,eyes closed,alpha,-0.06494238918306573
R-aSTG→L-IFG,DMN→DMN,Kraków,eyes closed,alpha,0.08714072996890153
R-aSTG→R-IFG,DMN→CEN,Kraków,eyes closed,alpha,-0.11603232769803436
R-aSTG→L-mPFC,DMN→DMN,Kraków,eyes closed,alpha,-0.24977841993486818
R-aSTG→R-mPFC,DMN→DMN,Kraków,eyes closed,alpha,-0.04496011558827628
R-aSTG→L-aSTG,DMN→DMN,Kraków,eyes closed,alpha,0.09235226082088449
R-aSTG→L-PREC,DMN→DMN,Kraków,eyes closed,alpha,0.033198106271427545
R-aSTG→R-PREC,DMN→DMN,Kraków,eyes closed,alpha,-0.0044992127066584755
R-aSTG→L-ANG,DMN→DMN,Kraków,eyes closed,alpha,-0.08185947360714992
R-aSTG→R-ANG,DMN→DMN,Kraków,eyes closed,alpha,0.06993795758176309
R-aSTG→L-SFG,DMN→CEN,Kraków,eyes closed,alpha,-0.19180854170491396
R-aSTG→R-SFG,DMN→CEN,Kraków,eyes closed,alpha,-0.1619716574397051
R-aSTG→L-pSTG,DMN→CEN,Kraków,eyes closed,alpha,-0.17547570457754558
R-aSTG→R-pSTG,DMN→CEN,Kraków,eyes closed,alpha,-0.011840033438574935
R-aSTG→L-ITG,DMN→CEN,Kraków,eyes closed,alpha,0.04496011558827628
R-aSTG→R-ITG,DMN→CEN,Kraków,eyes closed,alpha,0.15486262035961829
R-aSTG→L-SUP,DMN→CEN,Kraków,eyes closed,alpha,-0.33007852260947546
R-aSTG→R-SUP,DMN→CEN,Kraków,eyes closed,alpha,-0.23978728313747347
L-PREC→L-ACC,DMN→SN,Kraków,eyes closed,alpha,0.2039312242387692
L-PREC→R-ACC,DMN→SN,Kraków,eyes closed,alpha,0.12804983847550624
L-PREC→L-INS,DMN→SN,Kraków,eyes closed,alpha,0.0806239723734669
L-PREC→R-INS,DMN→SN,Kraków,eyes closed,alpha,-0.07270890843530563
L-PREC→L-IFG,DMN→DMN,Kraków,eyes closed,alpha,-0.11603232769803436
L-PREC→R-IFG,DMN→CEN,Kraków,eyes closed,alpha,0.17547570457754558
L-PREC→L-mPFC,DMN→DMN,Kraków,eyes closed,alpha,-0.0044992127066584755
L-PREC→R-mPFC,DMN→DMN,Kraków,eyes closed,alpha,-0.04972814044201473
L-PREC→L-aSTG,DMN→DMN,Kraków,eyes closed,alpha,0.3047296723205392
L-PREC→R-aSTG,DMN→DMN,Kraków,eyes closed,alpha,0.19918863762856526
L-PREC→R-PREC,DMN→DMN,Kraków,eyes closed,alpha,-0.3006143821870063
L-PREC→L-ANG,DMN→DMN,Kraków,eyes closed,alpha,0.3723285735034883
L-PREC→R-ANG,DMN→DMN,Kraków,eyes closed,alpha,0.29839098443896583
L-PREC→L-SFG,DMN→CEN,Kraków,eyes closed,alpha,-0.10656030094717442
L-PREC→R-SFG,DMN→CEN,Kraków,eyes closed,alpha,0.0044992127066584755
L-PREC→L-pSTG,DMN→CEN,Kraków,eyes closed,alpha,-0.08548504142651103
L-PREC→R-pSTG,DMN→CEN,Kraków,eyes closed,alpha,-0.29473853552314444
L-PREC→L-ITG,DMN→CEN,Kraków,eyes closed,alpha,0.3849406080276326
L-PREC→R-ITG,DMN→CEN,Kraków,eyes closed,alpha,0.25838189884373586
L-PREC→L-SUP,DMN→CEN,Kraków,eyes closed,alpha,0.3206553409994734
L-PREC→R-SUP,DMN→CEN,Kraków,eyes closed,alpha,-0.013497638119975426
R-PREC→L-ACC,DMN→SN,Kraków,eyes closed,alpha,0.13947559390641276
R-PREC→R-ACC,DMN→SN,Kraków,eyes closed,alpha,-0.040492914359926274
R-PREC→L-INS,DMN→SN,Kraków,eyes closed,alpha,0.15865644807690413
R-PREC→R-INS,DMN→SN,Kraków,eyes closed,alpha,0.13971239457518422
R-PREC→L-IFG,DMN→DMN,Kraków,eyes closed,alpha,0.2012805684557739
R-PREC→R-IFG,DMN→CEN,Kraków,eyes closed,alpha,-0.1124803176664619
R-PREC→L-mPFC,DMN→DMN,Kraków,eyes closed,alpha,0.01657604681400491
R-PREC→R-mPFC,DMN→DMN,Kraków,eyes closed,alpha,0.1619716574397051
R-PREC→L-aSTG,DMN→DMN,Kraków,eyes closed,alpha,0.17097008285302207
R-PREC→R-aSTG,DMN→DMN,Kraków,eyes closed,alpha,0.24295748615955767
R-PREC→L-PREC,DMN→DMN,Kraków,eyes closed,alpha,0.07270890843530563
R-PREC→L-ANG,DMN→DMN,Kraków,eyes closed,alpha,0.2560996769510125
R-PREC→R-ANG,DMN→DMN,Kraków,eyes closed,alpha,0.282547215353711
R-PREC→L-SFG,DMN→CEN,Kraków,eyes closed,alpha,0.32366322448323176
R-PREC→R-SFG,DMN→CEN,Kraków,eyes closed,alpha,-0.4459113335773927
R-PREC→L-pSTG,DMN→CEN,Kraków,eyes closed,alpha,0.24295748615955767
R-PREC→R-pSTG,DMN→CEN,Kraków,eyes closed,alpha,0.09409388150451317
R-PREC→L-ITG,DMN→CEN,Kraków,eyes closed,alpha,0.3047296723205392
R-PREC→R-ITG,DMN→CEN,Kraków,eyes closed,alpha,0.4365793212686539
R-PREC→L-SUP,DMN→CEN,Kraków,eyes closed,alpha,0.1444484079506142
R-PREC→R-SUP,DMN→CEN,Kraków,eyes closed,alpha,0.061653625932651154
L-ANG→L-ACC,DMN→SN,Kraków,eyes closed,alpha,0.18483603075180247
L-ANG→R-ACC,DMN→SN,Kraków,eyes closed,alpha,-0.019982273594789456
L-ANG→L-INS,DMN→SN,Kraków,eyes closed,alpha,0.32441691621695323
L-ANG→R-INS,DMN→SN,Kraków,eyes closed,alpha,-0.09485173220407869
L-ANG→L-IFG,DMN→DMN,Kraków,eyes closed,alpha,0.17484489395440772
L-ANG→R-IFG,DMN→CEN,Kraków,eyes closed,alpha,0.2924488259328009
L-ANG→L-mPFC,DMN→DMN,Kraków,eyes closed,alpha,-0.034968978790881546
L-ANG→R-mPFC,DMN→DMN,Kraków,eyes closed,alpha,0.07814422069459458
L-ANG→L-aSTG,DMN→DMN,Kraków,eyes closed,alpha,0.1753567791675018
L-ANG→R-aSTG,DMN→DMN,Kraków,eyes closed,alpha,0.2060165818312039
L-ANG→L-PREC,DMN→DMN,Kraków,eyes closed,alpha,0.03996454718957891
L-ANG→R-PREC,DMN→DMN,Kraków,eyes closed,alpha,-0.2772659589919594
L-ANG→R-ANG,DMN→DMN,Kraków,eyes closed,alpha,0.29529359867855526
L-ANG→L-SFG,DMN→CEN,Kraków,eyes closed,alpha,-0.10348189225314494
L-ANG→R-SFG,DMN→CEN,Kraków,eyes closed,alpha,0.1318274994100693
L-ANG→L-pSTG,DMN→CEN,Kraków,eyes closed,alpha,0.07382339966963881
L-ANG→R-pSTG,DMN→CEN,Kraków,eyes closed,alpha,-0.09770324269240473
L-ANG→L-ITG,DMN→CEN,Kraków,eyes closed,alpha,0.10018889955165268
L-ANG→R-ITG,DMN→CEN,Kraków,eyes closed,alpha,0.3514675116774037
L-ANG→L-SUP,DMN→CEN,Kraków,eyes closed,alpha,0.07992909437915782
L-ANG→R-SUP,DMN→CEN,Kraków,eyes closed,alpha,0.03996454718957891
R-ANG→L-ACC,DMN→SN,Kraków,eyes closed,alpha,0.02497784199348682
R-ANG→R-ACC,DMN→SN,Kraków,eyes closed,alpha,0.0278942469585241
R-ANG→L-INS,DMN→SN,Kraków,eyes closed,alpha,-0.05611666152832495
R-ANG→R-INS,DMN→SN,Kraków,eyes closed,alpha,-0.12488920996743409
R-ANG→L-IFG,DMN→DMN,Kraków,eyes closed,alpha,-0.08436959962244435
R-ANG→R-IFG,DMN→CEN,Kraków,eyes closed,alpha,-0.047457899787624956
R-ANG→L-mPFC,DMN→DMN,Kraków,eyes closed,alpha,-0.14505008418432533
R-ANG→R-mPFC,DMN→DMN,Kraków,eyes closed,alpha,-0.04463079513363856
R-ANG→L-aSTG,DMN→DMN,Kraków,eyes closed,alpha,0.09991136797394728
R-ANG→R-aSTG,DMN→DMN,Kraków,eyes closed,alpha,-0.029973410392184183
R-ANG→L-PREC,DMN→DMN,Kraków,eyes closed,alpha,0.13947123479262052
R-ANG→R-PREC,DMN→DMN,Kraków,eyes closed,alpha,-0.0557884939170482
R-ANG→L-ANG,DMN→DMN,Kraków,eyes closed,alpha,-0.09491579957524991
R-ANG→L-SFG,DMN→CEN,Kraków,eyes closed,alpha,-0.06393618056830465
R-ANG→R-SFG,DMN→CEN,Kraków,eyes closed,alpha,-0.2847473987257497
R-ANG→L-pSTG,DMN→CEN,Kraków,eyes closed,alpha,0.0
R-ANG→R-pSTG,DMN→CEN,Kraków,eyes closed,alpha,-0.30125786715206027
R-ANG→L-ITG,DMN→CEN,Kraków,eyes closed,alpha,-0.0044992127066584755
R-ANG→R-ITG,DMN→CEN,Kraków,eyes closed,alpha,0.17928539919769426
R-ANG→L-SUP,DMN→CEN,Kraków,eyes closed,alpha,-0.09484043965898194
R-ANG→R-SUP,DMN→CEN,Kraków,eyes closed,alpha,0.07382339966963881
L-SFG→L-ACC,CEN→SN,Kraków,eyes closed,alpha,0.19444605101836132
L-SFG→R-ACC,CEN→SN,Kraków,eyes closed,alpha,-0.18970346440815739
L-SFG→L-INS,CEN→SN,Kraków,eyes closed,alpha,0.13987591516352618
L-SFG→R-INS,CEN→SN,Kraków,eyes closed,alpha,-0.2086738108489731
L-SFG→L-IFG,CEN→DMN,Kraków,eyes closed,alpha,0.0557884939170482
L-SFG→R-IFG,CEN→CEN,Kraków,eyes closed,alpha,0.1740122992212915
L-SFG→L-mPFC,CEN→DMN,Kraków,eyes closed,alpha,-0.13881489957006699
L-SFG→R-mPFC,CEN→DMN,Kraków,eyes closed,alpha,-0.17692208811867885
L-SFG→L-aSTG,CEN→DMN,Kraków,eyes closed,alpha,0.17546929555968052
L-SFG→R-aSTG,CEN→DMN,Kraków,eyes closed,alpha,0.058489765186560176
L-SFG→L-PREC,CEN→DMN,Kraków,eyes closed,alpha,0.005273099976402772
L-SFG→R-PREC,CEN→DMN,Kraków,eyes closed,alpha,0.06748819059987714
L-SFG→L-ANG,CEN→DMN,Kraków,eyes closed,alpha,0.03135304652288389
L-SFG→R-ANG,CEN→DMN,Kraków,eyes closed,alpha,0.07692442360381202
L-SFG→R-SFG,CEN→CEN,Kraków,eyes closed,alpha,-0.04463079513363856
L-SFG→L-pSTG,CEN→CEN,Kraków,eyes closed,alpha,-0.12330725186530231
L-SFG→R-pSTG,CEN→CEN,Kraków,eyes closed,alpha,-0.18896693367965595
L-SFG→L-ITG,CEN→CEN,Kraków,eyes closed,alpha,0.32723847610407153
L-SFG→R-ITG,CEN→CEN,Kraków,eyes closed,alpha,-0.11489807317003937
L-SFG→L-SUP,CEN→CEN,Kraków,eyes closed,alpha,-0.01657604681400491
L-SFG→R-SUP,CEN→CEN,Kraków,eyes closed,alpha,0.054951252385671
R-SFG→L-ACC,CEN→SN,Kraków,eyes closed,alpha,-0.03149448894660933
R-SFG→R-ACC,CEN→SN,Kraków,eyes closed,alpha,-0.026995276239950853
R-SFG→L-INS,CEN→SN,Kraków,eyes closed,alpha,0.15297323202638816
R-SFG→R-INS,CEN→SN,Kraków,eyes closed,alpha,0.02231539756681928
R-SFG→L-IFG,CEN→DMN,Kraków,eyes closed,alpha,0.3291529295923832
R-SFG→R-IFG,CEN→CEN,Kraków,eyes closed,alpha,0.2675847557117935
R-SFG→L-mPFC,CEN→DMN,Kraków,eyes closed,alpha,0.09519455435921866
R-SFG→R-mPFC,CEN→DMN,Kraków,eyes closed,alpha,-0.004742586610203935
R-SFG→L-aSTG,CEN→DMN,Kraków,eyes closed,alpha,0.18455849917409703
R-SFG→R-aSTG,CEN→DMN,Kraków,eyes closed,alpha,0.2847473987257497
R-SFG→L-PREC,CEN→DMN,Kraków,eyes closed,alpha,0.07992909437915782
R-SFG→R-PREC,CEN→DMN,Kraków,eyes closed,alpha,0.08548504142651103
R-SFG→L-ANG,CEN→DMN,Kraków,eyes closed,alpha,0.2566270720184217
R-SFG→R-ANG,CEN→DMN,Kraków,eyes closed,alpha,0.1959009774923447
R-SFG→L-SFG,CEN→CEN,Kraków,eyes closed,alpha,0.116008199480861
R-SFG→L-pSTG,CEN→CEN,Kraków,eyes closed,alpha,0.12988477836613146
R-SFG→R-pSTG,CEN→CEN,Kraków,eyes closed,alpha,0.03078408694029483
R-SFG→L-ITG,CEN→CEN,Kraków,eyes closed,alpha,0.22873282505989764
R-SFG→R-ITG,CEN→CEN,Kraków,eyes closed,alpha,0.3302330763442382
R-SFG→L-SUP,CEN→CEN,Kraków,eyes closed,alpha,-0.04496011558827628
R-SFG→R-SUP,CEN→CEN,Kraków,eyes closed,alpha,0.21917213901269172
L-pSTG→L-ACC,CEN→SN,Kraków,eyes closed,alpha,-0.09448346683982797
L-pSTG→R-ACC,CEN→SN,Kraków,eyes closed,alpha,0.017996850826633902
L-pSTG→L-INS,CEN→SN,Kraków,eyes closed,alpha,0.2098138727452893
L-pSTG→R-INS,CEN→SN,Kraków,eyes closed,alpha,-0.1338923854009157
L-pSTG→L-IFG,CEN→DMN,Kraków,eyes closed,alpha,0.07810389148386748
L-pSTG→R-IFG,CEN→CEN,Kraków,eyes closed,alpha,0.2703274367816243
L-pSTG→L-mPFC,CEN→DMN,Kraków,eyes closed,alpha,-0.14237369936287486
L-pSTG→R-mPFC,CEN→DMN,Kraków,eyes closed,alpha,-0.11989364156873673
L-pSTG→L-aSTG,CEN→DMN,Kraków,eyes closed,alpha,-0.10182428757174444
L-pSTG→R-aSTG,CEN→DMN,Kraków,eyes closed,alpha,0.12330725186530231
L-pSTG→L-PREC,CEN→DMN,Kraków,eyes closed,alpha,-0.00557884939170482
L-pSTG→R-PREC,CEN→DMN,Kraków,eyes closed,alpha,-0.07974472954025125
L-pSTG→L-ANG,CEN→DMN,Kraków,eyes closed,alpha,-0.00557884939170482
L-pSTG→R-ANG,CEN→DMN,Kraków,eyes closed,alpha,0.28929778322244
L-pSTG→L-SFG,CEN→CEN,Kraków,eyes closed,alpha,-0.29473853552314444
L-pSTG→R-SFG,CEN→CEN,Kraków,eyes closed,alpha,-0.055112636734284494
L-pSTG→R-pSTG,CEN→CEN,Kraków,eyes closed,alpha,-0.09746578054919597
L-pSTG→L-ITG,CEN→CEN,Kraków,eyes closed,alpha,0.032488593516398656
L-pSTG→R-ITG,CEN→CEN,Kraków,eyes closed,alpha,-0.015819299929208316
L-pSTG→L-SUP,CEN→CEN,Kraków,eyes closed,alpha,0.14702018491632196
L-pSTG→R-SUP,CEN→CEN,Kraków,eyes closed,alpha,-0.09010914559387476
R-pSTG→L-ACC,CEN→SN,Kraków,eyes closed,alpha,0.3596809247062102
R-pSTG→R-ACC,CEN→SN,Kraków,eyes closed,alpha,0.009991136797394728
R-pSTG→L-INS,CEN→SN,Kraków,eyes closed,alpha,0.17760050157862403
R-pSTG→R-INS,CEN→SN,Kraków,eyes closed,alpha,-0.0026406281808758034
R-pSTG→L-IFG,CEN→DMN,Kraków,eyes closed,alpha,0.2772659589919594
R-pSTG→R-IFG,CEN→CEN,Kraków,eyes closed,alpha,0.2997341039218418
R-pSTG→L-mPFC,CEN→DMN,Kraków,eyes closed,alpha,0.032488593516398656
R-pSTG→R-mPFC,CEN→DMN,Kraków,eyes closed,alpha,0.0557884939170482
R-pSTG→L-aSTG,CEN→DMN,Kraków,eyes closed,alpha,0.38578845713999144
R-pSTG→R-aSTG,CEN→DMN,Kraków,eyes closed,alpha,0.4937974698237753
R-pSTG→L-PREC,CEN→DMN,Kraków,eyes closed,alpha,0.1948271675491972
R-pSTG→R-PREC,CEN→DMN,Kraków,eyes closed,alpha,0.219805009542684
R-pSTG→L-ANG,CEN→DMN,Kraków,eyes closed,alpha,0.08185947360714992
R-pSTG→R-ANG,CEN→DMN,Kraków,eyes closed,alpha,0.5093425414800962
R-pSTG→L-SFG,CEN→CEN,Kraków,eyes closed,alpha,0.29560414248388955
R-pSTG→R-SFG,CEN→CEN,Kraków,eyes closed,alpha,0.33583024712973375
R-pSTG→L-pSTG,CEN→CEN,Kraków,eyes closed,alpha,0.16485375715701298
R-pSTG→L-ITG,CEN→CEN,Kraków,eyes closed,alpha,0.5485227369785651
R-pSTG→R-ITG,CEN→CEN,Kraków,eyes closed,alpha,0.3514675116774037
R-pSTG→L-SUP,CEN→CEN,Kraków,eyes closed,alpha,0.4085584964788336
R-pSTG→R-SUP,CEN→CEN,Kraków,eyes closed,alpha,0.26220592141012655
L-ITG→L-ACC,CEN→SN,Kraków,eyes closed,alpha,0.28794961322614243
L-ITG→R-ACC,CEN→SN,Kraków,eyes closed,alpha,0.1619716574397051
L-ITG→L-INS,CEN→SN,Kraków,eyes closed,alpha,0.1612479447469338
L-ITG→R-INS,CEN→SN,Kraków,eyes closed,alpha,0.2039312242387692
L-ITG→L-IFG,CEN→DMN,Kraków,eyes closed,alpha,0.23501590809794656
L-ITG→R-IFG,CEN→CEN,Kraków,eyes closed,alpha,0.34336096971867314
L-ITG→L-mPFC,CEN→DMN,Kraków,eyes closed,alpha,0.04025611369115478
L-ITG→R-mPFC,CEN→DMN,Kraków,eyes closed,alpha,-0.055453191798391886
L-ITG→L-aSTG,CEN→DMN,Kraków,eyes closed,alpha,-0.0701433558436348
L-ITG→R-aSTG,CEN→DMN,Kraków,eyes closed,alpha,0.274451975106167
L-ITG→L-PREC,CEN→DMN,Kraków,eyes closed,alpha,0.44460558748406537
L-ITG→R-PREC,CEN→DMN,Kraków,eyes closed,alpha,-0.08992023117655255
L-ITG→L-ANG,CEN→DMN,Kraków,eyes closed,alpha,0.0
L-ITG→R-ANG,CEN→DMN,Kraków,eyes closed,alpha,0.29473853552314444
L-ITG→L-SFG,CEN→CEN,Kraków,eyes closed,alpha,0.29473853552314444
L-ITG→R-SFG,CEN→CEN,Kraków,eyes closed,alpha,0.00792188454262741
L-ITG→L-pSTG,CEN→CEN,Kraków,eyes closed,alpha,-0.004995568398697364
L-ITG→R-pSTG,CEN→CEN,Kraków,eyes closed,alpha,0.12147874307977884
L-ITG→R-ITG,CEN→CEN,Kraków,eyes closed,alpha,0.29473853552314444
L-ITG→L-SUP,CEN→CEN,Kraków,eyes closed,alpha,0.31423475352422064
L-ITG→R-SUP,CEN→CEN,Kraków,eyes closed,alpha,0.4146321770918812
R-ITG→L-ACC,CEN→SN,Kraków,eyes closed,alpha,0.30972524071923657
R-ITG→R-ACC,CEN→SN,Kraków,eyes closed,alpha,0.37439009832459685
R-ITG→L-INS,CEN→SN,Kraków,eyes closed,alpha,0.1839107683951848
R-ITG→R-INS,CEN→SN,Kraków,eyes closed,alpha,-0.029046909989633843
R-ITG→L-IFG,CEN→DMN,Kraków,eyes closed,alpha,-0.060734448160143485
R-ITG→R-IFG,CEN→CEN,Kraków,eyes closed,alpha,0.28794961322614243
R-ITG→L-mPFC,CEN→DMN,Kraków,eyes closed,alpha,0.12273468661750604
R-ITG→R-mPFC,CEN→DMN,Kraków,eyes closed,alpha,0.1633924614523341
R-ITG→L-aSTG,CEN→DMN,Kraków,eyes closed,alpha,0.39020939825380513
R-ITG→R-aSTG,CEN→DMN,Kraków,eyes closed,alpha,0.2971334519846062
R-ITG→L-PREC,CEN→DMN,Kraków,eyes closed,alpha,0.3427514984661802
R-ITG→R-PREC,CEN→DMN,Kraków,eyes closed,alpha,0.15620778296773496
R-ITG→L-ANG,CEN→DMN,Kraków,eyes closed,alpha,0.27894246958524105
R-ITG→R-ANG,CEN→DMN,Kraków,eyes closed,alpha,0.43461445068667065
R-ITG→L-SFG,CEN→CEN,Kraków,eyes closed,alpha,-0.19918863762856526
R-ITG→R-SFG,CEN→CEN,Kraków,eyes closed,alpha,0.13488034676482882
R-ITG→L-pSTG,CEN→CEN,Kraków,eyes closed,alpha,0.1740122992212915
R-ITG→R-pSTG,CEN→CEN,Kraków,eyes closed,alpha,0.07698590304914714
R-ITG→L-ITG,CEN→CEN,Kraków,eyes closed,alpha,0.274451975106167
R-ITG→L-SUP,CEN→CEN,Kraków,eyes closed,alpha,0.15819299929208316
R-ITG→R-SUP,CEN→CEN,Kraków,eyes closed,alpha,0.3197163775166313
L-SUP→L-ACC,CEN→SN,Kraków,eyes closed,alpha,0.10546199952805545
L-SUP→R-ACC,CEN→SN,Kraków,eyes closed,alpha,-0.14487148356222354
L-SUP→L-INS,CEN→SN,Kraków,eyes closed,alpha,0.10798110495980341
L-SUP→R-INS,CEN→SN,Kraków,eyes closed,alpha,-0.17546929555968052
L-SUP→L-IFG,CEN→DMN,Kraków,eyes closed,alpha,0.12488920996743409
L-SUP→R-IFG,CEN→CEN,Kraków,eyes closed,alpha,0.2519559115728746
L-SUP→L-mPFC,CEN→DMN,Kraków,eyes closed,alpha,-0.10907949203469051
L-SUP→R-mPFC,CEN→DMN,Kraków,eyes closed,alpha,0.17286448820319406
L-SUP→L-aSTG,CEN→DMN,Kraków,eyes closed,alpha,0.10490693637264464
L-SUP→R-aSTG,CEN→DMN,Kraków,eyes closed,alpha,0.047046940752256586
L-SUP→L-PREC,CEN→DMN,Kraków,eyes closed,alpha,0.1529198993156804
L-SUP→R-PREC,CEN→DMN,Kraków,eyes closed,alpha,0.20481830434659193
L-SUP→L-ANG,CEN→DMN,Kraków,eyes closed,alpha,0.180164018590938
L-SUP→R-ANG,CEN→DMN,Kraków,eyes closed,alpha,0.256140933544953
L-SUP→L-SFG,CEN→CEN,Kraków,eyes closed,alpha,0.08492466277785517
L-SUP→R-SFG,CEN→CEN,Kraków,eyes closed,alpha,-0.24478285153617083
L-SUP→L-pSTG,CEN→CEN,Kraków,eyes closed,alpha,0.27426136848928256
L-SUP→R-pSTG,CEN→CEN,Kraków,eyes closed,alpha,0.16812847482776408
L-SUP→L-ITG,CEN→CEN,Kraków,eyes closed,alpha,0.3514675116774037
L-SUP→R-ITG,CEN→CEN,Kraków,eyes closed,alpha,0.13947559390641276
L-SUP→R-SUP,CEN→CEN,Kraków,eyes closed,alpha,0.053990552479901706
R-SUP→L-ACC,CEN→SN,Kraków,eyes closed,alpha,0.029046909989633843
R-SUP→R-ACC,CEN→SN,Kraków,eyes closed,alpha,-0.2244533953744433
R-SUP→L-INS,CEN→SN,Kraków,eyes closed,alpha,-0.042184799811222175
R-SUP→R-INS,CEN→SN,Kraków,eyes closed,alpha,-0.13947123479262052
R-SUP→L-IFG,CEN→DMN,Kraków,eyes closed,alpha,0.109902504771342
R-SUP→R-IFG,CEN→CEN,Kraków,eyes closed,alpha,0.04995568398697364
R-SUP→L-mPFC,CEN→DMN,Kraków,eyes closed,alpha,-0.08714072996890153
R-SUP→R-mPFC,CEN→DMN,Kraków,eyes closed,alpha,-0.0712969608836467
R-SUP→L-aSTG,CEN→DMN,Kraków,eyes closed,alpha,0.10599813844239159
R-SUP→R-aSTG,CEN→DMN,Kraków,eyes closed,alpha,0.1505158063099208
R-SUP→L-PREC,CEN→DMN,Kraków,eyes closed,alpha,0.2248005779413814
R-SUP→R-PREC,CEN→DMN,Kraków,eyes closed,alpha,0.1338923854009157
R-SUP→L-ANG,CEN→DMN,Kraków,eyes closed,alpha,0.03905194574193374
R-SUP→R-ANG,CEN→DMN,Kraków,eyes closed,alpha,0.2675847557117935
R-SUP→L-SFG,CEN→CEN,Kraków,eyes closed,alpha,-0.019982273594789456
R-SUP→R-SFG,CEN→CEN,Kraków,eyes closed,alpha,-0.26284874233636357
R-SUP→L-pSTG,CEN→CEN,Kraków,eyes closed,alpha,0.026365499882013862
R-SUP→R-pSTG,CEN→CEN,Kraków,eyes closed,alpha,-0.01115769878340964
R-SUP→L-ITG,CEN→CEN,Kraków,eyes closed,alpha,0.14237369936287486
R-SUP→R-ITG,CEN→CEN,Kraków,eyes closed,alpha,0.25709498148764787
R-SUP→L-SUP,CEN→CEN,Kraków,eyes closed,alpha,0.17751790062418157
L-ACC→R-ACC,SN→SN,Kraków,eyes closed,beta,0.175358389609087
L-ACC→L-INS,SN→SN,Kraków,eyes closed,beta,-0.14702018491632196
L-ACC→R-INS,SN→SN,Kraków,eyes closed,beta,-0.384658766699697
L-ACC→L-IFG,SN→DMN,Kraków,eyes closed,beta,-0.029938962296890553
L-ACC→R-IFG,SN→CEN,Kraków,eyes closed,beta,-0.09409388150451317
L-ACC→L-mPFC,SN→DMN,Kraków,eyes closed,beta,-0.18483603075180247
L-ACC→R-mPFC,SN→DMN,Kraków,eyes closed,beta,-0.28929778322244
L-ACC→L-aSTG,SN→DMN,Kraków,eyes closed,beta,-0.17097008285302207
L-ACC→R-aSTG,SN→DMN,Kraków,eyes closed,beta,-0.03839561051938023
L-ACC→L-PREC,SN→DMN,Kraków,eyes closed,beta,0.2719847026302078
L-ACC→R-PREC,SN→DMN,Kraków,eyes closed,beta,-0.19796535909297291
L-ACC→L-ANG,SN→DMN,Kraków,eyes closed,beta,-0.09991136797394728
L-ACC→R-ANG,SN→DMN,Kraków,eyes closed,beta,0.009991136797394728
L-ACC→L-SFG,SN→CEN,Kraków,eyes closed,beta,-0.017996850826633902
L-ACC→R-SFG,SN→CEN,Kraków,eyes closed,beta,-0.2249606353329238
L-ACC→L-pSTG,SN→CEN,Kraków,eyes closed,beta,0.08492466277785517
L-ACC→R-pSTG,SN→CEN,Kraków,eyes closed,beta,-0.004995568398697364
L-ACC→L-ITG,SN→CEN,Kraków,eyes closed,beta,0.11547885457372069
L-ACC→R-ITG,SN→CEN,Kraków,eyes closed,beta,-0.30972524071923657
L-ACC→L-SUP,SN→CEN,Kraków,eyes closed,beta,0.09484043965898194
L-ACC→R-SUP,SN→CEN,Kraków,eyes closed,beta,-0.06393618056830465
R-ACC→L-ACC,SN→SN,Kraków,eyes closed,beta,0.32844252758606873
R-ACC→L-INS,SN→SN,Kraków,eyes closed,beta,-0.13686382764292823
R-ACC→R-INS,SN→SN,Kraków,eyes closed,beta,-0.15392043470147415
R-ACC→L-IFG,SN→DMN,Kraków,eyes closed,beta,0.21384973069207538
R-ACC→R-IFG,SN→CEN,Kraków,eyes closed,beta,0.22674329898531922
R-ACC→L-mPFC,SN→DMN,Kraków,eyes closed,beta,-0.24187191712040068
R-ACC→R-mPFC,SN→DMN,Kraków,eyes closed,beta,-0.06639621254285509
R-ACC→L-aSTG,SN→DMN,Kraków,eyes closed,beta,0.13258683302908672
R-ACC→R-aSTG,SN→DMN,Kraków,eyes closed,beta,0.217575126276488
R-ACC→L-PREC,SN→DMN,Kraków,eyes closed,beta,0.019982273594789456
R-ACC→R-PREC,SN→DMN,Kraków,eyes closed,beta,-0.256140933544953
R-ACC→L-ANG,SN→DMN,Kraków,eyes closed,beta,0.12988477836613146
R-ACC→R-ANG,SN→DMN,Kraków,eyes closed,beta,0.06601570452189509
R-ACC→L-SFG,SN→CEN,Kraków,eyes closed,beta,-0.09898267954648646
R-ACC→R-SFG,SN→CEN,Kraków,eyes closed,beta,0.16346609926848596
R-ACC→L-pSTG,SN→CEN,Kraków,eyes closed,beta,0.1484740193197297
R-ACC→R-pSTG,SN→CEN,Kraków,eyes closed,beta,0.13497638119975428
R-ACC→L-ITG,SN→CEN,Kraków,eyes closed,beta,0.1927658572039337
R-ACC→R-ITG,SN→CEN,Kraków,eyes closed,beta,-0.12273468661750604
R-ACC→L-SUP,SN→CEN,Kraków,eyes closed,beta,-0.06393618056830465
R-ACC→R-SUP,SN→CEN,Kraków,eyes closed,beta,0.15985818875831564
L-INS→L-ACC,SN→SN,Kraków,eyes closed,beta,-0.01897034644081574
L-INS→R-ACC,SN→SN,Kraków,eyes closed,beta,-0.1619716574397051
L-INS→R-INS,SN→SN,Kraków,eyes closed,beta,-0.3462088225448872
L-INS→L-IFG,SN→DMN,Kraków,eyes closed,beta,0.41130179815941625
L-INS→R-IFG,SN→CEN,Kraków,eyes closed,beta,0.11754058649540682
L-INS→L-mPFC,SN→DMN,Kraków,eyes closed,beta,0.11603232769803436
L-INS→R-mPFC,SN→DMN,Kraków,eyes closed,beta,-0.2024645717996314
L-INS→L-aSTG,SN→DMN,Kraków,eyes closed,beta,-0.11856466525509837
L-INS→R-aSTG,SN→DMN,Kraków,eyes closed,beta,0.13497638119975428
L-INS→L-PREC,SN→DMN,Kraków,eyes closed,beta,0.0029535085014907874
L-INS→R-PREC,SN→DMN,Kraków,eyes closed,beta,-0.08492466277785517
L-INS→L-ANG,SN→DMN,Kraków,eyes closed,beta,0.08368274087557231
L-INS→R-ANG,SN→DMN,Kraków,eyes closed,beta,0.28929778322244
L-INS→L-SFG,SN→CEN,Kraków,eyes closed,beta,-0.10907949203469051
L-INS→R-SFG,SN→CEN,Kraków,eyes closed,beta,0.02497784199348682
L-INS→L-pSTG,SN→CEN,Kraków,eyes closed,beta,0.10182428757174444
L-INS→R-pSTG,SN→CEN,Kraków,eyes closed,beta,-0.2249606353329238
L-INS→L-ITG,SN→CEN,Kraków,eyes closed,beta,0.14227759830611802
L-INS→R-ITG,SN→CEN,Kraków,eyes closed,beta,-0.10826575541590795
L-INS→L-SUP,SN→CEN,Kraków,eyes closed,beta,-0.04499212706658475
L-INS→R-SUP,SN→CEN,Kraków,eyes closed,beta,-0.21815898406938103
R-INS→L-ACC,SN→SN,Kraków,eyes closed,beta,0.040492914359926274
R-INS→R-ACC,SN→SN,Kraków,eyes closed,beta,-0.06993795758176309
R-INS→L-INS,SN→SN,Kraków,eyes closed,beta,0.03905194574193374
R-INS→L-IFG,SN→DMN,Kraków,eyes closed,beta,0.13258683302908672
R-INS→R-IFG,SN→CEN,Kraków,eyes closed,beta,0.1242625304369271
R-INS→L-mPFC,SN→DMN,Kraków,eyes closed,beta,0.2248005779413814
R-INS→R-mPFC,SN→DMN,Kraków,eyes closed,beta,0.02845551966122361
R-INS→L-aSTG,SN→DMN,Kraków,eyes closed,beta,-0.18983159915049982
R-INS→R-aSTG,SN→DMN,Kraków,eyes closed,beta,0.3507135583350036
R-INS→L-PREC,SN→DMN,Kraków,eyes closed,beta,-0.042184799811222175
R-INS→R-PREC,SN→DMN,Kraków,eyes closed,beta,-0.07909649964604158
R-INS→L-ANG,SN→DMN,Kraków,eyes closed,beta,-0.029973410392184183
R-INS→R-ANG,SN→DMN,Kraków,eyes closed,beta,0.14918442132604418
R-INS→L-SFG,SN→CEN,Kraków,eyes closed,beta,0.06136734330875302
R-INS→R-SFG,SN→CEN,Kraków,eyes closed,beta,-0.02249606353329238
R-INS→L-pSTG,SN→CEN,Kraków,eyes closed,beta,0.029046909989633843
R-INS→R-pSTG,SN→CEN,Kraków,eyes closed,beta,-0.1603276704997367
R-INS→L-ITG,SN→CEN,Kraków,eyes closed,beta,0.30972524071923657
R-INS→R-ITG,SN→CEN,Kraków,eyes closed,beta,0.012830983841524521
R-INS→L-SUP,SN→CEN,Kraków,eyes closed,beta,-0.36611086048103264
R-INS→R-SUP,SN→CEN,Kraków,eyes closed,beta,-0.20040958812467086
L-IFG→L-ACC,DMN→SN,Kraków,eyes closed,beta,0.10656030094717442
L-IFG→R-ACC,DMN→SN,Kraków,eyes closed,beta,-0.1798404623531051
L-IFG→L-INS,DMN→SN,Kraków,eyes closed,beta,0.15650535813672986
L-IFG→R-INS,DMN→SN,Kraków,eyes closed,beta,-0.10656030094717442
L-IFG→R-IFG,DMN→CEN,Kraków,eyes closed,beta,0.0
L-IFG→L-mPFC,DMN→DMN,Kraków,eyes closed,beta,-0.21341639745917704
L-IFG→R-mPFC,DMN→DMN,Kraków,eyes closed,beta,-0.10546199952805545
L-IFG→L-aSTG,DMN→DMN,Kraków,eyes closed,beta,0.07428336299615156
L-IFG→R-aSTG,DMN→DMN,Kraków,eyes closed,beta,-0.01897034644081574
L-IFG→L-PREC,DMN→DMN,Kraków,eyes closed,beta,-0.1687391992448887
L-IFG→R-PREC,DMN→DMN,Kraków,eyes closed,beta,-0.3457065395150573
L-IFG→L-ANG,DMN→DMN,Kraków,eyes closed,beta,-0.04499212706658476
L-IFG→R-ANG,DMN→DMN,Kraków,eyes closed,beta,-0.07814422069459458
L-IFG→L-SFG,DMN→CEN,Kraków,eyes closed,beta,-0.30972524071923657
L-IFG→R-SFG,DMN→CEN,Kraków,eyes closed,beta,-0.49100349090544365
L-IFG→L-pSTG,DMN→CEN,Kraków,eyes closed,beta,0.12541218609153557
L-IFG→R-pSTG,DMN→CEN,Kraków,eyes closed,beta,-0.35095140915509115
L-IFG→L-ITG,DMN→CEN,Kraków,eyes closed,beta,0.10074907413892012
L-IFG→R-ITG,DMN→CEN,Kraków,eyes closed,beta,-0.22979614634007875
L-IFG→L-SUP,DMN→CEN,Kraków,eyes closed,beta,0.22945984803958225
L-IFG→R-SUP,DMN→CEN,Kraków,eyes closed,beta,-0.1802182911877495
R-IFG→L-ACC,CEN→SN,Kraków,eyes closed,beta,-0.029973410392184183
R-IFG→R-ACC,CEN→SN,Kraków,eyes closed,beta,-0.11989364156873673
R-IFG→L-INS,CEN→SN,Kraków,eyes closed,beta,0.06639621254285509
R-IFG→R-INS,CEN→SN,Kraków,eyes closed,beta,0.017996850826633902
R-IFG→L-IFG,CEN→DMN,Kraków,eyes closed,beta,0.13497638119975428
R-IFG→L-mPFC,CEN→DMN,Kraków,eyes closed,beta,-0.07382339966963881
R-IFG→R-mPFC,CEN→DMN,Kraków,eyes closed,beta,-0.12988477836613146
R-IFG→L-aSTG,CEN→DMN,Kraków,eyes closed,beta,0.10692486534603769
R-IFG→R-aSTG,CEN→DMN,Kraków,eyes closed,beta,0.03996454718957891
R-IFG→L-PREC,CEN→DMN,Kraków,eyes closed,beta,-0.24557842082144976
R-IFG→R-PREC,CEN→DMN,Kraków,eyes closed,beta,0.0278942469585241
R-IFG→L-ANG,CEN→DMN,Kraków,eyes closed,beta,0.08548504142651103
R-IFG→R-ANG,CEN→DMN,Kraków,eyes closed,beta,-0.14702018491632196
R-IFG→L-SFG,CEN→CEN,Kraków,eyes closed,beta,-0.30547286271523333
R-IFG→R-SFG,CEN→CEN,Kraków,eyes closed,beta,-0.33969865111142067
R-IFG→L-pSTG,CEN→CEN,Kraków,eyes closed,beta,0.13497638119975428
R-IFG→R-pSTG,CEN→CEN,Kraków,eyes closed,beta,-0.3896543350983944
R-IFG→L-ITG,CEN→CEN,Kraków,eyes closed,beta,0.05017193543664027
R-IFG→R-ITG,CEN→CEN,Kraków,eyes closed,beta,-0.10490693637264464
R-IFG→L-SUP,CEN→CEN,Kraków,eyes closed,beta,-0.04496011558827628
R-IFG→R-SUP,CEN→CEN,Kraków,eyes closed,beta,-0.2249606353329238
L-mPFC→L-ACC,DMN→SN,Kraków,eyes closed,beta,0.11489807317003937
L-mPFC→R-ACC,DMN→SN,Kraków,eyes closed,beta,-0.2086738108489731
L-mPFC→L-INS,DMN→SN,Kraków,eyes closed,beta,0.05920016719287467
L-mPFC→R-INS,DMN→SN,Kraków,eyes closed,beta,0.03691169983481941
L-mPFC→L-IFG,DMN→DMN,Kraków,eyes closed,beta,0.1304771684930958
L-mPFC→R-IFG,DMN→CEN,Kraków,eyes closed,beta,0.1529198993156804
L-mPFC→R-mPFC,DMN→DMN,Kraków,eyes closed,beta,0.0580040997404305
L-mPFC→L-aSTG,DMN→DMN,Kraków,eyes closed,beta,0.07515359554675158
L-mPFC→R-aSTG,DMN→DMN,Kraków,eyes closed,beta,0.1619716574397051
L-mPFC→L-PREC,DMN→DMN,Kraków,eyes closed,beta,0.23095770914744138
L-mPFC→R-PREC,DMN→DMN,Kraków,eyes closed,beta,0.15620778296773496
L-mPFC→L-ANG,DMN→DMN,Kraków,eyes closed,beta,0.18983159915049982
L-mPFC→R-ANG,DMN→DMN,Kraków,eyes closed,beta,0.17286448820319406
L-mPFC→L-SFG,DMN→CEN,Kraków,eyes closed,beta,0.0
L-mPFC→R-SFG,DMN→CEN,Kraków,eyes closed,beta,0.05994682078436837
L-mPFC→L-pSTG,DMN→CEN,Kraków,eyes closed,beta,0.3406962998119405
L-mPFC→R-pSTG,DMN→CEN,Kraków,eyes closed,beta,0.0
L-mPFC→L-ITG,DMN→CEN,Kraków,eyes closed,beta,-0.09491579957524991
L-mPFC→R-ITG,DMN→CEN,Kraków,eyes closed,beta,0.11989364156873673
L-mPFC→L-SUP,DMN→CEN,Kraków,eyes closed,beta,-0.1612479447469338
L-mPFC→R-SUP,DMN→CEN,Kraków,eyes closed,beta,0.1953993484215541
R-mPFC→L-ACC,DMN→SN,Kraków,eyes closed,beta,0.1948271675491972
R-mPFC→R-ACC,DMN→SN,Kraków,eyes closed,beta,0.03905194574193374
R-mPFC→L-INS,DMN→SN,Kraków,eyes closed,beta,-0.08288023407002454
R-mPFC→R-INS,DMN→SN,Kraków,eyes closed,beta,0.11022527346856899
R-mPFC→L-IFG,DMN→DMN,Kraków,eyes closed,beta,0.11120185995987919
R-mPFC→R-IFG,DMN→CEN,Kraków,eyes closed,beta,-0.18496087779795345
R-mPFC→L-mPFC,DMN→DMN,Kraków,eyes closed,beta,-0.03149448894660933
R-mPFC→L-aSTG,DMN→DMN,Kraków,eyes closed,beta,0.026365499882013862
R-mPFC→R-aSTG,DMN→DMN,Kraków,eyes closed,beta,0.0544641538174447
R-mPFC→L-PREC,DMN→DMN,Kraków,eyes closed,beta,0.17852318053455424
R-mPFC→R-PREC,DMN→DMN,Kraków,eyes closed,beta,0.08098582871985255
R-mPFC→L-ANG,DMN→DMN,Kraków,eyes closed,beta,0.09898267954648646
R-mPFC→R-ANG,DMN→DMN,Kraków,eyes closed,beta,0.24478285153617083
R-mPFC→L-SFG,DMN→CEN,Kraków,eyes closed,beta,-0.034968978790881546
R-mPFC→R-SFG,DMN→CEN,Kraków,eyes closed,beta,-0.09708827419631447
R-mPFC→L-pSTG,DMN→CEN,Kraków,eyes closed,beta,0.2847473987257497
R-mPFC→R-pSTG,DMN→CEN,Kraków,eyes closed,beta,-0.06298897789321865
R-mPFC→L-ITG,DMN→CEN,Kraków,eyes closed,beta,-0.044777366283964504
R-mPFC→R-ITG,DMN→CEN,Kraków,eyes closed,beta,-0.04499212706658475
R-mPFC→L-SUP,DMN→CEN,Kraków,eyes closed,beta,0.2865288092135134
R-mPFC→R-SUP,DMN→CEN,Kraków,eyes closed,beta,-0.10656030094717442
L-aSTG→L-ACC,DMN→SN,Kraków,eyes closed,beta,0.2244533953744433
L-aSTG→R-ACC,DMN→SN,Kraków,eyes closed,beta,0.07909649964604158
L-aSTG→L-INS,DMN→SN,Kraków,eyes closed,beta,0.19918863762856526
L-aSTG→R-INS,DMN→SN,Kraków,eyes closed,beta,0.06513311614051803
L-aSTG→L-IFG,DMN→DMN,Kraków,eyes closed,beta,0.07382339966963881
L-aSTG→R-IFG,DMN→CEN,Kraków,eyes closed,beta,0.047457899787624956
L-aSTG→L-mPFC,DMN→DMN,Kraków,eyes closed,beta,0.004995568398697364
L-aSTG→R-mPFC,DMN→DMN,Kraków,eyes closed,beta,-0.035520100315724806
L-aSTG→R-aSTG,DMN→DMN,Kraków,eyes closed,beta,0.3239433148794102
L-aSTG→L-PREC,DMN→DMN,Kraków,eyes closed,beta,0.24745669886621613
L-aSTG→R-PREC,DMN→DMN,Kraków,eyes closed,beta,0.1115769878340964
L-aSTG→L-ANG,DMN→DMN,Kraków,eyes closed,beta,-0.109902504771342
L-aSTG→R-ANG,DMN→DMN,Kraków,eyes closed,beta,0.4296188822879733
L-aSTG→L-SFG,DMN→CEN,Kraków,eyes closed,beta,0.07810389148386748
L-aSTG→R-SFG,DMN→CEN,Kraków,eyes closed,beta,-0.15819299929208316
L-aSTG→L-pSTG,DMN→CEN,Kraków,eyes closed,beta,0.10348189225314494
L-aSTG→R-pSTG,DMN→CEN,Kraków,eyes closed,beta,0.33568606010882374
L-aSTG→L-ITG,DMN→CEN,Kraków,eyes closed,beta,0.013203140904379018
L-aSTG→R-ITG,DMN→CEN,Kraków,eyes closed,beta,-0.16533791020285346
L-aSTG→L-SUP,DMN→CEN,Kraków,eyes closed,beta,-0.0765782172453983
L-aSTG→R-SUP,DMN→CEN,Kraków,eyes closed,beta,0.06867219394373462
R-aSTG→L-ACC,DMN→SN,Kraków,eyes closed,beta,0.1452345499481692
R-aSTG→R-ACC,DMN→SN,Kraków,eyes closed,beta,-0.2897429671244471
R-aSTG→L-INS,DMN→SN,Kraków,eyes closed,beta,-0.219805009542684
R-aSTG→R-INS,DMN→SN,Kraków,eyes closed,beta,-0.042769946138415074
R-aSTG→L-IFG,DMN→DMN,Kraków,eyes closed,beta,0.032488593516398656
R-aSTG→R-IFG,DMN→CEN,Kraków,eyes closed,beta,-0.16812847482776408
R-aSTG→L-mPFC,DMN→DMN,Kraków,eyes closed,beta,-0.13488034676482882
R-aSTG→R-mPFC,DMN→DMN,Kraków,eyes closed,beta,-0.07992909437915782
R-aSTG→L-aSTG,DMN→DMN,Kraków,eyes closed,beta,0.14487148356222354
R-aSTG→L-PREC,DMN→DMN,Kraków,eyes closed,beta,0.011840033438574935
R-aSTG→R-PREC,DMN→DMN,Kraków,eyes closed,beta,0.1953993484215541
R-aSTG→L-ANG,DMN→DMN,Kraków,eyes closed,beta,-0.1529198993156804
R-aSTG→R-ANG,DMN→DMN,Kraków,eyes closed,beta,0.2347917147387761
R-aSTG→L-SFG,DMN→CEN,Kraków,eyes closed,beta,-0.27232076908722347
R-aSTG→R-SFG,DMN→CEN,Kraków,eyes closed,beta,-0.05691103932244722
R-aSTG→L-pSTG,DMN→CEN,Kraków,eyes closed,beta,-0.13987591516352618
R-aSTG→R-pSTG,DMN→CEN,Kraków,eyes closed,beta,0.07493352598046045
R-aSTG→L-ITG,DMN→CEN,Kraków,eyes closed,beta,-0.11489807317003937
R-aSTG→R-ITG,DMN→CEN,Kraków,eyes closed,beta,-0.07814422069459458
R-aSTG→L-SUP,DMN→CEN,Kraków,eyes closed,beta,-0.14227759830611802
R-aSTG→R-SUP,DMN→CEN,Kraków,eyes closed,beta,-0.19654455508034394
L-PREC→L-ACC,DMN→SN,Kraków,eyes closed,beta,0.2703274367816243
L-PREC→R-ACC,DMN→SN,Kraków,eyes closed,beta,-0.025661967683049042
L-PREC→L-INS,DMN→SN,Kraków,eyes closed,beta,0.06298897789321865
L-PREC→R-INS,DMN→SN,Kraków,eyes closed,beta,-0.20957273607823387
L-PREC→L-IFG,DMN→DMN,Kraków,eyes closed,beta,-0.03149448894660933
L-PREC→R-IFG,DMN→CEN,Kraków,eyes closed,beta,0.17546929555968052
L-PREC→L-mPFC,DMN→DMN,Kraków,eyes closed,beta,0.0044992127066584755
L-PREC→R-mPFC,DMN→DMN,Kraków,eyes closed,beta,-0.17097008285302207
L-PREC→L-aSTG,DMN→DMN,Kraków,eyes closed,beta,0.2248005779413814
L-PREC→R-aSTG,DMN→DMN,Kraków,eyes closed,beta,0.36176606077998513
L-PREC→R-PREC,DMN→DMN,Kraków,eyes closed,beta,-0.15397180609829428
L-PREC→L-ANG,DMN→DMN,Kraków,eyes closed,beta,0.3047296723205392
L-PREC→R-ANG,DMN→DMN,Kraków,eyes closed,beta,0.39545711684840285
L-PREC→L-SFG,DMN→CEN,Kraków,eyes closed,beta,-0.12128129945726378
L-PREC→R-SFG,DMN→CEN,Kraków,eyes closed,beta,0.09959431881428263
L-PREC→L-pSTG,DMN→CEN,Kraków,eyes closed,beta,0.2039312242387692
L-PREC→R-pSTG,DMN→CEN,Kraków,eyes closed,beta,-0.06012287643740127
L-PREC→L-ITG,DMN→CEN,Kraków,eyes closed,beta,0.0765782172453983
L-PREC→R-ITG,DMN→CEN,Kraków,eyes closed,beta,0.06897740849642645
L-PREC→L-SUP,DMN→CEN,Kraków,eyes closed,beta,0.28455519661223605
L-PREC→R-SUP,DMN→CEN,Kraków,eyes closed,beta,0.01710797845536603
R-PREC→L-ACC,DMN→SN,Kraków,eyes closed,beta,0.019982273594789456
R-PREC→R-ACC,DMN→SN,Kraków,eyes closed,beta,0.24049150574960507
R-PREC→L-INS,DMN→SN,Kraków,eyes closed,beta,0.1619716574397051
R-PREC→R-INS,DMN→SN,Kraków,eyes closed,beta,0.01657604681400491
R-PREC→L-IFG,DMN→DMN,Kraków,eyes closed,beta,0.013497638119975426
R-PREC→R-IFG,DMN→CEN,Kraków,eyes closed,beta,-0.10348189225314494
R-PREC→L-mPFC,DMN→DMN,Kraków,eyes closed,beta,0.0641549192076226
R-PREC→R-mPFC,DMN→DMN,Kraków,eyes closed,beta,-0.061653625932651154
R-PREC→L-aSTG,DMN→DMN,Kraków,eyes closed,beta,0.06843191382146412
R-PREC→R-aSTG,DMN→DMN,Kraków,eyes closed,beta,0.34592229169473027
R-PREC→L-PREC,DMN→DMN,Kraków,eyes closed,beta,0.12403284380140371
R-PREC→L-ANG,DMN→DMN,Kraków,eyes closed,beta,0.4659522923898598
R-PREC→R-ANG,DMN→DMN,Kraków,eyes closed,beta,0.22979614634007875
R-PREC→L-SFG,DMN→CEN,Kraków,eyes closed,beta,0.17996850826633903
R-PREC→R-SFG,DMN→CEN,Kraków,eyes closed,beta,-0.18896693367965595
R-PREC→L-pSTG,DMN→CEN,Kraków,eyes closed,beta,0.23443266208378374
R-PREC→R-pSTG,DMN→CEN,Kraków,eyes closed,beta,0.20696378450628988
R-PREC→L-ITG,DMN→CEN,Kraków,eyes closed,beta,0.1633924614523341
R-PREC→R-ITG,DMN→CEN,Kraków,eyes closed,beta,0.1498670519609209
R-PREC→L-SUP,DMN→CEN,Kraków,eyes closed,beta,0.03996454718957891
R-PREC→R-SUP,DMN→CEN,Kraków,eyes closed,beta,0.08992023117655255
L-ANG→L-ACC,DMN→SN,Kraków,eyes closed,beta,0.2086738108489731
L-ANG→R-ACC,DMN→SN,Kraków,eyes closed,beta,-0.1498670519609209
L-ANG→L-INS,DMN→SN,Kraków,eyes closed,beta,0.2817927958380834
L-ANG→R-INS,DMN→SN,Kraków,eyes closed,beta,-0.12550435444889432
L-ANG→L-IFG,DMN→DMN,Kraków,eyes closed,beta,0.04949133977324323
L-ANG→R-IFG,DMN→CEN,Kraków,eyes closed,beta,0.012830983841524521
L-ANG→L-mPFC,DMN→DMN,Kraków,eyes closed,beta,-0.13987591516352618
L-ANG→R-mPFC,DMN→DMN,Kraków,eyes closed,beta,-0.21043006753090443
L-ANG→L-aSTG,DMN→DMN,Kraków,eyes closed,beta,0.13488034676482882
L-ANG→R-aSTG,DMN→DMN,Kraków,eyes closed,beta,0.2347917147387761
L-ANG→L-PREC,DMN→DMN,Kraków,eyes closed,beta,0.17852318053455424
L-ANG→R-PREC,DMN→DMN,Kraków,eyes closed,beta,-0.04025611369115478
L-ANG→R-ANG,DMN→DMN,Kraków,eyes closed,beta,0.3896543350983944
L-ANG→L-SFG,DMN→CEN,Kraków,eyes closed,beta,-0.14702018491632196
L-ANG→R-SFG,DMN→CEN,Kraków,eyes closed,beta,0.04499212706658475
L-ANG→L-pSTG,DMN→CEN,Kraków,eyes closed,beta,0.15976611056176343
L-ANG→R-pSTG,DMN→CEN,Kraków,eyes closed,beta,-0.20696378450628988
L-ANG→L-ITG,DMN→CEN,Kraków,eyes closed,beta,-0.010546199952805544
L-ANG→R-ITG,DMN→CEN,Kraków,eyes closed,beta,0.10490693637264464
L-ANG→L-SUP,DMN→CEN,Kraków,eyes closed,beta,0.2138908826509401
L-ANG→R-SUP,DMN→CEN,Kraków,eyes closed,beta,0.01897034644081574
R-ANG→L-ACC,DMN→SN,Kraków,eyes closed,beta,-0.02497784199348682
R-ANG→R-ACC,DMN→SN,Kraków,eyes closed,beta,-0.05020964452534338
R-ANG→L-INS,DMN→SN,Kraków,eyes closed,beta,-0.2024645717996314
R-ANG→R-INS,DMN→SN,Kraków,eyes closed,beta,-0.33198106271427547
R-ANG→L-IFG,DMN→DMN,Kraków,eyes closed,beta,0.053990552479901706
R-ANG→R-IFG,DMN→CEN,Kraków,eyes closed,beta,-0.16812847482776408
R-ANG→L-mPFC,DMN→DMN,Kraków,eyes closed,beta,-0.06136734330875302
R-ANG→R-mPFC,DMN→DMN,Kraków,eyes closed,beta,-0.19804711356568527
R-ANG→L-aSTG,DMN→DMN,Kraków,eyes closed,beta,-0.13947123479262052
R-ANG→R-aSTG,DMN→DMN,Kraków,eyes closed,beta,0.07383771253726967
R-ANG→L-PREC,DMN→DMN,Kraków,eyes closed,beta,0.08436959962244435
R-ANG→R-PREC,DMN→DMN,Kraków,eyes closed,beta,-0.12128129945726378
R-ANG→L-ANG,DMN→DMN,Kraków,eyes closed,beta,-0.26558485017142036
R-ANG→L-SFG,DMN→CEN,Kraków,eyes closed,beta,-0.15486262035961829
R-ANG→R-SFG,DMN→CEN,Kraków,eyes closed,beta,-0.18220334448043043
R-ANG→L-pSTG,DMN→CEN,Kraków,eyes closed,beta,0.06156887864045119
R-ANG→R-pSTG,DMN→CEN,Kraków,eyes closed,beta,0.004276994613841507
R-ANG→L-ITG,DMN→CEN,Kraków,eyes closed,beta,-0.01897034644081574
R-ANG→R-ITG,DMN→CEN,Kraków,eyes closed,beta,-0.034968978790881546
R-ANG→L-SUP,DMN→CEN,Kraków,eyes closed,beta,-0.1948271675491972
R-ANG→R-SUP,DMN→CEN,Kraków,eyes closed,beta,-0.03347309635022892
L-SFG→L-ACC,CEN→SN,Kraków,eyes closed,beta,0.17286448820319406
L-SFG→R-ACC,CEN→SN,Kraków,eyes closed,beta,-0.026995276239950853
L-SFG→L-INS,CEN→SN,Kraków,eyes closed,beta,0.10182428757174444
L-SFG→R-INS,CEN→SN,Kraków,eyes closed,beta,-0.17097008285302207
L-SFG→L-IFG,CEN→DMN,Kraków,eyes closed,beta,0.08368274087557231
L-SFG→R-IFG,CEN→CEN,Kraków,eyes closed,beta,0.1444484079506142
L-SFG→L-mPFC,CEN→DMN,Kraków,eyes closed,beta,-0.14505008418432533
L-SFG→R-mPFC,CEN→DMN,Kraków,eyes closed,beta,0.15392043470147415
L-SFG→L-aSTG,CEN→DMN,Kraków,eyes closed,beta,0.21596220991960682
L-SFG→R-aSTG,CEN→DMN,Kraków,eyes closed,beta,0.06327719971683327
L-SFG→L-PREC,CEN→DMN,Kraków,eyes closed,beta,-0.03347309635022892
L-SFG→R-PREC,CEN→DMN,Kraków,eyes closed,beta,0.08998425413316952
L-SFG→L-ANG,CEN→DMN,Kraków,eyes closed,beta,-0.00557884939170482
L-SFG→R-ANG,CEN→DMN,Kraków,eyes closed,beta,0.31423475352422064
L-SFG→R-SFG,CEN→CEN,Kraków,eyes closed,beta,-0.019982273594789456
L-SFG→L-pSTG,CEN→CEN,Kraków,eyes closed,beta,0.06748819059987714
L-SFG→R-pSTG,CEN→CEN,Kraków,eyes closed,beta,-0.16599053135713773
L-SFG→L-ITG,CEN→CEN,Kraków,eyes closed,beta,0.12831353600921086
L-SFG→R-ITG,CEN→CEN,Kraków,eyes closed,beta,-0.09491579957524991
L-SFG→L-SUP,CEN→CEN,Kraków,eyes closed,beta,-0.09491579957524991
L-SFG→R-SUP,CEN→CEN,Kraków,eyes closed,beta,-0.035993701653267804
R-SFG→L-ACC,CEN→SN,Kraków,eyes closed,beta,0.05691103932244722
R-SFG→R-ACC,CEN→SN,Kraków,eyes closed,beta,-0.019982273594789456
R-SFG→L-INS,CEN→SN,Kraków,eyes closed,beta,0.1304771684930958
R-SFG→R-INS,CEN→SN,Kraków,eyes closed,beta,-0.1505158063099208
R-SFG→L-IFG,CEN→DMN,Kraków,eyes closed,beta,0.14114082225676974
R-SFG→R-IFG,CEN→CEN,Kraków,eyes closed,beta,0.009991136797394728
R-SFG→L-mPFC,CEN→DMN,Kraków,eyes closed,beta,-0.10798110495980341
R-SFG→R-mPFC,CEN→DMN,Kraków,eyes closed,beta,-0.14487148356222354
R-SFG→L-aSTG,CEN→DMN,Kraków,eyes closed,beta,-0.12655439943366653
R-SFG→R-aSTG,CEN→DMN,Kraków,eyes closed,beta,0.2647651251309603
R-SFG→L-PREC,CEN→DMN,Kraków,eyes closed,beta,0.23845827345289922
R-SFG→R-PREC,CEN→DMN,Kraków,eyes closed,beta,0.17760050157862403
R-SFG→L-ANG,CEN→DMN,Kraków,eyes closed,beta,-0.0029535085014907874
R-SFG→R-ANG,CEN→DMN,Kraków,eyes closed,beta,0.14397480661307122
R-SFG→L-SFG,CEN→CEN,Kraków,eyes closed,beta,0.1293907808629144
R-SFG→L-pSTG,CEN→CEN,Kraków,eyes closed,beta,0.1444484079506142
R-SFG→R-pSTG,CEN→CEN,Kraków,eyes closed,beta,0.0044992127066584755
R-SFG→L-ITG,CEN→CEN,Kraków,eyes closed,beta,0.1529198993156804
R-SFG→R-ITG,CEN→CEN,Kraków,eyes closed,beta,0.26995276239950855
R-SFG→L-SUP,CEN→CEN,Kraków,eyes closed,beta,0.06393618056830465
R-SFG→R-SUP,CEN→CEN,Kraków,eyes closed,beta,0.1452345499481692
L-pSTG→L-ACC,CEN→SN,Kraków,eyes closed,beta,0.0071040200631449614
L-pSTG→R-ACC,CEN→SN,Kraków,eyes closed,beta,-0.026365499882013862
L-pSTG→L-INS,CEN→SN,Kraków,eyes closed,beta,-0.06867219394373462
L-pSTG→R-INS,CEN→SN,Kraków,eyes closed,beta,-0.15985818875831564
L-pSTG→L-IFG,CEN→DMN,Kraków,eyes closed,beta,0.08992023117655255
L-pSTG→R-IFG,CEN→CEN,Kraków,eyes closed,beta,0.07648661601319408
L-pSTG→L-mPFC,CEN→DMN,Kraków,eyes closed,beta,-0.2086738108489731
L-pSTG→R-mPFC,CEN→DMN,Kraków,eyes closed,beta,-0.16635957539517562
L-pSTG→L-aSTG,CEN→DMN,Kraków,eyes closed,beta,-0.13488034676482882
L-pSTG→R-aSTG,CEN→DMN,Kraków,eyes closed,beta,0.12655439943366653
L-pSTG→L-PREC,CEN→DMN,Kraków,eyes closed,beta,-0.03996454718957891
L-pSTG→R-PREC,CEN→DMN,Kraków,eyes closed,beta,-0.256140933544953
L-pSTG→L-ANG,CEN→DMN,Kraków,eyes closed,beta,-0.10041928905068676
L-pSTG→R-ANG,CEN→DMN,Kraków,eyes closed,beta,0.2703274367816243
L-pSTG→L-SFG,CEN→CEN,Kraków,eyes closed,beta,-0.17294433114284943
L-pSTG→R-SFG,CEN→CEN,Kraków,eyes closed,beta,-0.05611666152832495
L-pSTG→R-pSTG,CEN→CEN,Kraków,eyes closed,beta,-0.0915587635462144
L-pSTG→L-ITG,CEN→CEN,Kraków,eyes closed,beta,-0.18970346440815739
L-pSTG→R-ITG,CEN→CEN,Kraków,eyes closed,beta,-0.04025611369115478
L-pSTG→L-SUP,CEN→CEN,Kraków,eyes closed,beta,0.12488920996743409
L-pSTG→R-SUP,CEN→CEN,Kraków,eyes closed,beta,-0.15062893357603013
R-pSTG→L-ACC,CEN→SN,Kraków,eyes closed,beta,0.4884864208510053
R-pSTG→R-ACC,CEN→SN,Kraków,eyes closed,beta,0.11697953037312035
R-pSTG→L-INS,CEN→SN,Kraków,eyes closed,beta,0.17546929555968052
R-pSTG→R-INS,CEN→SN,Kraków,eyes closed,beta,0.04972814044201473
R-pSTG→L-IFG,CEN→DMN,Kraków,eyes closed,beta,0.41130179815941625
R-pSTG→R-IFG,CEN→CEN,Kraków,eyes closed,beta,0.17760050157862403
R-pSTG→L-mPFC,CEN→DMN,Kraków,eyes closed,beta,0.12655439943366653
R-pSTG→R-mPFC,CEN→DMN,Kraków,eyes closed,beta,0.18483603075180247
R-pSTG→L-aSTG,CEN→DMN,Kraków,eyes closed,beta,0.5027141806816171
R-pSTG→R-aSTG,CEN→DMN,Kraków,eyes closed,beta,0.4238731971009827
R-pSTG→L-PREC,CEN→DMN,Kraków,eyes closed,beta,0.12330725186530231
R-pSTG→R-PREC,CEN→DMN,Kraków,eyes closed,beta,0.33969865111142067
R-pSTG→L-ANG,CEN→DMN,Kraków,eyes closed,beta,0.36517916898570296
R-pSTG→R-ANG,CEN→DMN,Kraków,eyes closed,beta,0.5264078866790416
R-pSTG→L-SFG,CEN→CEN,Kraków,eyes closed,beta,0.2024645717996314
R-pSTG→R-SFG,CEN→CEN,Kraków,eyes closed,beta,0.08761624744545451
R-pSTG→L-pSTG,CEN→CEN,Kraków,eyes closed,beta,0.2519559115728746
R-pSTG→L-ITG,CEN→CEN,Kraków,eyes closed,beta,0.5912082849677791
R-pSTG→R-ITG,CEN→CEN,Kraków,eyes closed,beta,0.22764415728978887
R-pSTG→L-SUP,CEN→CEN,Kraków,eyes closed,beta,0.2347917147387761
R-pSTG→R-SUP,CEN→CEN,Kraków,eyes closed,beta,0.3596809247062102
L-ITG→L-ACC,CEN→SN,Kraków,eyes closed,beta,0.22969664870835377
L-ITG→R-ACC,CEN→SN,Kraków,eyes closed,beta,0.25811272896093357
L-ITG→L-INS,CEN→SN,Kraków,eyes closed,beta,0.25838189884373586
L-ITG→R-INS,CEN→SN,Kraków,eyes closed,beta,0.07992909437915782
L-ITG→L-IFG,CEN→DMN,Kraków,eyes closed,beta,0.055453191798391886
L-ITG→R-IFG,CEN→CEN,Kraków,eyes closed,beta,0.3007368493398033
L-ITG→L-mPFC,CEN→DMN,Kraków,eyes closed,beta,-0.034968978790881546
L-ITG→R-mPFC,CEN→DMN,Kraków,eyes closed,beta,0.019982273594789456
L-ITG→L-aSTG,CEN→DMN,Kraków,eyes closed,beta,-0.1603276704997367
L-ITG→R-aSTG,CEN→DMN,Kraków,eyes closed,beta,0.19796535909297291
L-ITG→L-PREC,CEN→DMN,Kraków,eyes closed,beta,0.23916867545921372
L-ITG→R-PREC,CEN→DMN,Kraków,eyes closed,beta,0.21199627688478317
L-ITG→L-ANG,CEN→DMN,Kraków,eyes closed,beta,-0.07909649964604158
L-ITG→R-ANG,CEN→DMN,Kraków,eyes closed,beta,0.2794742987493469
L-ITG→L-SFG,CEN→CEN,Kraków,eyes closed,beta,-0.12410952450116279
L-ITG→R-SFG,CEN→CEN,Kraków,eyes closed,beta,-0.035993701653267804
L-ITG→L-pSTG,CEN→CEN,Kraków,eyes closed,beta,-0.09991136797394728
L-ITG→R-pSTG,CEN→CEN,Kraków,eyes closed,beta,0.07588138576326296
L-ITG→R-ITG,CEN→CEN,Kraków,eyes closed,beta,0.25477398833356557
L-ITG→L-SUP,CEN→CEN,Kraków,eyes closed,beta,0.24557842082144976
L-ITG→R-SUP,CEN→CEN,Kraków,eyes closed,beta,0.23916867545921372
R-ITG→L-ACC,CEN→SN,Kraków,eyes closed,beta,0.26995276239950855
R-ITG→R-ACC,CEN→SN,Kraków,eyes closed,beta,0.34194016570604413
R-ITG→L-INS,CEN→SN,Kraków,eyes closed,beta,0.06393618056830465
R-ITG→R-INS,CEN→SN,Kraków,eyes closed,beta,0.01710797845536603
R-ITG→L-IFG,CEN→DMN,Kraków,eyes closed,beta,0.035993701653267804
R-ITG→R-IFG,CEN→CEN,Kraków,eyes closed,beta,-0.1484740193197297
R-ITG→L-mPFC,CEN→DMN,Kraków,eyes closed,beta,0.08288023407002454
R-ITG→R-mPFC,CEN→DMN,Kraków,eyes closed,beta,0.06327719971683327
R-ITG→L-aSTG,CEN→DMN,Kraków,eyes closed,beta,-0.1952597287096687
R-ITG→R-aSTG,CEN→DMN,Kraków,eyes closed,beta,0.17097008285302207
R-ITG→L-PREC,CEN→DMN,Kraków,eyes closed,beta,0.23989052384330728
R-ITG→R-PREC,CEN→DMN,Kraków,eyes closed,beta,0.004742586610203935
R-ITG→L-ANG,CEN→DMN,Kraków,eyes closed,beta,0.13971239457518422
R-ITG→R-ANG,CEN→DMN,Kraków,eyes closed,beta,0.5310854085303779
R-ITG→L-SFG,CEN→CEN,Kraków,eyes closed,beta,0.12076834107346433
R-ITG→R-SFG,CEN→CEN,Kraków,eyes closed,beta,-0.08126289766298865
R-ITG→L-pSTG,CEN→CEN,Kraków,eyes closed,beta,0.23845827345289922
R-ITG→R-pSTG,CEN→CEN,Kraków,eyes closed,beta,-0.19804711356568527
R-ITG→L-ITG,CEN→CEN,Kraków,eyes closed,beta,0.2098138727452893
R-ITG→L-SUP,CEN→CEN,Kraków,eyes closed,beta,-0.1124803176664619
R-ITG→R-SUP,CEN→CEN,Kraków,eyes closed,beta,0.013497638119975426
L-SUP→L-ACC,CEN→SN,Kraków,eyes closed,beta,0.25135709034080855
L-SUP→R-ACC,CEN→SN,Kraków,eyes closed,beta,0.09770324269240473
L-SUP→L-INS,CEN→SN,Kraków,eyes closed,beta,0.26976069352965765
L-SUP→R-INS,CEN→SN,Kraków,eyes closed,beta,-0.15397180609829428
L-SUP→L-IFG,CEN→DMN,Kraków,eyes closed,beta,0.3239433148794102
L-SUP→R-IFG,CEN→CEN,Kraków,eyes closed,beta,0.12988477836613146
L-SUP→L-mPFC,CEN→DMN,Kraków,eyes closed,beta,-0.1304771684930958
L-SUP→R-mPFC,CEN→DMN,Kraków,eyes closed,beta,0.06393618056830465
L-SUP→L-aSTG,CEN→DMN,Kraków,eyes closed,beta,0.17760050157862403
L-SUP→R-aSTG,CEN→DMN,Kraków,eyes closed,beta,0.03794069288163148
L-SUP→L-PREC,CEN→DMN,Kraków,eyes closed,beta,0.3807782174368746
L-SUP→R-PREC,CEN→DMN,Kraków,eyes closed,beta,0.32471194591532865
L-SUP→L-ANG,CEN→DMN,Kraków,eyes closed,beta,0.1740122992212915
L-SUP→R-ANG,CEN→DMN,Kraków,eyes closed,beta,0.19654455508034394
L-SUP→L-SFG,CEN→CEN,Kraków,eyes closed,beta,0.30352554305305185
L-SUP→R-SFG,CEN→CEN,Kraków,eyes closed,beta,-0.047457899787624956
L-SUP→L-pSTG,CEN→CEN,Kraków,eyes closed,beta,0.21548860858206384
L-SUP→R-pSTG,CEN→CEN,Kraków,eyes closed,beta,0.16984932555571033
L-SUP→L-ITG,CEN→CEN,Kraków,eyes closed,beta,0.1948271675491972
L-SUP→R-ITG,CEN→CEN,Kraków,eyes closed,beta,-0.019982273594789456
L-SUP→R-SUP,CEN→CEN,Kraków,eyes closed,beta,0.03149448894660933
R-SUP→L-ACC,CEN→SN,Kraków,eyes closed,beta,0.2794742987493469
R-SUP→R-ACC,CEN→SN,Kraków,eyes closed,beta,-0.2510482226267169
R-SUP→L-INS,CEN→SN,Kraków,eyes closed,beta,-0.09235226082088449
R-SUP→R-INS,CEN→SN,Kraków,eyes closed,beta,-0.29010016836865066
R-SUP→L-IFG,CEN→DMN,Kraków,eyes closed,beta,-0.01657604681400491
R-SUP→R-IFG,CEN→CEN,Kraków,eyes closed,beta,-0.03078408694029483
R-SUP→L-mPFC,CEN→DMN,Kraków,eyes closed,beta,-0.24029716445969815
R-SUP→R-mPFC,CEN→DMN,Kraków,eyes closed,beta,-0.2997341039218418
R-SUP→L-aSTG,CEN→DMN,Kraków,eyes closed,beta,0.16984932555571033
R-SUP→R-aSTG,CEN→DMN,Kraków,eyes closed,beta,0.15392043470147415
R-SUP→L-PREC,CEN→DMN,Kraków,eyes closed,beta,0.1371005993864721
R-SUP→R-PREC,CEN→DMN,Kraków,eyes closed,beta,0.04496011558827628
R-SUP→L-ANG,CEN→DMN,Kraków,eyes closed,beta,0.09491579957524991
R-SUP→R-ANG,CEN→DMN,Kraków,eyes closed,beta,0.48956570307234165
R-SUP→L-SFG,CEN→CEN,Kraków,eyes closed,beta,-0.051323935366098083
R-SUP→R-SFG,CEN→CEN,Kraków,eyes closed,beta,-0.11989364156873673
R-SUP→L-pSTG,CEN→CEN,Kraków,eyes closed,beta,-0.2426077975197148
R-SUP→R-pSTG,CEN→CEN,Kraków,eyes closed,beta,-0.04489067907488867
R-SUP→L-ITG,CEN→CEN,Kraków,eyes closed,beta,0.1612479447469338
R-SUP→R-ITG,CEN→CEN,Kraków,eyes closed,beta,0.03078408694029483
R-SUP→L-SUP,CEN→CEN,Kraków,eyes closed,beta,0.06843191382146412
L-ACC→R-ACC,SN→SN,Kraków,eyes closed,delta,0.1612479447469338
L-ACC→L-INS,SN→SN,Kraków,eyes closed,delta,-0.20693010705103362
L-ACC→R-INS,SN→SN,Kraków,eyes closed,delta,-0.4742021982949097
L-ACC→L-IFG,SN→DMN,Kraków,eyes closed,delta,0.28929778322244
L-ACC→R-IFG,SN→CEN,Kraków,eyes closed,delta,-0.07113879915305901
L-ACC→L-mPFC,SN→DMN,Kraków,eyes closed,delta,-0.39964547189578914
L-ACC→R-mPFC,SN→DMN,Kraków,eyes closed,delta,-0.23095770914744138
L-ACC→L-aSTG,SN→DMN,Kraków,eyes closed,delta,-0.06867219394373462
L-ACC→R-aSTG,SN→DMN,Kraków,eyes closed,delta,0.06993795758176309
L-ACC→L-PREC,SN→DMN,Kraków,eyes closed,delta,0.20860962628918853
L-ACC→R-PREC,SN→DMN,Kraków,eyes closed,delta,-0.13497638119975428
L-ACC→L-ANG,SN→DMN,Kraków,eyes closed,delta,-0.2908356337412225
L-ACC→R-ANG,SN→DMN,Kraków,eyes closed,delta,-0.02497784199348682
L-ACC→L-SFG,SN→CEN,Kraków,eyes closed,delta,0.0
L-ACC→R-SFG,SN→CEN,Kraków,eyes closed,delta,-0.13947559390641276
L-ACC→L-pSTG,SN→CEN,Kraków,eyes closed,delta,0.08964269959884713
L-ACC→R-pSTG,SN→CEN,Kraków,eyes closed,delta,-0.17484489395440772
L-ACC→L-ITG,SN→CEN,Kraków,eyes closed,delta,0.13947559390641276
L-ACC→R-ITG,SN→CEN,Kraków,eyes closed,delta,-0.24390468883464364
L-ACC→L-SUP,SN→CEN,Kraków,eyes closed,delta,0.20860962628918853
L-ACC→R-SUP,SN→CEN,Kraków,eyes closed,delta,0.29839098443896583
R-ACC→L-ACC,SN→SN,Kraków,eyes closed,delta,0.1633924614523341
R-ACC→L-INS,SN→SN,Kraków,eyes closed,delta,-0.04972814044201473
R-ACC→R-INS,SN→SN,Kraków,eyes closed,delta,-0.4600309011897817
R-ACC→L-IFG,SN→DMN,Kraków,eyes closed,delta,0.07648661601319408
R-ACC→R-IFG,SN→CEN,Kraków,eyes closed,delta,-0.034968978790881546
R-ACC→L-mPFC,SN→DMN,Kraków,eyes closed,delta,0.06694619270045785
R-ACC→R-mPFC,SN→DMN,Kraków,eyes closed,delta,-0.17484489395440772
R-ACC→L-aSTG,SN→DMN,Kraków,eyes closed,delta,-0.11856466525509837
R-ACC→R-aSTG,SN→DMN,Kraków,eyes closed,delta,0.039609422713137055
R-ACC→L-PREC,SN→DMN,Kraków,eyes closed,delta,0.3983772752571305
R-ACC→R-PREC,SN→DMN,Kraków,eyes closed,delta,-0.06855029969323605
R-ACC→L-ANG,SN→DMN,Kraków,eyes closed,delta,0.19788506959988272
R-ACC→R-ANG,SN→DMN,Kraków,eyes closed,delta,-0.11489807317003937
R-ACC→L-SFG,SN→CEN,Kraków,eyes closed,delta,0.23501590809794656
R-ACC→R-SFG,SN→CEN,Kraków,eyes closed,delta,-0.04949133977324323
R-ACC→L-pSTG,SN→CEN,Kraków,eyes closed,delta,-0.014986705196092092
R-ACC→R-pSTG,SN→CEN,Kraków,eyes closed,delta,-0.034968978790881546
R-ACC→L-ITG,SN→CEN,Kraków,eyes closed,delta,0.37940692881631477
R-ACC→R-ITG,SN→CEN,Kraków,eyes closed,delta,-0.01673654817511446
R-ACC→L-SUP,SN→CEN,Kraków,eyes closed,delta,-0.0734082073191646
R-ACC→R-SUP,SN→CEN,Kraków,eyes closed,delta,-0.051323935366098083
L-INS→L-ACC,SN→SN,Kraków,eyes closed,delta,0.015819299929208316
L-INS→R-ACC,SN→SN,Kraków,eyes closed,delta,0.13686382764292823
L-INS→R-INS,SN→SN,Kraków,eyes closed,delta,-0.15392043470147415
L-INS→L-IFG,SN→DMN,Kraków,eyes closed,delta,0.0071040200631449614
L-INS→R-IFG,SN→CEN,Kraków,eyes closed,delta,0.12700086556410384
L-INS→L-mPFC,SN→DMN,Kraków,eyes closed,delta,-0.029046909989633843
L-INS→R-mPFC,SN→DMN,Kraków,eyes closed,delta,0.22873282505989764
L-INS→L-aSTG,SN→DMN,Kraków,eyes closed,delta,0.24550174545272183
L-INS→R-aSTG,SN→DMN,Kraków,eyes closed,delta,0.06393618056830465
L-INS→L-PREC,SN→DMN,Kraków,eyes closed,delta,0.0544641538174447
L-INS→R-PREC,SN→DMN,Kraków,eyes closed,delta,-0.22945984803958225
L-INS→L-ANG,SN→DMN,Kraków,eyes closed,delta,0.08436959962244435
L-INS→R-ANG,SN→DMN,Kraków,eyes closed,delta,0.054951252385671
L-INS→L-SFG,SN→CEN,Kraków,eyes closed,delta,-0.04995568398697364
L-INS→R-SFG,SN→CEN,Kraków,eyes closed,delta,-0.23989052384330728
L-INS→L-pSTG,SN→CEN,Kraków,eyes closed,delta,0.09491579957524991
L-INS→R-pSTG,SN→CEN,Kraków,eyes closed,delta,0.14702018491632196
L-INS→L-ITG,SN→CEN,Kraków,eyes closed,delta,0.09235226082088449
L-INS→R-ITG,SN→CEN,Kraków,eyes closed,delta,-0.29473853552314444
L-INS→L-SUP,SN→CEN,Kraków,eyes closed,delta,-0.04499212706658476
L-INS→R-SUP,SN→CEN,Kraków,eyes closed,delta,-0.24745669886621613
R-INS→L-ACC,SN→SN,Kraków,eyes closed,delta,-0.2609543369861916
R-INS→R-ACC,SN→SN,Kraków,eyes closed,delta,0.30784439320225593
R-INS→L-INS,SN→SN,Kraków,eyes closed,delta,0.12109384856112228
R-INS→L-IFG,SN→DMN,Kraków,eyes closed,delta,0.34968978790881544
R-INS→R-IFG,SN→CEN,Kraków,eyes closed,delta,0.006270609304576778
R-INS→L-mPFC,SN→DMN,Kraków,eyes closed,delta,-0.18483603075180247
R-INS→R-mPFC,SN→DMN,Kraków,eyes closed,delta,-0.09991136797394728
R-INS→L-aSTG,SN→DMN,Kraków,eyes closed,delta,-0.10656030094717442
R-INS→R-aSTG,SN→DMN,Kraków,eyes closed,delta,0.31472080911793393
R-INS→L-PREC,SN→DMN,Kraków,eyes closed,delta,0.30972524071923657
R-INS→R-PREC,SN→DMN,Kraków,eyes closed,delta,-0.15865644807690413
R-INS→L-ANG,SN→DMN,Kraków,eyes closed,delta,-0.05020964452534338
R-INS→R-ANG,SN→DMN,Kraków,eyes closed,delta,0.1329078825670854
R-INS→L-SFG,SN→CEN,Kraków,eyes closed,delta,-0.0414208434789757
R-INS→R-SFG,SN→CEN,Kraków,eyes closed,delta,0.08368274087557231
R-INS→L-pSTG,SN→CEN,Kraków,eyes closed,delta,0.11354701177765956
R-INS→R-pSTG,SN→CEN,Kraków,eyes closed,delta,-0.3779338673593119
R-INS→L-ITG,SN→CEN,Kraków,eyes closed,delta,0.12147874307977884
R-INS→R-ITG,SN→CEN,Kraków,eyes closed,delta,0.1844677209729975
R-INS→L-SUP,SN→CEN,Kraków,eyes closed,delta,-0.18983159915049982
R-INS→R-SUP,SN→CEN,Kraków,eyes closed,delta,-0.004995568398697364
L-IFG→L-ACC,DMN→SN,Kraków,eyes closed,delta,-0.30895349716246906
L-IFG→R-ACC,DMN→SN,Kraków,eyes closed,delta,-0.04489067907488867
L-IFG→L-INS,DMN→SN,Kraków,eyes closed,delta,0.12804983847550624
L-IFG→R-INS,DMN→SN,Kraków,eyes closed,delta,-0.1633924614523341
L-IFG→R-IFG,DMN→CEN,Kraków,eyes closed,delta,0.06993795758176309
L-IFG→L-mPFC,DMN→DMN,Kraków,eyes closed,delta,-0.12128129945726378
L-IFG→R-mPFC,DMN→DMN,Kraków,eyes closed,delta,-0.20696378450628988
L-IFG→L-aSTG,DMN→DMN,Kraków,eyes closed,delta,0.04733810683311509
L-IFG→R-aSTG,DMN→DMN,Kraków,eyes closed,delta,-0.00557884939170482
L-IFG→L-PREC,DMN→DMN,Kraków,eyes closed,delta,-0.2012805684557739
L-IFG→R-PREC,DMN→DMN,Kraków,eyes closed,delta,-0.08714072996890153
L-IFG→L-ANG,DMN→DMN,Kraków,eyes closed,delta,0.08981688689067165
L-IFG→R-ANG,DMN→DMN,Kraków,eyes closed,delta,-0.0278942469585241
L-IFG→L-SFG,DMN→CEN,Kraków,eyes closed,delta,-0.058489765186560176
L-IFG→R-SFG,DMN→CEN,Kraków,eyes closed,delta,-0.1952597287096687
L-IFG→L-pSTG,DMN→CEN,Kraków,eyes closed,delta,0.16635957539517562
L-IFG→R-pSTG,DMN→CEN,Kraków,eyes closed,delta,-0.22290157067958494
L-IFG→L-ITG,DMN→CEN,Kraków,eyes closed,delta,-0.2138908826509401
L-IFG→R-ITG,DMN→CEN,Kraków,eyes closed,delta,-0.13686382764292823
L-IFG→L-SUP,DMN→CEN,Kraków,eyes closed,delta,0.06298897789321865
L-IFG→R-SUP,DMN→CEN,Kraków,eyes closed,delta,-0.14397480661307122
R-IFG→L-ACC,CEN→SN,Kraków,eyes closed,delta,0.16834998458497485
R-IFG→R-ACC,CEN→SN,Kraków,eyes closed,delta,0.12804983847550624
R-IFG→L-INS,CEN→SN,Kraków,eyes closed,delta,0.24295748615955767
R-IFG→R-INS,CEN→SN,Kraków,eyes closed,delta,-0.09491579957524991
R-IFG→L-IFG,CEN→DMN,Kraków,eyes closed,delta,0.06393618056830465
R-IFG→L-mPFC,CEN→DMN,Kraków,eyes closed,delta,-0.00557884939170482
R-IFG→R-mPFC,CEN→DMN,Kraków,eyes closed,delta,-0.18818776300902634
R-IFG→L-aSTG,CEN→DMN,Kraków,eyes closed,delta,0.15985818875831564
R-IFG→R-aSTG,CEN→DMN,Kraków,eyes closed,delta,0.042184799811222175
R-IFG→L-PREC,CEN→DMN,Kraków,eyes closed,delta,-0.009991136797394728
R-IFG→R-PREC,CEN→DMN,Kraków,eyes closed,delta,-0.2908356337412225
R-IFG→L-ANG,CEN→DMN,Kraków,eyes closed,delta,0.09010914559387476
R-IFG→R-ANG,CEN→DMN,Kraków,eyes closed,delta,-0.2024645717996314
R-IFG→L-SFG,CEN→CEN,Kraków,eyes closed,delta,0.464032797923444
R-IFG→R-SFG,CEN→CEN,Kraków,eyes closed,delta,-0.07992909437915782
R-IFG→L-pSTG,CEN→CEN,Kraków,eyes closed,delta,0.09235226082088449
R-IFG→R-pSTG,CEN→CEN,Kraków,eyes closed,delta,-0.26976069352965765
R-IFG→L-ITG,CEN→CEN,Kraków,eyes closed,delta,-0.018484397266130628
R-IFG→R-ITG,CEN→CEN,Kraków,eyes closed,delta,-0.38817234258874317
R-IFG→L-SUP,CEN→CEN,Kraków,eyes closed,delta,-0.023765653627882233
R-IFG→R-SUP,CEN→CEN,Kraków,eyes closed,delta,0.1612479447469338
L-mPFC→L-ACC,DMN→SN,Kraków,eyes closed,delta,0.09959431881428263
L-mPFC→R-ACC,DMN→SN,Kraków,eyes closed,delta,-0.12655439943366653
L-mPFC→L-INS,DMN→SN,Kraków,eyes closed,delta,0.03996454718957891
L-mPFC→R-INS,DMN→SN,Kraków,eyes closed,delta,0.06327719971683327
L-mPFC→L-IFG,DMN→DMN,Kraków,eyes closed,delta,0.25135709034080855
L-mPFC→R-IFG,DMN→CEN,Kraków,eyes closed,delta,0.3670473171417367
L-mPFC→R-mPFC,DMN→DMN,Kraków,eyes closed,delta,0.06393618056830465
L-mPFC→L-aSTG,DMN→DMN,Kraków,eyes closed,delta,0.11489807317003937
L-mPFC→R-aSTG,DMN→DMN,Kraków,eyes closed,delta,0.1124803176664619
L-mPFC→L-PREC,DMN→DMN,Kraków,eyes closed,delta,-0.25477398833356557
L-mPFC→R-PREC,DMN→DMN,Kraków,eyes closed,delta,-0.11989364156873673
L-mPFC→L-ANG,DMN→DMN,Kraków,eyes closed,delta,0.15030719109350316
L-mPFC→R-ANG,DMN→DMN,Kraków,eyes closed,delta,0.2249606353329238
L-mPFC→L-SFG,DMN→CEN,Kraków,eyes closed,delta,0.0
L-mPFC→R-SFG,DMN→CEN,Kraków,eyes closed,delta,-0.009991136797394728
L-mPFC→L-pSTG,DMN→CEN,Kraków,eyes closed,delta,0.22979614634007875
L-mPFC→R-pSTG,DMN→CEN,Kraków,eyes closed,delta,-0.23845827345289922
L-mPFC→L-ITG,DMN→CEN,Kraków,eyes closed,delta,0.26670344626845616
L-mPFC→R-ITG,DMN→CEN,Kraków,eyes closed,delta,-0.13279242508571018
L-mPFC→L-SUP,DMN→CEN,Kraków,eyes closed,delta,0.10656030094717442
L-mPFC→R-SUP,DMN→CEN,Kraków,eyes closed,delta,-0.17760050157862403
R-mPFC→L-ACC,DMN→SN,Kraków,eyes closed,delta,0.08436959962244435
R-mPFC→R-ACC,DMN→SN,Kraków,eyes closed,delta,0.0278942469585241
R-mPFC→L-INS,DMN→SN,Kraków,eyes closed,delta,-0.04496011558827628
R-mPFC→R-INS,DMN→SN,Kraków,eyes closed,delta,0.12147874307977884
R-mPFC→L-IFG,DMN→DMN,Kraków,eyes closed,delta,0.19246475762286783
R-mPFC→R-IFG,DMN→CEN,Kraków,eyes closed,delta,-0.19346614638631446
R-mPFC→L-mPFC,DMN→DMN,Kraków,eyes closed,delta,0.22945984803958225
R-mPFC→L-aSTG,DMN→DMN,Kraków,eyes closed,delta,0.2696362000968014
R-mPFC→R-aSTG,DMN→DMN,Kraków,eyes closed,delta,0.06897740849642645
R-mPFC→L-PREC,DMN→DMN,Kraków,eyes closed,delta,0.15397180609829428
R-mPFC→R-PREC,DMN→DMN,Kraków,eyes closed,delta,-0.17164083175692724
R-mPFC→L-ANG,DMN→DMN,Kraków,eyes closed,delta,0.1953993484215541
R-mPFC→R-ANG,DMN→DMN,Kraków,eyes closed,delta,0.27894246958524105
R-mPFC→L-SFG,DMN→CEN,Kraków,eyes closed,delta,-0.15579706267167243
R-mPFC→R-SFG,DMN→CEN,Kraków,eyes closed,delta,0.04499212706658475
R-mPFC→L-pSTG,DMN→CEN,Kraków,eyes closed,delta,-0.023712933051019673
R-mPFC→R-pSTG,DMN→CEN,Kraków,eyes closed,delta,-0.053990552479901706
R-mPFC→L-ITG,DMN→CEN,Kraków,eyes closed,delta,-0.26554270426518894
R-mPFC→R-ITG,DMN→CEN,Kraków,eyes closed,delta,-0.04496011558827628
R-mPFC→L-SUP,DMN→CEN,Kraków,eyes closed,delta,0.029973410392184183
R-mPFC→R-SUP,DMN→CEN,Kraków,eyes closed,delta,-0.13497638119975428
L-aSTG→L-ACC,DMN→SN,Kraków,eyes closed,delta,-0.02249606353329238
L-aSTG→R-ACC,DMN→SN,Kraków,eyes closed,delta,-0.12076834107346433
L-aSTG→L-INS,DMN→SN,Kraków,eyes closed,delta,0.02497784199348682
L-aSTG→R-INS,DMN→SN,Kraków,eyes closed,delta,-0.04949133977324323
L-aSTG→L-IFG,DMN→DMN,Kraków,eyes closed,delta,0.4315753815285581
L-aSTG→R-IFG,DMN→CEN,Kraków,eyes closed,delta,-0.04995568398697364
L-aSTG→L-mPFC,DMN→DMN,Kraków,eyes closed,delta,-0.08548504142651103
L-aSTG→R-mPFC,DMN→DMN,Kraków,eyes closed,delta,-0.14487148356222354
L-aSTG→R-aSTG,DMN→DMN,Kraków,eyes closed,delta,0.21480944114398665
L-aSTG→L-PREC,DMN→DMN,Kraków,eyes closed,delta,0.24977841993486818
L-aSTG→R-PREC,DMN→DMN,Kraków,eyes closed,delta,-0.19510469912690256
L-aSTG→L-ANG,DMN→DMN,Kraków,eyes closed,delta,-0.13488034676482882
L-aSTG→R-ANG,DMN→DMN,Kraków,eyes closed,delta,0.18537886901532055
L-aSTG→L-SFG,DMN→CEN,Kraków,eyes closed,delta,0.05994682078436837
L-aSTG→R-SFG,DMN→CEN,Kraków,eyes closed,delta,-0.21075259520663386
L-aSTG→L-pSTG,DMN→CEN,Kraków,eyes closed,delta,0.05917263354139386
L-aSTG→R-pSTG,DMN→CEN,Kraków,eyes closed,delta,0.09448346683982797
L-aSTG→L-ITG,DMN→CEN,Kraków,eyes closed,delta,-0.18707252832948398
L-aSTG→R-ITG,DMN→CEN,Kraków,eyes closed,delta,0.30895349716246906
L-aSTG→L-SUP,DMN→CEN,Kraków,eyes closed,delta,0.05994682078436837
L-aSTG→R-SUP,DMN→CEN,Kraków,eyes closed,delta,0.014986705196092092
R-aSTG→L-ACC,DMN→SN,Kraków,eyes closed,delta,-0.01657604681400491
R-aSTG→R-ACC,DMN→SN,Kraków,eyes closed,delta,0.15384884720762404
R-aSTG→L-INS,DMN→SN,Kraków,eyes closed,delta,0.134672037224666
R-aSTG→R-INS,DMN→SN,Kraków,eyes closed,delta,-0.3699217555959069
R-aSTG→L-IFG,DMN→DMN,Kraków,eyes closed,delta,-0.1399532935864176
R-aSTG→R-IFG,DMN→CEN,Kraków,eyes closed,delta,0.07698590304914714
R-aSTG→L-mPFC,DMN→DMN,Kraków,eyes closed,delta,-0.05020964452534338
R-aSTG→R-mPFC,DMN→DMN,Kraków,eyes closed,delta,-0.042184799811222175
R-aSTG→L-aSTG,DMN→DMN,Kraków,eyes closed,delta,0.034968978790881546
R-aSTG→L-PREC,DMN→DMN,Kraków,eyes closed,delta,-0.04499212706658476
R-aSTG→R-PREC,DMN→DMN,Kraków,eyes closed,delta,-0.0701433558436348
R-aSTG→L-ANG,DMN→DMN,Kraków,eyes closed,delta,-0.08536655898367082
R-aSTG→R-ANG,DMN→DMN,Kraków,eyes closed,delta,0.19346614638631446
R-aSTG→L-SFG,DMN→CEN,Kraków,eyes closed,delta,-0.04463079513363856
R-aSTG→R-SFG,DMN→CEN,Kraków,eyes closed,delta,-0.2845213189769458
R-aSTG→L-pSTG,DMN→CEN,Kraków,eyes closed,delta,-0.09235226082088449
R-aSTG→R-pSTG,DMN→CEN,Kraków,eyes closed,delta,-0.13488034676482882
R-aSTG→L-ITG,DMN→CEN,Kraków,eyes closed,delta,-0.013203140904379018
R-aSTG→R-ITG,DMN→CEN,Kraków,eyes closed,delta,-0.02497784199348682
R-aSTG→L-SUP,DMN→CEN,Kraków,eyes closed,delta,-0.07270890843530563
R-aSTG→R-SUP,DMN→CEN,Kraków,eyes closed,delta,0.07198740330653561
L-PREC→L-ACC,DMN→SN,Kraków,eyes closed,delta,-0.13686382764292823
L-PREC→R-ACC,DMN→SN,Kraków,eyes closed,delta,0.21341639745917704
L-PREC→L-INS,DMN→SN,Kraków,eyes closed,delta,-0.12988477836613146
L-PREC→R-INS,DMN→SN,Kraków,eyes closed,delta,-0.32844252758606873
L-PREC→L-IFG,DMN→DMN,Kraków,eyes closed,delta,0.0029535085014907874
L-PREC→R-IFG,DMN→CEN,Kraków,eyes closed,delta,0.12804983847550624
L-PREC→L-mPFC,DMN→DMN,Kraków,eyes closed,delta,0.09485173220407869
L-PREC→R-mPFC,DMN→DMN,Kraków,eyes closed,delta,0.1839107683951848
L-PREC→L-aSTG,DMN→DMN,Kraków,eyes closed,delta,-0.08288023407002454
L-PREC→R-aSTG,DMN→DMN,Kraków,eyes closed,delta,0.2940403698326439
L-PREC→R-PREC,DMN→DMN,Kraków,eyes closed,delta,-0.02497784199348682
L-PREC→L-ANG,DMN→DMN,Kraków,eyes closed,delta,0.0
L-PREC→R-ANG,DMN→DMN,Kraków,eyes closed,delta,-0.21917213901269172
L-PREC→L-SFG,DMN→CEN,Kraków,eyes closed,delta,0.14487148356222354
L-PREC→R-SFG,DMN→CEN,Kraków,eyes closed,delta,-0.10182428757174444
L-PREC→L-pSTG,DMN→CEN,Kraków,eyes closed,delta,-0.4008191762493417
L-PREC→R-pSTG,DMN→CEN,Kraków,eyes closed,delta,-0.3102088760906633
L-PREC→L-ITG,DMN→CEN,Kraków,eyes closed,delta,-0.06993795758176309
L-PREC→R-ITG,DMN→CEN,Kraków,eyes closed,delta,-0.033198106271427545
L-PREC→L-SUP,DMN→CEN,Kraków,eyes closed,delta,-0.3047296723205392
L-PREC→R-SUP,DMN→CEN,Kraków,eyes closed,delta,0.0765782172453983
R-PREC→L-ACC,DMN→SN,Kraków,eyes closed,delta,0.19180854170491396
R-PREC→R-ACC,DMN→SN,Kraków,eyes closed,delta,-0.20332836992743689
R-PREC→L-INS,DMN→SN,Kraków,eyes closed,delta,-0.3546853563075128
R-PREC→R-INS,DMN→SN,Kraków,eyes closed,delta,-0.11603232769803436
R-PREC→L-IFG,DMN→DMN,Kraków,eyes closed,delta,-0.01897034644081574
R-PREC→R-IFG,DMN→CEN,Kraków,eyes closed,delta,0.10692486534603769
R-PREC→L-mPFC,DMN→DMN,Kraków,eyes closed,delta,-0.10182428757174444
R-PREC→R-mPFC,DMN→DMN,Kraków,eyes closed,delta,0.07992909437915782
R-PREC→L-aSTG,DMN→DMN,Kraków,eyes closed,delta,0.0
R-PREC→R-aSTG,DMN→DMN,Kraków,eyes closed,delta,-0.2705529439683057
R-PREC→L-PREC,DMN→DMN,Kraków,eyes closed,delta,-0.06843191382146412
R-PREC→L-ANG,DMN→DMN,Kraków,eyes closed,delta,-0.008553989227683014
R-PREC→R-ANG,DMN→DMN,Kraków,eyes closed,delta,0.21815898406938103
R-PREC→L-SFG,DMN→CEN,Kraków,eyes closed,delta,-0.3646764931049076
R-PREC→R-SFG,DMN→CEN,Kraków,eyes closed,delta,-0.4695834294775522
R-PREC→L-pSTG,DMN→CEN,Kraków,eyes closed,delta,0.19982273594789457
R-PREC→R-pSTG,DMN→CEN,Kraków,eyes closed,delta,-0.011840033438574935
R-PREC→L-ITG,DMN→CEN,Kraków,eyes closed,delta,-0.10264787073219617
R-PREC→R-ITG,DMN→CEN,Kraków,eyes closed,delta,0.004276994613841507
R-PREC→L-SUP,DMN→CEN,Kraków,eyes closed,delta,-0.28794961322614243
R-PREC→R-SUP,DMN→CEN,Kraków,eyes closed,delta,0.09409388150451317
L-ANG→L-ACC,DMN→SN,Kraków,eyes closed,delta,0.2248005779413814
L-ANG→R-ACC,DMN→SN,Kraków,eyes closed,delta,-0.05691103932244722
L-ANG→L-INS,DMN→SN,Kraków,eyes closed,delta,0.08492466277785517
L-ANG→R-INS,DMN→SN,Kraków,eyes closed,delta,-0.04463079513363856
L-ANG→L-IFG,DMN→DMN,Kraków,eyes closed,delta,0.17484489395440772
L-ANG→R-IFG,DMN→CEN,Kraków,eyes closed,delta,-0.09409388150451317
L-ANG→L-mPFC,DMN→DMN,Kraków,eyes closed,delta,-0.367041036595823
L-ANG→R-mPFC,DMN→DMN,Kraków,eyes closed,delta,0.07814422069459458
L-ANG→L-aSTG,DMN→DMN,Kraków,eyes closed,delta,-0.21075259520663386
L-ANG→R-aSTG,DMN→DMN,Kraków,eyes closed,delta,0.182336514954054
L-ANG→L-PREC,DMN→DMN,Kraków,eyes closed,delta,0.16680278993981879
L-ANG→R-PREC,DMN→DMN,Kraków,eyes closed,delta,0.08098582871985255
L-ANG→R-ANG,DMN→DMN,Kraków,eyes closed,delta,-0.07958931749587667
L-ANG→L-SFG,DMN→CEN,Kraków,eyes closed,delta,-0.03996454718957891
L-ANG→R-SFG,DMN→CEN,Kraków,eyes closed,delta,-0.2574698561327959
L-ANG→L-pSTG,DMN→CEN,Kraków,eyes closed,delta,0.11603232769803436
L-ANG→R-pSTG,DMN→CEN,Kraków,eyes closed,delta,-0.274756261928355
L-ANG→L-ITG,DMN→CEN,Kraków,eyes closed,delta,-0.08998425413316952
L-ANG→R-ITG,DMN→CEN,Kraków,eyes closed,delta,-0.16485375715701298
L-ANG→L-SUP,DMN→CEN,Kraków,eyes closed,delta,-0.17546929555968052
L-ANG→R-SUP,DMN→CEN,Kraków,eyes closed,delta,-0.07648661601319408
R-ANG→L-ACC,DMN→SN,Kraków,eyes closed,delta,0.12330725186530231
R-ANG→R-ACC,DMN→SN,Kraków,eyes closed,delta,-0.06993795758176309
R-ANG→L-INS,DMN→SN,Kraków,eyes closed,delta,0.07992909437915782
R-ANG→R-INS,DMN→SN,Kraków,eyes closed,delta,-0.3291529295923832
R-ANG→L-IFG,DMN→DMN,Kraków,eyes closed,delta,-0.18537886901532055
R-ANG→R-IFG,DMN→CEN,Kraków,eyes closed,delta,0.06993795758176309
R-ANG→L-mPFC,DMN→DMN,Kraków,eyes closed,delta,-0.1687391992448887
R-ANG→R-mPFC,DMN→DMN,Kraków,eyes closed,delta,-0.2248005779413814
R-ANG→L-aSTG,DMN→DMN,Kraków,eyes closed,delta,-0.09010914559387476
R-ANG→R-aSTG,DMN→DMN,Kraków,eyes closed,delta,0.0071040200631449614
R-ANG→L-PREC,DMN→DMN,Kraków,eyes closed,delta,-0.20565089907970813
R-ANG→R-PREC,DMN→DMN,Kraków,eyes closed,delta,-0.18343516397832096
R-ANG→L-ANG,DMN→DMN,Kraków,eyes closed,delta,-0.060734448160143485
R-ANG→L-SFG,DMN→CEN,Kraków,eyes closed,delta,-0.42462331388927593
R-ANG→R-SFG,DMN→CEN,Kraków,eyes closed,delta,-0.3036722408007174
R-ANG→L-pSTG,DMN→CEN,Kraków,eyes closed,delta,0.08998425413316952
R-ANG→R-pSTG,DMN→CEN,Kraków,eyes closed,delta,-0.4158498953586921
R-ANG→L-ITG,DMN→CEN,Kraków,eyes closed,delta,-0.07814422069459458
R-ANG→R-ITG,DMN→CEN,Kraków,eyes closed,delta,-0.27894246958524105
R-ANG→L-SUP,DMN→CEN,Kraków,eyes closed,delta,-0.1664708701463636
R-ANG→R-SUP,DMN→CEN,Kraków,eyes closed,delta,-0.2008385781013735
L-SFG→L-ACC,CEN→SN,Kraków,eyes closed,delta,0.15297323202638816
L-SFG→R-ACC,CEN→SN,Kraków,eyes closed,delta,0.04496011558827628
L-SFG→L-INS,CEN→SN,Kraków,eyes closed,delta,-0.13497638119975428
L-SFG→R-INS,CEN→SN,Kraków,eyes closed,delta,-0.20481830434659193
L-SFG→L-IFG,CEN→DMN,Kraków,eyes closed,delta,-0.08126289766298865
L-SFG→R-IFG,CEN→CEN,Kraków,eyes closed,delta,0.1633924614523341
L-SFG→L-mPFC,CEN→DMN,Kraków,eyes closed,delta,-0.1633924614523341
L-SFG→R-mPFC,CEN→DMN,Kraków,eyes closed,delta,0.21596220991960682
L-SFG→L-aSTG,CEN→DMN,Kraków,eyes closed,delta,-0.05987792459378111
L-SFG→R-aSTG,CEN→DMN,Kraków,eyes closed,delta,0.15392043470147415
L-SFG→L-PREC,CEN→DMN,Kraków,eyes closed,delta,-0.05920016719287467
L-SFG→R-PREC,CEN→DMN,Kraków,eyes closed,delta,0.13987591516352618
L-SFG→L-ANG,CEN→DMN,Kraków,eyes closed,delta,-0.180164018590938
L-SFG→R-ANG,CEN→DMN,Kraków,eyes closed,delta,0.054951252385671
L-SFG→R-SFG,CEN→CEN,Kraków,eyes closed,delta,0.04389426513203744
L-SFG→L-pSTG,CEN→CEN,Kraków,eyes closed,delta,0.3017804310611087
L-SFG→R-pSTG,CEN→CEN,Kraków,eyes closed,delta,-0.24977841993486818
L-SFG→L-ITG,CEN→CEN,Kraków,eyes closed,delta,0.01657604681400491
L-SFG→R-ITG,CEN→CEN,Kraków,eyes closed,delta,-0.11354701177765956
L-SFG→L-SUP,CEN→CEN,Kraków,eyes closed,delta,0.00792188454262741
L-SFG→R-SUP,CEN→CEN,Kraków,eyes closed,delta,-0.04499212706658476
R-SFG→L-ACC,CEN→SN,Kraków,eyes closed,delta,0.03149448894660933
R-SFG→R-ACC,CEN→SN,Kraków,eyes closed,delta,0.06993795758176309
R-SFG→L-INS,CEN→SN,Kraków,eyes closed,delta,0.36967206150360493
R-SFG→R-INS,CEN→SN,Kraków,eyes closed,delta,0.0544641538174447
R-SFG→L-IFG,CEN→DMN,Kraków,eyes closed,delta,0.21917213901269172
R-SFG→R-IFG,CEN→CEN,Kraków,eyes closed,delta,0.232016398961722
R-SFG→L-mPFC,CEN→DMN,Kraków,eyes closed,delta,-0.09235226082088449
R-SFG→R-mPFC,CEN→DMN,Kraków,eyes closed,delta,-0.04499212706658476
R-SFG→L-aSTG,CEN→DMN,Kraków,eyes closed,delta,-0.08536655898367082
R-SFG→R-aSTG,CEN→DMN,Kraków,eyes closed,delta,0.1753567791675018
R-SFG→L-PREC,CEN→DMN,Kraków,eyes closed,delta,0.14541781687061126
R-SFG→R-PREC,CEN→DMN,Kraków,eyes closed,delta,-0.07270890843530563
R-SFG→L-ANG,CEN→DMN,Kraków,eyes closed,delta,0.3596809247062102
R-SFG→R-ANG,CEN→DMN,Kraków,eyes closed,delta,-0.07814422069459458
R-SFG→L-SFG,CEN→CEN,Kraków,eyes closed,delta,-0.1112963143226044
R-SFG→L-pSTG,CEN→CEN,Kraków,eyes closed,delta,0.060734448160143485
R-SFG→R-pSTG,CEN→CEN,Kraków,eyes closed,delta,0.04995568398697364
R-SFG→L-ITG,CEN→CEN,Kraków,eyes closed,delta,0.058489765186560176
R-SFG→R-ITG,CEN→CEN,Kraków,eyes closed,delta,0.2354812660464883
R-SFG→L-SUP,CEN→CEN,Kraków,eyes closed,delta,-0.09491579957524991
R-SFG→R-SUP,CEN→CEN,Kraków,eyes closed,delta,0.12147874307977884
L-pSTG→L-ACC,CEN→SN,Kraków,eyes closed,delta,0.08492466277785517
L-pSTG→R-ACC,CEN→SN,Kraków,eyes closed,delta,0.02497784199348682
L-pSTG→L-INS,CEN→SN,Kraków,eyes closed,delta,-0.04268327949183541
L-pSTG→R-INS,CEN→SN,Kraków,eyes closed,delta,-0.13947123479262052
L-pSTG→L-IFG,CEN→DMN,Kraków,eyes closed,delta,-0.013497638119975426
L-pSTG→R-IFG,CEN→CEN,Kraków,eyes closed,delta,0.09770324269240473
L-pSTG→L-mPFC,CEN→DMN,Kraków,eyes closed,delta,-0.07113879915305901
L-pSTG→R-mPFC,CEN→DMN,Kraków,eyes closed,delta,-0.004995568398697364
L-pSTG→L-aSTG,CEN→DMN,Kraków,eyes closed,delta,-0.39020939825380513
L-pSTG→R-aSTG,CEN→DMN,Kraków,eyes closed,delta,0.1511236112083802
L-pSTG→L-PREC,CEN→DMN,Kraków,eyes closed,delta,-0.3406410353329787
L-pSTG→R-PREC,CEN→DMN,Kraków,eyes closed,delta,0.19804711356568527
L-pSTG→L-ANG,CEN→DMN,Kraków,eyes closed,delta,-0.1293907808629144
L-pSTG→R-ANG,CEN→DMN,Kraków,eyes closed,delta,-0.17484489395440772
L-pSTG→L-SFG,CEN→CEN,Kraków,eyes closed,delta,-0.039609422713137055
L-pSTG→R-SFG,CEN→CEN,Kraków,eyes closed,delta,-0.015819299929208316
L-pSTG→R-pSTG,CEN→CEN,Kraków,eyes closed,delta,-0.2647651251309603
L-pSTG→L-ITG,CEN→CEN,Kraków,eyes closed,delta,-0.27975183032705236
L-pSTG→R-ITG,CEN→CEN,Kraków,eyes closed,delta,-0.33473096350228926
L-pSTG→L-SUP,CEN→CEN,Kraków,eyes closed,delta,0.004742586610203935
L-pSTG→R-SUP,CEN→CEN,Kraków,eyes closed,delta,-0.17484489395440772
R-pSTG→L-ACC,CEN→SN,Kraków,eyes closed,delta,-0.07648661601319408
R-pSTG→R-ACC,CEN→SN,Kraków,eyes closed,delta,0.2560996769510125
R-pSTG→L-INS,CEN→SN,Kraków,eyes closed,delta,0.4693058978998468
R-pSTG→R-INS,CEN→SN,Kraków,eyes closed,delta,-0.09991136797394728
R-pSTG→L-IFG,CEN→DMN,Kraków,eyes closed,delta,0.2770567824626535
R-pSTG→R-IFG,CEN→CEN,Kraków,eyes closed,delta,0.035993701653267804
R-pSTG→L-mPFC,CEN→DMN,Kraków,eyes closed,delta,0.32566558070259016
R-pSTG→R-mPFC,CEN→DMN,Kraków,eyes closed,delta,0.28455519661223605
R-pSTG→L-aSTG,CEN→DMN,Kraków,eyes closed,delta,0.12804983847550624
R-pSTG→R-aSTG,CEN→DMN,Kraków,eyes closed,delta,0.3329417402927272
R-pSTG→L-PREC,CEN→DMN,Kraków,eyes closed,delta,0.3206553409994734
R-pSTG→R-PREC,CEN→DMN,Kraków,eyes closed,delta,-0.04949133977324323
R-pSTG→L-ANG,CEN→DMN,Kraków,eyes closed,delta,-0.09519455435921866
R-pSTG→R-ANG,CEN→DMN,Kraków,eyes closed,delta,0.5354063120923586
R-pSTG→L-SFG,CEN→CEN,Kraków,eyes closed,delta,0.18983159915049982
R-pSTG→R-SFG,CEN→CEN,Kraków,eyes closed,delta,0.051323935366098083
R-pSTG→L-pSTG,CEN→CEN,Kraków,eyes closed,delta,0.21812672530591687
R-pSTG→L-ITG,CEN→CEN,Kraków,eyes closed,delta,0.15486262035961829
R-pSTG→R-ITG,CEN→CEN,Kraków,eyes closed,delta,0.2772659589919594
R-pSTG→L-SUP,CEN→CEN,Kraków,eyes closed,delta,0.134672037224666
R-pSTG→R-SUP,CEN→CEN,Kraków,eyes closed,delta,-0.04499212706658476
L-ITG→L-ACC,CEN→SN,Kraków,eyes closed,delta,0.2608422635612164
L-ITG→R-ACC,CEN→SN,Kraków,eyes closed,delta,0.10182428757174444
L-ITG→L-INS,CEN→SN,Kraków,eyes closed,delta,-0.26976069352965765
L-ITG→R-INS,CEN→SN,Kraków,eyes closed,delta,-0.2249606353329238
L-ITG→L-IFG,CEN→DMN,Kraków,eyes closed,delta,0.12488920996743409
L-ITG→R-IFG,CEN→CEN,Kraków,eyes closed,delta,0.109902504771342
L-ITG→L-mPFC,CEN→DMN,Kraków,eyes closed,delta,0.17097008285302207
L-ITG→R-mPFC,CEN→DMN,Kraków,eyes closed,delta,-0.11989364156873673
L-ITG→L-aSTG,CEN→DMN,Kraków,eyes closed,delta,0.0701433558436348
L-ITG→R-aSTG,CEN→DMN,Kraków,eyes closed,delta,0.009991136797394728
L-ITG→L-PREC,CEN→DMN,Kraków,eyes closed,delta,0.053990552479901706
L-ITG→R-PREC,CEN→DMN,Kraków,eyes closed,delta,-0.26284874233636357
L-ITG→L-ANG,CEN→DMN,Kraków,eyes closed,delta,-0.10907949203469051
L-ITG→R-ANG,CEN→DMN,Kraków,eyes closed,delta,-0.0026406281808758034
L-ITG→L-SFG,CEN→CEN,Kraków,eyes closed,delta,0.11489807317003937
L-ITG→R-SFG,CEN→CEN,Kraków,eyes closed,delta,0.16812847482776408
L-ITG→L-pSTG,CEN→CEN,Kraków,eyes closed,delta,0.09484043965898194
L-ITG→R-pSTG,CEN→CEN,Kraków,eyes closed,delta,-0.17097008285302207
L-ITG→R-ITG,CEN→CEN,Kraków,eyes closed,delta,0.2024645717996314
L-ITG→L-SUP,CEN→CEN,Kraków,eyes closed,delta,-0.20696378450628988
L-ITG→R-SUP,CEN→CEN,Kraków,eyes closed,delta,0.07814422069459458
R-ITG→L-ACC,CEN→SN,Kraków,eyes closed,delta,0.06298897789321865
R-ITG→R-ACC,CEN→SN,Kraków,eyes closed,delta,0.08492466277785517
R-ITG→L-INS,CEN→SN,Kraków,eyes closed,delta,0.15297323202638816
R-ITG→R-INS,CEN→SN,Kraków,eyes closed,delta,0.017996850826633902
R-ITG→L-IFG,CEN→DMN,Kraków,eyes closed,delta,0.0734082073191646
R-ITG→R-IFG,CEN→CEN,Kraków,eyes closed,delta,0.047425866102039346
R-ITG→L-mPFC,CEN→DMN,Kraków,eyes closed,delta,0.07810389148386748
R-ITG→R-mPFC,CEN→DMN,Kraków,eyes closed,delta,0.09010914559387476
R-ITG→L-aSTG,CEN→DMN,Kraków,eyes closed,delta,0.09491579957524991
R-ITG→R-aSTG,CEN→DMN,Kraków,eyes closed,delta,0.3638438983717913
R-ITG→L-PREC,CEN→DMN,Kraków,eyes closed,delta,0.4198598807592528
R-ITG→R-PREC,CEN→DMN,Kraków,eyes closed,delta,0.033198106271427545
R-ITG→L-ANG,CEN→DMN,Kraków,eyes closed,delta,-0.12488920996743409
R-ITG→R-ANG,CEN→DMN,Kraków,eyes closed,delta,0.08368274087557231
R-ITG→L-SFG,CEN→CEN,Kraków,eyes closed,delta,0.039609422713137055
R-ITG→R-SFG,CEN→CEN,Kraków,eyes closed,delta,0.17286448820319406
R-ITG→L-pSTG,CEN→CEN,Kraków,eyes closed,delta,0.24478285153617083
R-ITG→R-pSTG,CEN→CEN,Kraków,eyes closed,delta,-0.1753567791675018
R-ITG→L-ITG,CEN→CEN,Kraków,eyes closed,delta,0.06298897789321865
R-ITG→L-SUP,CEN→CEN,Kraków,eyes closed,delta,0.08016383524986835
R-ITG→R-SUP,CEN→CEN,Kraków,eyes closed,delta,-0.13488034676482882
L-SUP→L-ACC,CEN→SN,Kraków,eyes closed,delta,0.2770567824626535
L-SUP→R-ACC,CEN→SN,Kraków,eyes closed,delta,0.12988477836613146
L-SUP→L-INS,CEN→SN,Kraków,eyes closed,delta,0.08964269959884713
L-SUP→R-INS,CEN→SN,Kraków,eyes closed,delta,-0.23978728313747347
L-SUP→L-IFG,CEN→DMN,Kraków,eyes closed,delta,0.2098138727452893
L-SUP→R-IFG,CEN→CEN,Kraków,eyes closed,delta,0.42462331388927593
L-SUP→L-mPFC,CEN→DMN,Kraków,eyes closed,delta,0.06993795758176309
L-SUP→R-mPFC,CEN→DMN,Kraków,eyes closed,delta,0.11989364156873673
L-SUP→L-aSTG,CEN→DMN,Kraków,eyes closed,delta,0.13497638119975428
L-SUP→R-aSTG,CEN→DMN,Kraków,eyes closed,delta,0.05994682078436837
L-SUP→L-PREC,CEN→DMN,Kraków,eyes closed,delta,-0.02845551966122361
L-SUP→R-PREC,CEN→DMN,Kraków,eyes closed,delta,-0.11989364156873673
L-SUP→L-ANG,CEN→DMN,Kraków,eyes closed,delta,-0.10521503376545221
L-SUP→R-ANG,CEN→DMN,Kraków,eyes closed,delta,0.256140933544953
L-SUP→L-SFG,CEN→CEN,Kraków,eyes closed,delta,0.1953993484215541
L-SUP→R-SFG,CEN→CEN,Kraków,eyes closed,delta,-0.01657604681400491
L-SUP→L-pSTG,CEN→CEN,Kraków,eyes closed,delta,0.2347917147387761
L-SUP→R-pSTG,CEN→CEN,Kraków,eyes closed,delta,-0.3024394064843313
L-SUP→L-ITG,CEN→CEN,Kraków,eyes closed,delta,0.09898267954648646
L-SUP→R-ITG,CEN→CEN,Kraków,eyes closed,delta,-0.1498670519609209
L-SUP→R-SUP,CEN→CEN,Kraków,eyes closed,delta,-0.3723285735034883
R-SUP→L-ACC,CEN→SN,Kraków,eyes closed,delta,0.03905194574193374
R-SUP→R-ACC,CEN→SN,Kraków,eyes closed,delta,-0.034968978790881546
R-SUP→L-INS,CEN→SN,Kraków,eyes closed,delta,0.06993795758176309
R-SUP→R-INS,CEN→SN,Kraków,eyes closed,delta,-0.3206553409994734
R-SUP→L-IFG,CEN→DMN,Kraków,eyes closed,delta,-0.13971239457518422
R-SUP→R-IFG,CEN→CEN,Kraków,eyes closed,delta,0.08926159026727712
R-SUP→L-mPFC,CEN→DMN,Kraków,eyes closed,delta,-0.012830983841524521
R-SUP→R-mPFC,CEN→DMN,Kraków,eyes closed,delta,-0.1619716574397051
R-SUP→L-aSTG,CEN→DMN,Kraków,eyes closed,delta,0.09898267954648646
R-SUP→R-aSTG,CEN→DMN,Kraków,eyes closed,delta,-0.14487148356222354
R-SUP→L-PREC,CEN→DMN,Kraków,eyes closed,delta,0.42086013506180886
R-SUP→R-PREC,CEN→DMN,Kraków,eyes closed,delta,-0.08992023117655255
R-SUP→L-ANG,CEN→DMN,Kraków,eyes closed,delta,-0.1112963143226044
R-SUP→R-ANG,CEN→DMN,Kraków,eyes closed,delta,0.09491579957524991
R-SUP→L-SFG,CEN→CEN,Kraków,eyes closed,delta,-0.27975183032705236
R-SUP→R-SFG,CEN→CEN,Kraków,eyes closed,delta,0.07382339966963881
R-SUP→L-pSTG,CEN→CEN,Kraków,eyes closed,delta,0.0
R-SUP→R-pSTG,CEN→CEN,Kraków,eyes closed,delta,-0.021092399905611087
R-SUP→L-ITG,CEN→CEN,Kraków,eyes closed,delta,0.0544641538174447
R-SUP→R-ITG,CEN→CEN,Kraków,eyes closed,delta,-0.18896693367965595
R-SUP→L-SUP,CEN→CEN,Kraków,eyes closed,delta,0.02131206018943488
L-ACC→R-ACC,SN→SN,Kraków,eyes closed,gamma,0.04972814044201473
L-ACC→L-INS,SN→SN,Kraków,eyes closed,gamma,-0.023669053416557544
L-ACC→R-INS,SN→SN,Kraków,eyes closed,gamma,-0.10826575541590795
L-ACC→L-IFG,SN→DMN,Kraków,eyes closed,gamma,0.08981688689067165
L-ACC→R-IFG,SN→CEN,Kraków,eyes closed,gamma,-0.10798110495980341
L-ACC→L-mPFC,SN→DMN,Kraków,eyes closed,gamma,0.01657604681400491
L-ACC→R-mPFC,SN→DMN,Kraków,eyes closed,gamma,0.13279242508571018
L-ACC→L-aSTG,SN→DMN,Kraków,eyes closed,gamma,-0.14969481148445277
L-ACC→R-aSTG,SN→DMN,Kraków,eyes closed,gamma,-0.04430262752236181
L-ACC→L-PREC,SN→DMN,Kraków,eyes closed,gamma,-0.15985818875831564
L-ACC→R-PREC,SN→DMN,Kraków,eyes closed,gamma,-0.35993701653267807
L-ACC→L-ANG,SN→DMN,Kraków,eyes closed,gamma,-0.2478356988909303
L-ACC→R-ANG,SN→DMN,Kraków,eyes closed,gamma,0.13279242508571018
L-ACC→L-SFG,SN→CEN,Kraków,eyes closed,gamma,-0.08998425413316952
L-ACC→R-SFG,SN→CEN,Kraków,eyes closed,gamma,0.06993795758176309
L-ACC→L-pSTG,SN→CEN,Kraków,eyes closed,gamma,-0.0071040200631449614
L-ACC→R-pSTG,SN→CEN,Kraków,eyes closed,gamma,-0.42462331388927593
L-ACC→L-ITG,SN→CEN,Kraków,eyes closed,gamma,-0.33427513348268195
L-ACC→R-ITG,SN→CEN,Kraków,eyes closed,gamma,-0.180164018590938
L-ACC→L-SUP,SN→CEN,Kraków,eyes closed,gamma,-0.06494238918306573
L-ACC→R-SUP,SN→CEN,Kraków,eyes closed,gamma,0.33969865111142067
R-ACC→L-ACC,SN→SN,Kraków,eyes closed,gamma,0.46951607441018955
R-ACC→L-INS,SN→SN,Kraków,eyes closed,gamma,0.02249606353329238
R-ACC→R-INS,SN→SN,Kraków,eyes closed,gamma,-0.10656030094717442
R-ACC→L-IFG,SN→DMN,Kraków,eyes closed,gamma,0.2705529439683057
R-ACC→R-IFG,SN→CEN,Kraków,eyes closed,gamma,0.1302403678243243
R-ACC→L-mPFC,SN→DMN,Kraków,eyes closed,gamma,-0.09991136797394728
R-ACC→R-mPFC,SN→DMN,Kraków,eyes closed,gamma,-0.14397480661307122
R-ACC→L-aSTG,SN→DMN,Kraków,eyes closed,gamma,-0.0026406281808758034
R-ACC→R-aSTG,SN→DMN,Kraków,eyes closed,gamma,0.16736548175114463
R-ACC→L-PREC,SN→DMN,Kraków,eyes closed,gamma,0.06855029969323605
R-ACC→R-PREC,SN→DMN,Kraków,eyes closed,gamma,0.02497784199348682
R-ACC→L-ANG,SN→DMN,Kraków,eyes closed,gamma,0.09491579957524991
R-ACC→R-ANG,SN→DMN,Kraków,eyes closed,gamma,0.02497784199348682
R-ACC→L-SFG,SN→CEN,Kraków,eyes closed,gamma,-0.1948271675491972
R-ACC→R-SFG,SN→CEN,Kraków,eyes closed,gamma,0.19346614638631446
R-ACC→L-pSTG,SN→CEN,Kraków,eyes closed,gamma,0.26976069352965765
R-ACC→R-pSTG,SN→CEN,Kraków,eyes closed,gamma,0.011840033438574935
R-ACC→L-ITG,SN→CEN,Kraków,eyes closed,gamma,0.22979614634007875
R-ACC→R-ITG,SN→CEN,Kraków,eyes closed,gamma,-0.31344156398775147
R-ACC→L-SUP,SN→CEN,Kraków,eyes closed,gamma,-0.18220334448043043
R-ACC→R-SUP,SN→CEN,Kraków,eyes closed,gamma,-0.08992023117655255
L-INS→L-ACC,SN→SN,Kraków,eyes closed,gamma,0.19674175223670934
L-INS→R-ACC,SN→SN,Kraków,eyes closed,gamma,-0.11382207864489444
L-INS→R-INS,SN→SN,Kraków,eyes closed,gamma,-0.22945984803958225
L-INS→L-IFG,SN→DMN,Kraków,eyes closed,gamma,0.0712969608836467
L-INS→R-IFG,SN→CEN,Kraków,eyes closed,gamma,-0.10490693637264464
L-INS→L-mPFC,SN→DMN,Kraków,eyes closed,gamma,-0.06748819059987714
L-INS→R-mPFC,SN→DMN,Kraków,eyes closed,gamma,-0.1798404623531051
L-INS→L-aSTG,SN→DMN,Kraków,eyes closed,gamma,-0.01673654817511446
L-INS→R-aSTG,SN→DMN,Kraków,eyes closed,gamma,-0.0765782172453983
L-INS→L-PREC,SN→DMN,Kraków,eyes closed,gamma,0.05017193543664027
L-INS→R-PREC,SN→DMN,Kraków,eyes closed,gamma,-0.11603232769803436
L-INS→L-ANG,SN→DMN,Kraków,eyes closed,gamma,0.13279242508571018
L-INS→R-ANG,SN→DMN,Kraków,eyes closed,gamma,0.33198106271427547
L-INS→L-SFG,SN→CEN,Kraków,eyes closed,gamma,-0.07198740330653561
L-INS→R-SFG,SN→CEN,Kraków,eyes closed,gamma,0.09491579957524991
L-INS→L-pSTG,SN→CEN,Kraków,eyes closed,gamma,0.12550435444889432
L-INS→R-pSTG,SN→CEN,Kraków,eyes closed,gamma,-0.09235226082088449
L-INS→L-ITG,SN→CEN,Kraków,eyes closed,gamma,-0.06694619270045785
L-INS→R-ITG,SN→CEN,Kraków,eyes closed,gamma,-0.08992023117655255
L-INS→L-SUP,SN→CEN,Kraków,eyes closed,gamma,0.014986705196092092
L-INS→R-SUP,SN→CEN,Kraków,eyes closed,gamma,0.32566558070259016
R-INS→L-ACC,SN→SN,Kraków,eyes closed,gamma,0.18707252832948398
R-INS→R-ACC,SN→SN,Kraków,eyes closed,gamma,-0.060734448160143485
R-INS→L-INS,SN→SN,Kraków,eyes closed,gamma,0.06993795758176309
R-INS→L-IFG,SN→DMN,Kraków,eyes closed,gamma,0.20696378450628988
R-INS→R-IFG,SN→CEN,Kraków,eyes closed,gamma,0.15579706267167243
R-INS→L-mPFC,SN→DMN,Kraków,eyes closed,gamma,0.062023678531306525
R-INS→R-mPFC,SN→DMN,Kraków,eyes closed,gamma,-0.011840033438574935
R-INS→L-aSTG,SN→DMN,Kraków,eyes closed,gamma,0.0544641538174447
R-INS→R-aSTG,SN→DMN,Kraków,eyes closed,gamma,0.3746676299023023
R-INS→L-PREC,SN→DMN,Kraków,eyes closed,gamma,-0.07113879915305901
R-INS→R-PREC,SN→DMN,Kraków,eyes closed,gamma,0.06494238918306573
R-INS→L-ANG,SN→DMN,Kraków,eyes closed,gamma,-0.18496087779795345
R-INS→R-ANG,SN→DMN,Kraków,eyes closed,gamma,0.1484740193197297
R-INS→L-SFG,SN→CEN,Kraków,eyes closed,gamma,0.04949133977324323
R-INS→R-SFG,SN→CEN,Kraków,eyes closed,gamma,0.15865644807690413
R-INS→L-pSTG,SN→CEN,Kraków,eyes closed,gamma,0.13987591516352618
R-INS→R-pSTG,SN→CEN,Kraków,eyes closed,gamma,-0.21917213901269172
R-INS→L-ITG,SN→CEN,Kraków,eyes closed,gamma,0.14237369936287486
R-INS→R-ITG,SN→CEN,Kraków,eyes closed,gamma,0.07198740330653561
R-INS→L-SUP,SN→CEN,Kraków,eyes closed,gamma,0.12076834107346433
R-INS→R-SUP,SN→CEN,Kraków,eyes closed,gamma,-0.13279242508571018
L-IFG→L-ACC,DMN→SN,Kraków,eyes closed,gamma,0.11603232769803436
L-IFG→R-ACC,DMN→SN,Kraków,eyes closed,gamma,-0.1687391992448887
L-IFG→L-INS,DMN→SN,Kraków,eyes closed,gamma,0.1252559925779193
L-IFG→R-INS,DMN→SN,Kraków,eyes closed,gamma,-0.09959431881428263
L-IFG→R-IFG,DMN→CEN,Kraków,eyes closed,gamma,0.0544641538174447
L-IFG→L-mPFC,DMN→DMN,Kraków,eyes closed,gamma,-0.2039312242387692
L-IFG→R-mPFC,DMN→DMN,Kraków,eyes closed,gamma,-0.1124803176664619
L-IFG→L-aSTG,DMN→DMN,Kraków,eyes closed,gamma,0.0815179209594981
L-IFG→R-aSTG,DMN→DMN,Kraków,eyes closed,gamma,0.04499212706658476
L-IFG→L-PREC,DMN→DMN,Kraków,eyes closed,gamma,0.0
L-IFG→R-PREC,DMN→DMN,Kraków,eyes closed,gamma,-0.25976955673226293
L-IFG→L-ANG,DMN→DMN,Kraków,eyes closed,gamma,-0.23095770914744138
L-IFG→R-ANG,DMN→DMN,Kraków,eyes closed,gamma,0.15062893357603013
L-IFG→L-SFG,DMN→CEN,Kraków,eyes closed,gamma,-0.37966319830099965
L-IFG→R-SFG,DMN→CEN,Kraków,eyes closed,gamma,-0.32723847610407153
L-IFG→L-pSTG,DMN→CEN,Kraków,eyes closed,gamma,0.0026406281808758034
L-IFG→R-pSTG,DMN→CEN,Kraków,eyes closed,gamma,-0.39964547189578914
L-IFG→L-ITG,DMN→CEN,Kraków,eyes closed,gamma,0.2544423242279936
L-IFG→R-ITG,DMN→CEN,Kraków,eyes closed,gamma,-0.2609543369861916
L-IFG→L-SUP,DMN→CEN,Kraków,eyes closed,gamma,0.11382207864489444
L-IFG→R-SUP,DMN→CEN,Kraków,eyes closed,gamma,-0.10546199952805545
R-IFG→L-ACC,CEN→SN,Kraków,eyes closed,gamma,-0.0044992127066584755
R-IFG→R-ACC,CEN→SN,Kraków,eyes closed,gamma,-0.029973410392184183
R-IFG→L-INS,CEN→SN,Kraków,eyes closed,gamma,0.06855029969323605
R-IFG→R-INS,CEN→SN,Kraków,eyes closed,gamma,-0.055600929979939595
R-IFG→L-IFG,CEN→DMN,Kraków,eyes closed,gamma,-0.03149448894660933
R-IFG→L-mPFC,CEN→DMN,Kraków,eyes closed,gamma,-0.07113879915305901
R-IFG→R-mPFC,CEN→DMN,Kraków,eyes closed,gamma,-0.26976069352965765
R-IFG→L-aSTG,CEN→DMN,Kraków,eyes closed,gamma,-0.08126289766298865
R-IFG→R-aSTG,CEN→DMN,Kraków,eyes closed,gamma,0.14764679933927763
R-IFG→L-PREC,CEN→DMN,Kraków,eyes closed,gamma,0.0
R-IFG→R-PREC,CEN→DMN,Kraków,eyes closed,gamma,0.040081917624934175
R-IFG→L-ANG,CEN→DMN,Kraków,eyes closed,gamma,-0.2039312242387692
R-IFG→R-ANG,CEN→DMN,Kraków,eyes closed,gamma,0.08998425413316952
R-IFG→L-SFG,CEN→CEN,Kraków,eyes closed,gamma,-0.25135709034080855
R-IFG→R-SFG,CEN→CEN,Kraków,eyes closed,gamma,0.14702018491632196
R-IFG→L-pSTG,CEN→CEN,Kraków,eyes closed,gamma,0.17760050157862403
R-IFG→R-pSTG,CEN→CEN,Kraków,eyes closed,gamma,-0.3206553409994734
R-IFG→L-ITG,CEN→CEN,Kraków,eyes closed,gamma,-0.14487148356222354
R-IFG→R-ITG,CEN→CEN,Kraków,eyes closed,gamma,-0.5311697003428407
R-IFG→L-SUP,CEN→CEN,Kraków,eyes closed,gamma,-0.15531743079661992
R-IFG→R-SUP,CEN→CEN,Kraków,eyes closed,gamma,-0.15297323202638816
L-mPFC→L-ACC,DMN→SN,Kraków,eyes closed,gamma,0.13279242508571018
L-mPFC→R-ACC,DMN→SN,Kraków,eyes closed,gamma,-0.12831353600921086
L-mPFC→L-INS,DMN→SN,Kraków,eyes closed,gamma,0.26220592141012655
L-mPFC→R-INS,DMN→SN,Kraków,eyes closed,gamma,0.134672037224666
L-mPFC→L-IFG,DMN→DMN,Kraków,eyes closed,gamma,0.2609543369861916
L-mPFC→R-IFG,DMN→CEN,Kraków,eyes closed,gamma,0.09491579957524991
L-mPFC→R-mPFC,DMN→DMN,Kraków,eyes closed,gamma,0.3082681296632558
L-mPFC→L-aSTG,DMN→DMN,Kraków,eyes closed,gamma,0.2039312242387692
L-mPFC→R-aSTG,DMN→DMN,Kraków,eyes closed,gamma,-0.1252559925779193
L-mPFC→L-PREC,DMN→DMN,Kraków,eyes closed,gamma,0.29473853552314444
L-mPFC→R-PREC,DMN→DMN,Kraków,eyes closed,gamma,-0.13947559390641276
L-mPFC→L-ANG,DMN→DMN,Kraków,eyes closed,gamma,0.13488034676482882
L-mPFC→R-ANG,DMN→DMN,Kraków,eyes closed,gamma,0.28929778322244
L-mPFC→L-SFG,DMN→CEN,Kraków,eyes closed,gamma,-0.06639621254285509
L-mPFC→R-SFG,DMN→CEN,Kraków,eyes closed,gamma,0.04496011558827628
L-mPFC→L-pSTG,DMN→CEN,Kraków,eyes closed,gamma,0.19796535909297291
L-mPFC→R-pSTG,DMN→CEN,Kraków,eyes closed,gamma,-0.058489765186560176
L-mPFC→L-ITG,DMN→CEN,Kraków,eyes closed,gamma,-0.013203140904379018
L-mPFC→R-ITG,DMN→CEN,Kraków,eyes closed,gamma,0.03149448894660933
L-mPFC→L-SUP,DMN→CEN,Kraków,eyes closed,gamma,0.04499212706658476
L-mPFC→R-SUP,DMN→CEN,Kraków,eyes closed,gamma,0.11856466525509837
R-mPFC→L-ACC,DMN→SN,Kraków,eyes closed,gamma,0.29878295644284786
R-mPFC→R-ACC,DMN→SN,Kraków,eyes closed,gamma,0.029938962296890553
R-mPFC→L-INS,DMN→SN,Kraków,eyes closed,gamma,-0.1927658572039337
R-mPFC→R-INS,DMN→SN,Kraków,eyes closed,gamma,0.16485375715701298
R-mPFC→L-IFG,DMN→DMN,Kraków,eyes closed,gamma,0.20529574146439233
R-mPFC→R-IFG,DMN→CEN,Kraków,eyes closed,gamma,-0.03996454718957891
R-mPFC→L-mPFC,DMN→DMN,Kraków,eyes closed,gamma,0.02131206018943488
R-mPFC→L-aSTG,DMN→DMN,Kraków,eyes closed,gamma,-0.009991136797394728
R-mPFC→R-aSTG,DMN→DMN,Kraków,eyes closed,gamma,0.17546929555968052
R-mPFC→L-PREC,DMN→DMN,Kraków,eyes closed,gamma,0.11547885457372069
R-mPFC→R-PREC,DMN→DMN,Kraków,eyes closed,gamma,0.10490693637264464
R-mPFC→L-ANG,DMN→DMN,Kraków,eyes closed,gamma,-0.013497638119975426
R-mPFC→R-ANG,DMN→DMN,Kraków,eyes closed,gamma,0.22973465173619492
R-mPFC→L-SFG,DMN→CEN,Kraków,eyes closed,gamma,-0.005273099976402772
R-mPFC→R-SFG,DMN→CEN,Kraków,eyes closed,gamma,0.23845827345289922
R-mPFC→L-pSTG,DMN→CEN,Kraków,eyes closed,gamma,0.23989052384330728
R-mPFC→R-pSTG,DMN→CEN,Kraków,eyes closed,gamma,-0.1304771684930958
R-mPFC→L-ITG,DMN→CEN,Kraków,eyes closed,gamma,0.004995568398697364
R-mPFC→R-ITG,DMN→CEN,Kraków,eyes closed,gamma,-0.2339590607462407
R-mPFC→L-SUP,DMN→CEN,Kraków,eyes closed,gamma,-0.034968978790881546
R-mPFC→R-SUP,DMN→CEN,Kraków,eyes closed,gamma,0.12804983847550624
L-aSTG→L-ACC,DMN→SN,Kraków,eyes closed,gamma,0.12655439943366653
L-aSTG→R-ACC,DMN→SN,Kraków,eyes closed,gamma,0.06393618056830465
L-aSTG→L-INS,DMN→SN,Kraków,eyes closed,gamma,0.03691169983481941
L-aSTG→R-INS,DMN→SN,Kraków,eyes closed,gamma,-0.03432816635138545
L-aSTG→L-IFG,DMN→DMN,Kraków,eyes closed,gamma,0.27507002339182823
L-aSTG→R-IFG,DMN→CEN,Kraków,eyes closed,gamma,0.01673654817511446
L-aSTG→L-mPFC,DMN→DMN,Kraków,eyes closed,gamma,0.08288023407002454
L-aSTG→R-mPFC,DMN→DMN,Kraków,eyes closed,gamma,-0.22546078664025476
L-aSTG→R-aSTG,DMN→DMN,Kraków,eyes closed,gamma,0.350716779218174
L-aSTG→L-PREC,DMN→DMN,Kraków,eyes closed,gamma,0.3224958894938676
L-aSTG→R-PREC,DMN→DMN,Kraków,eyes closed,gamma,-0.03996454718957891
L-aSTG→L-ANG,DMN→DMN,Kraków,eyes closed,gamma,-0.15865644807690413
L-aSTG→R-ANG,DMN→DMN,Kraków,eyes closed,gamma,-0.011840033438574935
L-aSTG→L-SFG,DMN→CEN,Kraków,eyes closed,gamma,0.019982273594789456
L-aSTG→R-SFG,DMN→CEN,Kraków,eyes closed,gamma,-0.02497784199348682
L-aSTG→L-pSTG,DMN→CEN,Kraków,eyes closed,gamma,0.26558485017142036
L-aSTG→R-pSTG,DMN→CEN,Kraków,eyes closed,gamma,0.33007852260947546
L-aSTG→L-ITG,DMN→CEN,Kraków,eyes closed,gamma,0.10182428757174444
L-aSTG→R-ITG,DMN→CEN,Kraków,eyes closed,gamma,-0.43589085417115914
L-aSTG→L-SUP,DMN→CEN,Kraków,eyes closed,gamma,0.08288023407002454
L-aSTG→R-SUP,DMN→CEN,Kraków,eyes closed,gamma,-0.09491579957524991
R-aSTG→L-ACC,DMN→SN,Kraków,eyes closed,gamma,-0.24295748615955767
R-aSTG→R-ACC,DMN→SN,Kraków,eyes closed,gamma,-0.07493352598046045
R-aSTG→L-INS,DMN→SN,Kraków,eyes closed,gamma,-0.13971239457518422
R-aSTG→R-INS,DMN→SN,Kraków,eyes closed,gamma,-0.17164083175692724
R-aSTG→L-IFG,DMN→DMN,Kraków,eyes closed,gamma,-0.07493352598046045
R-aSTG→R-IFG,DMN→CEN,Kraków,eyes closed,gamma,-0.1529198993156804
R-aSTG→L-mPFC,DMN→DMN,Kraków,eyes closed,gamma,-0.0026406281808758034
R-aSTG→R-mPFC,DMN→DMN,Kraków,eyes closed,gamma,-0.17928539919769426
R-aSTG→L-aSTG,DMN→DMN,Kraków,eyes closed,gamma,0.004995568398697364
R-aSTG→L-PREC,DMN→DMN,Kraków,eyes closed,gamma,0.07814422069459458
R-aSTG→R-PREC,DMN→DMN,Kraków,eyes closed,gamma,0.18220334448043043
R-aSTG→L-ANG,DMN→DMN,Kraków,eyes closed,gamma,-0.1498670519609209
R-aSTG→R-ANG,DMN→DMN,Kraków,eyes closed,gamma,0.08492466277785517
R-aSTG→L-SFG,DMN→CEN,Kraków,eyes closed,gamma,-0.29473853552314444
R-aSTG→R-SFG,DMN→CEN,Kraków,eyes closed,gamma,-0.0071040200631449614
R-aSTG→L-pSTG,DMN→CEN,Kraków,eyes closed,gamma,0.0071040200631449614
R-aSTG→R-pSTG,DMN→CEN,Kraków,eyes closed,gamma,0.052730999764027724
R-aSTG→L-ITG,DMN→CEN,Kraków,eyes closed,gamma,-0.06748819059987714
R-aSTG→R-ITG,DMN→CEN,Kraków,eyes closed,gamma,0.0350716779218174
R-aSTG→L-SUP,DMN→CEN,Kraków,eyes closed,gamma,-0.21812672530591687
R-aSTG→R-SUP,DMN→CEN,Kraków,eyes closed,gamma,-0.14397480661307122
L-PREC→L-ACC,DMN→SN,Kraków,eyes closed,gamma,0.30144725134611783
L-PREC→R-ACC,DMN→SN,Kraków,eyes closed,gamma,0.15297323202638816
L-PREC→L-INS,DMN→SN,Kraków,eyes closed,gamma,-0.16485375715701298
L-PREC→R-INS,DMN→SN,Kraków,eyes closed,gamma,-0.27372765528585646
L-PREC→L-IFG,DMN→DMN,Kraków,eyes closed,gamma,0.11120185995987919
L-PREC→R-IFG,DMN→CEN,Kraków,eyes closed,gamma,0.1633924614523341
L-PREC→L-mPFC,DMN→DMN,Kraków,eyes closed,gamma,-0.10264787073219617
L-PREC→R-mPFC,DMN→DMN,Kraków,eyes closed,gamma,-0.06843191382146412
L-PREC→L-aSTG,DMN→DMN,Kraków,eyes closed,gamma,0.2347917147387761
L-PREC→R-aSTG,DMN→DMN,Kraków,eyes closed,gamma,0.3807782174368746
L-PREC→R-PREC,DMN→DMN,Kraków,eyes closed,gamma,-0.01710797845536603
L-PREC→L-ANG,DMN→DMN,Kraków,eyes closed,gamma,0.23443266208378374
L-PREC→R-ANG,DMN→DMN,Kraków,eyes closed,gamma,0.4145786243975012
L-PREC→L-SFG,DMN→CEN,Kraków,eyes closed,gamma,-0.029973410392184183
L-PREC→R-SFG,DMN→CEN,Kraków,eyes closed,gamma,-0.22046142262626528
L-PREC→L-pSTG,DMN→CEN,Kraków,eyes closed,gamma,0.13497638119975428
L-PREC→R-pSTG,DMN→CEN,Kraków,eyes closed,gamma,-0.07493352598046045
L-PREC→L-ITG,DMN→CEN,Kraków,eyes closed,gamma,-0.00557884939170482
L-PREC→R-ITG,DMN→CEN,Kraków,eyes closed,gamma,0.07588138576326296
L-PREC→L-SUP,DMN→CEN,Kraków,eyes closed,gamma,0.16599053135713773
L-PREC→R-SUP,DMN→CEN,Kraków,eyes closed,gamma,0.10348189225314494
R-PREC→L-ACC,DMN→SN,Kraków,eyes closed,gamma,0.24295748615955767
R-PREC→R-ACC,DMN→SN,Kraków,eyes closed,gamma,0.11697953037312035
R-PREC→L-INS,DMN→SN,Kraków,eyes closed,gamma,-0.035993701653267804
R-PREC→R-INS,DMN→SN,Kraków,eyes closed,gamma,-0.21043006753090443
R-PREC→L-IFG,DMN→DMN,Kraków,eyes closed,gamma,0.23845827345289922
R-PREC→R-IFG,DMN→CEN,Kraków,eyes closed,gamma,-0.026048073564864858
R-PREC→L-mPFC,DMN→DMN,Kraków,eyes closed,gamma,0.0
R-PREC→R-mPFC,DMN→DMN,Kraków,eyes closed,gamma,-0.06494238918306573
R-PREC→L-aSTG,DMN→DMN,Kraków,eyes closed,gamma,0.11697953037312035
R-PREC→R-aSTG,DMN→DMN,Kraków,eyes closed,gamma,0.39873485531224634
R-PREC→L-PREC,DMN→DMN,Kraków,eyes closed,gamma,0.2566196768304904
R-PREC→L-ANG,DMN→DMN,Kraków,eyes closed,gamma,0.38578845713999144
R-PREC→R-ANG,DMN→DMN,Kraków,eyes closed,gamma,0.18496087779795345
R-PREC→L-SFG,DMN→CEN,Kraków,eyes closed,gamma,0.15176277152652592
R-PREC→R-SFG,DMN→CEN,Kraków,eyes closed,gamma,-0.1124803176664619
R-PREC→L-pSTG,DMN→CEN,Kraków,eyes closed,gamma,0.2845213189769458
R-PREC→R-pSTG,DMN→CEN,Kraków,eyes closed,gamma,-0.06867219394373462
R-PREC→L-ITG,DMN→CEN,Kraków,eyes closed,gamma,0.21815898406938103
R-PREC→R-ITG,DMN→CEN,Kraków,eyes closed,gamma,0.36230502322039304
R-PREC→L-SUP,DMN→CEN,Kraków,eyes closed,gamma,0.15297323202638816
R-PREC→R-SUP,DMN→CEN,Kraków,eyes closed,gamma,0.15579706267167243
L-ANG→L-ACC,DMN→SN,Kraków,eyes closed,gamma,0.1484740193197297
L-ANG→R-ACC,DMN→SN,Kraków,eyes closed,gamma,-0.09485173220407869
L-ANG→L-INS,DMN→SN,Kraków,eyes closed,gamma,0.10264787073219617
L-ANG→R-INS,DMN→SN,Kraków,eyes closed,gamma,-0.2323867438999928
L-ANG→L-IFG,DMN→DMN,Kraków,eyes closed,gamma,-0.017996850826633902
L-ANG→R-IFG,DMN→CEN,Kraków,eyes closed,gamma,-0.15985818875831564
L-ANG→L-mPFC,DMN→DMN,Kraków,eyes closed,gamma,0.1112963143226044
L-ANG→R-mPFC,DMN→DMN,Kraków,eyes closed,gamma,-0.20696378450628988
L-ANG→L-aSTG,DMN→DMN,Kraków,eyes closed,gamma,0.13488034676482882
L-ANG→R-aSTG,DMN→DMN,Kraków,eyes closed,gamma,0.4462661625680108
L-ANG→L-PREC,DMN→DMN,Kraków,eyes closed,gamma,0.25085967718320135
L-ANG→R-PREC,DMN→DMN,Kraków,eyes closed,gamma,0.03794069288163148
L-ANG→R-ANG,DMN→DMN,Kraków,eyes closed,gamma,0.24187191712040068
L-ANG→L-SFG,DMN→CEN,Kraków,eyes closed,gamma,-0.26558485017142036
L-ANG→R-SFG,DMN→CEN,Kraków,eyes closed,gamma,-0.21815898406938103
L-ANG→L-pSTG,DMN→CEN,Kraków,eyes closed,gamma,0.25135709034080855
L-ANG→R-pSTG,DMN→CEN,Kraków,eyes closed,gamma,-0.21596220991960682
L-ANG→L-ITG,DMN→CEN,Kraków,eyes closed,gamma,0.07382339966963881
L-ANG→R-ITG,DMN→CEN,Kraków,eyes closed,gamma,-0.19246475762286783
L-ANG→L-SUP,DMN→CEN,Kraków,eyes closed,gamma,0.28929778322244
L-ANG→R-SUP,DMN→CEN,Kraków,eyes closed,gamma,-0.029938962296890553
R-ANG→L-ACC,DMN→SN,Kraków,eyes closed,gamma,0.08714072996890153
R-ANG→R-ACC,DMN→SN,Kraków,eyes closed,gamma,-0.04499212706658476
R-ANG→L-INS,DMN→SN,Kraków,eyes closed,gamma,-0.109902504771342
R-ANG→R-INS,DMN→SN,Kraków,eyes closed,gamma,-0.3546853563075128
R-ANG→L-IFG,DMN→DMN,Kraków,eyes closed,gamma,-0.13497638119975428
R-ANG→R-IFG,DMN→CEN,Kraków,eyes closed,gamma,-0.3149448894660933
R-ANG→L-mPFC,DMN→DMN,Kraków,eyes closed,gamma,-0.1952597287096687
R-ANG→R-mPFC,DMN→DMN,Kraków,eyes closed,gamma,-0.31361495776938747
R-ANG→L-aSTG,DMN→DMN,Kraków,eyes closed,gamma,-0.22674329898531922
R-ANG→R-aSTG,DMN→DMN,Kraków,eyes closed,gamma,-0.18470663592135356
R-ANG→L-PREC,DMN→DMN,Kraków,eyes closed,gamma,0.03905194574193374
R-ANG→R-PREC,DMN→DMN,Kraków,eyes closed,gamma,-0.18455849917409703
R-ANG→L-ANG,DMN→DMN,Kraków,eyes closed,gamma,-0.21917213901269172
R-ANG→L-SFG,DMN→CEN,Kraków,eyes closed,gamma,-0.12128129945726378
R-ANG→R-SFG,DMN→CEN,Kraków,eyes closed,gamma,-0.217575126276488
R-ANG→L-pSTG,DMN→CEN,Kraków,eyes closed,gamma,0.109902504771342
R-ANG→R-pSTG,DMN→CEN,Kraków,eyes closed,gamma,-0.08436959962244435
R-ANG→L-ITG,DMN→CEN,Kraków,eyes closed,gamma,0.05597170785495562
R-ANG→R-ITG,DMN→CEN,Kraków,eyes closed,gamma,-0.034968978790881546
R-ANG→L-SUP,DMN→CEN,Kraków,eyes closed,gamma,-0.08185947360714992
R-ANG→R-SUP,DMN→CEN,Kraków,eyes closed,gamma,-0.054951252385671
L-SFG→L-ACC,CEN→SN,Kraków,eyes closed,gamma,0.3914315054792874
L-SFG→R-ACC,CEN→SN,Kraków,eyes closed,gamma,-0.2086738108489731
L-SFG→L-INS,CEN→SN,Kraków,eyes closed,gamma,-0.019982273594789456
L-SFG→R-INS,CEN→SN,Kraków,eyes closed,gamma,-0.1633924614523341
L-SFG→L-IFG,CEN→DMN,Kraków,eyes closed,gamma,0.24977841993486818
L-SFG→R-IFG,CEN→CEN,Kraków,eyes closed,gamma,-0.09010914559387476
L-SFG→L-mPFC,CEN→DMN,Kraków,eyes closed,gamma,-0.1498670519609209
L-SFG→R-mPFC,CEN→DMN,Kraków,eyes closed,gamma,0.2109239990561109
L-SFG→L-aSTG,CEN→DMN,Kraków,eyes closed,gamma,0.1371005993864721
L-SFG→R-aSTG,CEN→DMN,Kraków,eyes closed,gamma,0.15486262035961829
L-SFG→L-PREC,CEN→DMN,Kraków,eyes closed,gamma,0.11073509950445821
L-SFG→R-PREC,CEN→DMN,Kraków,eyes closed,gamma,-0.03078408694029483
L-SFG→L-ANG,CEN→DMN,Kraków,eyes closed,gamma,-0.3670473171417367
L-SFG→R-ANG,CEN→DMN,Kraków,eyes closed,gamma,0.054951252385671
L-SFG→R-SFG,CEN→CEN,Kraków,eyes closed,gamma,0.00557884939170482
L-SFG→L-pSTG,CEN→CEN,Kraków,eyes closed,gamma,0.1529198993156804
L-SFG→R-pSTG,CEN→CEN,Kraków,eyes closed,gamma,0.15985818875831564
L-SFG→L-ITG,CEN→CEN,Kraków,eyes closed,gamma,0.23443266208378374
L-SFG→R-ITG,CEN→CEN,Kraków,eyes closed,gamma,-0.21480944114398665
L-SFG→L-SUP,CEN→CEN,Kraków,eyes closed,gamma,0.14487148356222354
L-SFG→R-SUP,CEN→CEN,Kraków,eyes closed,gamma,-0.021384973069207537
R-SFG→L-ACC,CEN→SN,Kraków,eyes closed,gamma,0.13026623228103607
R-SFG→R-ACC,CEN→SN,Kraków,eyes closed,gamma,0.15486262035961829
R-SFG→L-INS,CEN→SN,Kraków,eyes closed,gamma,-0.01897034644081574
R-SFG→R-INS,CEN→SN,Kraków,eyes closed,gamma,0.1798404623531051
R-SFG→L-IFG,CEN→DMN,Kraków,eyes closed,gamma,0.24295748615955767
R-SFG→R-IFG,CEN→CEN,Kraków,eyes closed,gamma,0.13497638119975428
R-SFG→L-mPFC,CEN→DMN,Kraków,eyes closed,gamma,0.03421595691073206
R-SFG→R-mPFC,CEN→DMN,Kraków,eyes closed,gamma,-0.17546929555968052
R-SFG→L-aSTG,CEN→DMN,Kraków,eyes closed,gamma,0.053990552479901706
R-SFG→R-aSTG,CEN→DMN,Kraków,eyes closed,gamma,0.3556939957652951
R-SFG→L-PREC,CEN→DMN,Kraków,eyes closed,gamma,0.17546929555968052
R-SFG→R-PREC,CEN→DMN,Kraków,eyes closed,gamma,0.19918863762856526
R-SFG→L-ANG,CEN→DMN,Kraków,eyes closed,gamma,0.11382207864489444
R-SFG→R-ANG,CEN→DMN,Kraków,eyes closed,gamma,0.29878295644284786
R-SFG→L-SFG,CEN→CEN,Kraków,eyes closed,gamma,0.02798585392747781
R-SFG→L-pSTG,CEN→CEN,Kraków,eyes closed,gamma,0.15865644807690413
R-SFG→R-pSTG,CEN→CEN,Kraków,eyes closed,gamma,0.08981688689067165
R-SFG→L-ITG,CEN→CEN,Kraków,eyes closed,gamma,0.1338923854009157
R-SFG→R-ITG,CEN→CEN,Kraków,eyes closed,gamma,0.18220334448043043
R-SFG→L-SUP,CEN→CEN,Kraków,eyes closed,gamma,0.0580040997404305
R-SFG→R-SUP,CEN→CEN,Kraków,eyes closed,gamma,0.38889210203672264
L-pSTG→L-ACC,CEN→SN,Kraków,eyes closed,gamma,-0.08288023407002454
L-pSTG→R-ACC,CEN→SN,Kraków,eyes closed,gamma,0.2574698561327959
L-pSTG→L-INS,CEN→SN,Kraków,eyes closed,gamma,0.05016487443661422
L-pSTG→R-INS,CEN→SN,Kraków,eyes closed,gamma,-0.16736548175114463
L-pSTG→L-IFG,CEN→DMN,Kraków,eyes closed,gamma,0.22147019900891643
L-pSTG→R-IFG,CEN→CEN,Kraków,eyes closed,gamma,-0.04496011558827628
L-pSTG→L-mPFC,CEN→DMN,Kraków,eyes closed,gamma,-0.12804983847550624
L-pSTG→R-mPFC,CEN→DMN,Kraków,eyes closed,gamma,-0.29473853552314444
L-pSTG→L-aSTG,CEN→DMN,Kraków,eyes closed,gamma,-0.20481830434659193
L-pSTG→R-aSTG,CEN→DMN,Kraków,eyes closed,gamma,0.2347917147387761
L-pSTG→L-PREC,CEN→DMN,Kraków,eyes closed,gamma,0.06748819059987714
L-pSTG→R-PREC,CEN→DMN,Kraków,eyes closed,gamma,-0.2647651251309603
L-pSTG→L-ANG,CEN→DMN,Kraków,eyes closed,gamma,0.03432816635138545
L-pSTG→R-ANG,CEN→DMN,Kraków,eyes closed,gamma,0.08368274087557231
L-pSTG→L-SFG,CEN→CEN,Kraków,eyes closed,gamma,0.09770324269240473
L-pSTG→R-SFG,CEN→CEN,Kraków,eyes closed,gamma,-0.13987591516352618
L-pSTG→R-pSTG,CEN→CEN,Kraków,eyes closed,gamma,-0.14505008418432533
L-pSTG→L-ITG,CEN→CEN,Kraków,eyes closed,gamma,-0.09837087611835467
L-pSTG→R-ITG,CEN→CEN,Kraków,eyes closed,gamma,-0.24977841993486818
L-pSTG→L-SUP,CEN→CEN,Kraków,eyes closed,gamma,0.021092399905611087
L-pSTG→R-SUP,CEN→CEN,Kraków,eyes closed,gamma,-0.17852318053455424
R-pSTG→L-ACC,CEN→SN,Kraków,eyes closed,gamma,0.49955683986973637
R-pSTG→R-ACC,CEN→SN,Kraków,eyes closed,gamma,0.3104456767594348
R-pSTG→L-INS,CEN→SN,Kraków,eyes closed,gamma,0.2609543369861916
R-pSTG→R-INS,CEN→SN,Kraków,eyes closed,gamma,0.13947559390641276
R-pSTG→L-IFG,CEN→DMN,Kraków,eyes closed,gamma,0.2677847708018314
R-pSTG→R-IFG,CEN→CEN,Kraków,eyes closed,gamma,0.23845827345289922
R-pSTG→L-mPFC,CEN→DMN,Kraków,eyes closed,gamma,0.3068367165437651
R-pSTG→R-mPFC,CEN→DMN,Kraków,eyes closed,gamma,0.22674329898531922
R-pSTG→L-aSTG,CEN→DMN,Kraków,eyes closed,gamma,0.12804983847550624
R-pSTG→R-aSTG,CEN→DMN,Kraków,eyes closed,gamma,0.44092284525253056
R-pSTG→L-PREC,CEN→DMN,Kraków,eyes closed,gamma,0.3007368493398033
R-pSTG→R-PREC,CEN→DMN,Kraków,eyes closed,gamma,0.1664708701463636
R-pSTG→L-ANG,CEN→DMN,Kraków,eyes closed,gamma,0.1318274994100693
R-pSTG→R-ANG,CEN→DMN,Kraków,eyes closed,gamma,0.5084110358524078
R-pSTG→L-SFG,CEN→CEN,Kraków,eyes closed,gamma,0.3528329964695331
R-pSTG→R-SFG,CEN→CEN,Kraków,eyes closed,gamma,0.035993701653267804
R-pSTG→L-pSTG,CEN→CEN,Kraków,eyes closed,gamma,0.3626252104608133
R-pSTG→L-ITG,CEN→CEN,Kraków,eyes closed,gamma,0.35095140915509115
R-pSTG→R-ITG,CEN→CEN,Kraków,eyes closed,gamma,0.2703274367816243
R-pSTG→L-SUP,CEN→CEN,Kraków,eyes closed,gamma,0.3329417402927272
R-pSTG→R-SUP,CEN→CEN,Kraków,eyes closed,gamma,0.3934835044734187
L-ITG→L-ACC,CEN→SN,Kraków,eyes closed,gamma,0.11975584918756221
L-ITG→R-ACC,CEN→SN,Kraków,eyes closed,gamma,-0.1259779557864373
L-ITG→L-INS,CEN→SN,Kraków,eyes closed,gamma,0.11489807317003937
L-ITG→R-INS,CEN→SN,Kraków,eyes closed,gamma,-0.21480944114398665
L-ITG→L-IFG,CEN→DMN,Kraków,eyes closed,gamma,0.19796535909297291
L-ITG→R-IFG,CEN→CEN,Kraków,eyes closed,gamma,0.18896693367965595
L-ITG→L-mPFC,CEN→DMN,Kraków,eyes closed,gamma,-0.19444605101836132
L-ITG→R-mPFC,CEN→DMN,Kraków,eyes closed,gamma,-0.1798404623531051
L-ITG→L-aSTG,CEN→DMN,Kraków,eyes closed,gamma,-0.051323935366098083
L-ITG→R-aSTG,CEN→DMN,Kraków,eyes closed,gamma,0.43088061446804243
L-ITG→L-PREC,CEN→DMN,Kraków,eyes closed,gamma,0.19180854170491396
L-ITG→R-PREC,CEN→DMN,Kraków,eyes closed,gamma,0.03996454718957891
L-ITG→L-ANG,CEN→DMN,Kraków,eyes closed,gamma,-0.04499212706658476
L-ITG→R-ANG,CEN→DMN,Kraków,eyes closed,gamma,0.2339590607462407
L-ITG→L-SFG,CEN→CEN,Kraków,eyes closed,gamma,0.256140933544953
L-ITG→R-SFG,CEN→CEN,Kraków,eyes closed,gamma,-0.19180854170491396
L-ITG→L-pSTG,CEN→CEN,Kraków,eyes closed,gamma,0.034968978790881546
L-ITG→R-pSTG,CEN→CEN,Kraków,eyes closed,gamma,0.019982273594789456
L-ITG→R-ITG,CEN→CEN,Kraków,eyes closed,gamma,0.17928539919769426
L-ITG→L-SUP,CEN→CEN,Kraków,eyes closed,gamma,0.18343516397832096
L-ITG→R-SUP,CEN→CEN,Kraków,eyes closed,gamma,0.1664708701463636
R-ITG→L-ACC,CEN→SN,Kraków,eyes closed,gamma,0.4191371837255527
R-ITG→R-ACC,CEN→SN,Kraków,eyes closed,gamma,0.17760050157862403
R-ITG→L-INS,CEN→SN,Kraków,eyes closed,gamma,0.16984932555571033
R-ITG→R-INS,CEN→SN,Kraków,eyes closed,gamma,-0.10298449905415635
R-ITG→L-IFG,CEN→DMN,Kraków,eyes closed,gamma,0.18818776300902634
R-ITG→R-IFG,CEN→CEN,Kraków,eyes closed,gamma,0.002368006687714987
R-ITG→L-mPFC,CEN→DMN,Kraków,eyes closed,gamma,0.10798110495980341
R-ITG→R-mPFC,CEN→DMN,Kraków,eyes closed,gamma,0.06867219394373462
R-ITG→L-aSTG,CEN→DMN,Kraków,eyes closed,gamma,-0.04949133977324323
R-ITG→R-aSTG,CEN→DMN,Kraków,eyes closed,gamma,0.2426077975197148
R-ITG→L-PREC,CEN→DMN,Kraków,eyes closed,gamma,0.029046909989633843
R-ITG→R-PREC,CEN→DMN,Kraków,eyes closed,gamma,0.04995568398697364
R-ITG→L-ANG,CEN→DMN,Kraków,eyes closed,gamma,-0.17097008285302207
R-ITG→R-ANG,CEN→DMN,Kraków,eyes closed,gamma,0.24295748615955767
R-ITG→L-SFG,CEN→CEN,Kraków,eyes closed,gamma,0.19346614638631446
R-ITG→R-SFG,CEN→CEN,Kraków,eyes closed,gamma,0.3058397986313608
R-ITG→L-pSTG,CEN→CEN,Kraków,eyes closed,gamma,0.10298449905415635
R-ITG→R-pSTG,CEN→CEN,Kraków,eyes closed,gamma,-0.11856466525509837
R-ITG→L-ITG,CEN→CEN,Kraków,eyes closed,gamma,0.13947559390641276
R-ITG→L-SUP,CEN→CEN,Kraków,eyes closed,gamma,-0.01657604681400491
R-ITG→R-SUP,CEN→CEN,Kraków,eyes closed,gamma,-0.08998425413316952
L-SUP→L-ACC,CEN→SN,Kraków,eyes closed,gamma,0.17484489395440772
L-SUP→R-ACC,CEN→SN,Kraków,eyes closed,gamma,-0.02249606353329238
L-SUP→L-INS,CEN→SN,Kraków,eyes closed,gamma,0.3036722408007174
L-SUP→R-INS,CEN→SN,Kraków,eyes closed,gamma,-0.16107831903342404
L-SUP→L-IFG,CEN→DMN,Kraków,eyes closed,gamma,0.2822816445135395
L-SUP→R-IFG,CEN→CEN,Kraków,eyes closed,gamma,0.021092399905611087
L-SUP→L-mPFC,CEN→DMN,Kraków,eyes closed,gamma,-0.08368274087557231
L-SUP→R-mPFC,CEN→DMN,Kraków,eyes closed,gamma,0.08492466277785517
L-SUP→L-aSTG,CEN→DMN,Kraków,eyes closed,gamma,0.029973410392184183
L-SUP→R-aSTG,CEN→DMN,Kraków,eyes closed,gamma,0.26976069352965765
L-SUP→L-PREC,CEN→DMN,Kraków,eyes closed,gamma,0.34194016570604413
L-SUP→R-PREC,CEN→DMN,Kraków,eyes closed,gamma,0.4458031413591699
L-SUP→L-ANG,CEN→DMN,Kraków,eyes closed,gamma,0.3239433148794102
L-SUP→R-ANG,CEN→DMN,Kraków,eyes closed,gamma,0.507456767291821
L-SUP→L-SFG,CEN→CEN,Kraków,eyes closed,gamma,0.10348189225314494
L-SUP→R-SFG,CEN→CEN,Kraków,eyes closed,gamma,-0.09898267954648646
L-SUP→L-pSTG,CEN→CEN,Kraków,eyes closed,gamma,0.4092973680357496
L-SUP→R-pSTG,CEN→CEN,Kraków,eyes closed,gamma,0.07382339966963881
L-SUP→L-ITG,CEN→CEN,Kraków,eyes closed,gamma,0.034968978790881546
L-SUP→R-ITG,CEN→CEN,Kraków,eyes closed,gamma,-0.1112963143226044
L-SUP→R-SUP,CEN→CEN,Kraków,eyes closed,gamma,0.04025611369115478
R-SUP→L-ACC,CEN→SN,Kraków,eyes closed,gamma,0.3007368493398033
R-SUP→R-ACC,CEN→SN,Kraków,eyes closed,gamma,0.03358302471297337
R-SUP→L-INS,CEN→SN,Kraków,eyes closed,gamma,0.047457899787624956
R-SUP→R-INS,CEN→SN,Kraków,eyes closed,gamma,-0.13971239457518422
R-SUP→L-IFG,CEN→DMN,Kraków,eyes closed,gamma,0.13488034676482882
R-SUP→R-IFG,CEN→CEN,Kraków,eyes closed,gamma,0.008998425413316951
R-SUP→L-mPFC,CEN→DMN,Kraków,eyes closed,gamma,-0.3347030827127233
R-SUP→R-mPFC,CEN→DMN,Kraków,eyes closed,gamma,-0.24187191712040068
R-SUP→L-aSTG,CEN→DMN,Kraków,eyes closed,gamma,-0.013497638119975426
R-SUP→R-aSTG,CEN→DMN,Kraków,eyes closed,gamma,0.052730999764027724
R-SUP→L-PREC,CEN→DMN,Kraków,eyes closed,gamma,0.10018889955165268
R-SUP→R-PREC,CEN→DMN,Kraków,eyes closed,gamma,0.06494238918306573
R-SUP→L-ANG,CEN→DMN,Kraków,eyes closed,gamma,-0.04972814044201473
R-SUP→R-ANG,CEN→DMN,Kraków,eyes closed,gamma,0.5802003367373013
R-SUP→L-SFG,CEN→CEN,Kraków,eyes closed,gamma,0.03149448894660933
R-SUP→R-SFG,CEN→CEN,Kraków,eyes closed,gamma,-0.029046909989633843
R-SUP→L-pSTG,CEN→CEN,Kraków,eyes closed,gamma,0.04463079513363856
R-SUP→R-pSTG,CEN→CEN,Kraków,eyes closed,gamma,0.04972814044201473
R-SUP→L-ITG,CEN→CEN,Kraków,eyes closed,gamma,0.040492914359926274
R-SUP→R-ITG,CEN→CEN,Kraków,eyes closed,gamma,-0.04499212706658476
R-SUP→L-SUP,CEN→CEN,Kraków,eyes closed,gamma,-0.040492914359926274
L-ACC→R-ACC,SN→SN,Kraków,eyes closed,theta,0.1318274994100693
L-ACC→L-INS,SN→SN,Kraków,eyes closed,theta,-0.014986705196092092
L-ACC→R-INS,SN→SN,Kraków,eyes closed,theta,-0.2437886929889659
L-ACC→L-IFG,SN→DMN,Kraków,eyes closed,theta,0.011840033438574935
L-ACC→R-IFG,SN→CEN,Kraków,eyes closed,theta,-0.2024645717996314
L-ACC→L-mPFC,SN→DMN,Kraków,eyes closed,theta,-0.512199353902025
L-ACC→R-mPFC,SN→DMN,Kraków,eyes closed,theta,-0.15397180609829428
L-ACC→L-aSTG,SN→DMN,Kraków,eyes closed,theta,0.1798404623531051
L-ACC→R-aSTG,SN→DMN,Kraków,eyes closed,theta,0.09409388150451317
L-ACC→L-PREC,SN→DMN,Kraków,eyes closed,theta,0.10656030094717442
L-ACC→R-PREC,SN→DMN,Kraków,eyes closed,theta,-0.07698590304914714
L-ACC→L-ANG,SN→DMN,Kraków,eyes closed,theta,-0.30144725134611783
L-ACC→R-ANG,SN→DMN,Kraków,eyes closed,theta,-0.1293907808629144
L-ACC→L-SFG,SN→CEN,Kraków,eyes closed,theta,-0.017996850826633902
L-ACC→R-SFG,SN→CEN,Kraków,eyes closed,theta,-0.3047296723205392
L-ACC→L-pSTG,SN→CEN,Kraków,eyes closed,theta,0.2426077975197148
L-ACC→R-pSTG,SN→CEN,Kraków,eyes closed,theta,-0.21480944114398665
L-ACC→L-ITG,SN→CEN,Kraków,eyes closed,theta,0.1633924614523341
L-ACC→R-ITG,SN→CEN,Kraków,eyes closed,theta,-0.08992023117655255
L-ACC→L-SUP,SN→CEN,Kraków,eyes closed,theta,0.3670473171417367
L-ACC→R-SUP,SN→CEN,Kraków,eyes closed,theta,0.029938962296890553
R-ACC→L-ACC,SN→SN,Kraków,eyes closed,theta,0.09448346683982797
R-ACC→L-INS,SN→SN,Kraków,eyes closed,theta,-0.035993701653267804
R-ACC→R-INS,SN→SN,Kraków,eyes closed,theta,-0.3216590985605691
R-ACC→L-IFG,SN→DMN,Kraków,eyes closed,theta,0.026995276239950853
R-ACC→R-IFG,SN→CEN,Kraków,eyes closed,theta,0.10182428757174444
R-ACC→L-mPFC,SN→DMN,Kraków,eyes closed,theta,-0.31638599858416633
R-ACC→R-mPFC,SN→DMN,Kraków,eyes closed,theta,-0.14397480661307122
R-ACC→L-aSTG,SN→DMN,Kraków,eyes closed,theta,0.12076834107346433
R-ACC→R-aSTG,SN→DMN,Kraków,eyes closed,theta,0.16485375715701298
R-ACC→L-PREC,SN→DMN,Kraków,eyes closed,theta,0.348024598442583
R-ACC→R-PREC,SN→DMN,Kraków,eyes closed,theta,-0.28058330764162476
R-ACC→L-ANG,SN→DMN,Kraków,eyes closed,theta,0.02958631677069693
R-ACC→R-ANG,SN→DMN,Kraków,eyes closed,theta,0.0679306955342881
R-ACC→L-SFG,SN→CEN,Kraków,eyes closed,theta,0.13686382764292823
R-ACC→R-SFG,SN→CEN,Kraków,eyes closed,theta,0.04499212706658476
R-ACC→L-pSTG,SN→CEN,Kraków,eyes closed,theta,0.10907949203469051
R-ACC→R-pSTG,SN→CEN,Kraków,eyes closed,theta,0.0
R-ACC→L-ITG,SN→CEN,Kraków,eyes closed,theta,0.1318274994100693
R-ACC→R-ITG,SN→CEN,Kraków,eyes closed,theta,0.042184799811222175
R-ACC→L-SUP,SN→CEN,Kraków,eyes closed,theta,0.055453191798391886
R-ACC→R-SUP,SN→CEN,Kraków,eyes closed,theta,-0.1710797845536603
L-INS→L-ACC,SN→SN,Kraków,eyes closed,theta,0.1259779557864373
L-INS→R-ACC,SN→SN,Kraków,eyes closed,theta,0.026995276239950853
L-INS→R-INS,SN→SN,Kraków,eyes closed,theta,-0.2519559115728746
L-INS→L-IFG,SN→DMN,Kraków,eyes closed,theta,0.18483603075180247
L-INS→R-IFG,SN→CEN,Kraków,eyes closed,theta,0.15819299929208316
L-INS→L-mPFC,SN→DMN,Kraków,eyes closed,theta,-0.17073311796734164
L-INS→R-mPFC,SN→DMN,Kraków,eyes closed,theta,-0.026995276239950853
L-INS→L-aSTG,SN→DMN,Kraków,eyes closed,theta,0.03078408694029483
L-INS→R-aSTG,SN→DMN,Kraków,eyes closed,theta,0.08288023407002454
L-INS→L-PREC,SN→DMN,Kraków,eyes closed,theta,0.05994682078436837
L-INS→R-PREC,SN→DMN,Kraków,eyes closed,theta,-0.2636549988201386
L-INS→L-ANG,SN→DMN,Kraków,eyes closed,theta,0.2109239990561109
L-INS→R-ANG,SN→DMN,Kraków,eyes closed,theta,0.09491579957524991
L-INS→L-SFG,SN→CEN,Kraków,eyes closed,theta,0.035520100315724806
L-INS→R-SFG,SN→CEN,Kraków,eyes closed,theta,-0.04496011558827628
L-INS→L-pSTG,SN→CEN,Kraków,eyes closed,theta,0.1304771684930958
L-INS→R-pSTG,SN→CEN,Kraków,eyes closed,theta,0.23047102634337152
L-INS→L-ITG,SN→CEN,Kraków,eyes closed,theta,0.04496011558827628
L-INS→R-ITG,SN→CEN,Kraków,eyes closed,theta,0.008998425413316951
L-INS→L-SUP,SN→CEN,Kraków,eyes closed,theta,-0.16599053135713773
L-INS→R-SUP,SN→CEN,Kraków,eyes closed,theta,-0.3812490767221129
R-INS→L-ACC,SN→SN,Kraków,eyes closed,theta,-0.10433690542448655
R-INS→R-ACC,SN→SN,Kraków,eyes closed,theta,0.09010914559387476
R-INS→L-INS,SN→SN,Kraków,eyes closed,theta,0.2161970990325137
R-INS→L-IFG,SN→DMN,Kraków,eyes closed,theta,0.23501590809794656
R-INS→R-IFG,SN→CEN,Kraków,eyes closed,theta,0.5765085909060429
R-INS→L-mPFC,SN→DMN,Kraków,eyes closed,theta,-0.13987591516352618
R-INS→R-mPFC,SN→DMN,Kraków,eyes closed,theta,0.14918442132604418
R-INS→L-aSTG,SN→DMN,Kraków,eyes closed,theta,0.24661450373060462
R-INS→R-aSTG,SN→DMN,Kraków,eyes closed,theta,0.4191371837255527
R-INS→L-PREC,SN→DMN,Kraków,eyes closed,theta,0.17928539919769426
R-INS→R-PREC,SN→DMN,Kraków,eyes closed,theta,0.17484489395440772
R-INS→L-ANG,SN→DMN,Kraków,eyes closed,theta,0.11697953037312035
R-INS→R-ANG,SN→DMN,Kraków,eyes closed,theta,0.12410952450116279
R-INS→L-SFG,SN→CEN,Kraków,eyes closed,theta,-0.05037453706946006
R-INS→R-SFG,SN→CEN,Kraków,eyes closed,theta,0.11834526708278773
R-INS→L-pSTG,SN→CEN,Kraków,eyes closed,theta,0.2012805684557739
R-INS→R-pSTG,SN→CEN,Kraków,eyes closed,theta,-0.18983159915049982
R-INS→L-ITG,SN→CEN,Kraków,eyes closed,theta,0.3207745960381131
R-INS→R-ITG,SN→CEN,Kraków,eyes closed,theta,0.0806239723734669
R-INS→L-SUP,SN→CEN,Kraków,eyes closed,theta,-0.1505158063099208
R-INS→R-SUP,SN→CEN,Kraków,eyes closed,theta,-0.07698590304914714
L-IFG→L-ACC,DMN→SN,Kraków,eyes closed,theta,-0.07198740330653561
L-IFG→R-ACC,DMN→SN,Kraków,eyes closed,theta,-0.3068367165437651
L-IFG→L-INS,DMN→SN,Kraków,eyes closed,theta,0.09448346683982797
L-IFG→R-INS,DMN→SN,Kraków,eyes closed,theta,0.12330725186530231
L-IFG→R-IFG,DMN→CEN,Kraków,eyes closed,theta,-0.08016383524986835
L-IFG→L-mPFC,DMN→DMN,Kraków,eyes closed,theta,-0.42447635997800887
L-IFG→R-mPFC,DMN→DMN,Kraków,eyes closed,theta,-0.1259779557864373
L-IFG→L-aSTG,DMN→DMN,Kraków,eyes closed,theta,0.15384884720762404
L-IFG→R-aSTG,DMN→DMN,Kraków,eyes closed,theta,-0.04496011558827628
L-IFG→L-PREC,DMN→DMN,Kraków,eyes closed,theta,-0.015030719109350317
L-IFG→R-PREC,DMN→DMN,Kraków,eyes closed,theta,-0.06494238918306573
L-IFG→L-ANG,DMN→DMN,Kraków,eyes closed,theta,-0.008998425413316951
L-IFG→R-ANG,DMN→DMN,Kraków,eyes closed,theta,0.04995568398697364
L-IFG→L-SFG,DMN→CEN,Kraków,eyes closed,theta,-0.20696378450628988
L-IFG→R-SFG,DMN→CEN,Kraków,eyes closed,theta,-0.09991136797394728
L-IFG→L-pSTG,DMN→CEN,Kraków,eyes closed,theta,0.10041928905068676
L-IFG→R-pSTG,DMN→CEN,Kraków,eyes closed,theta,0.008998425413316951
L-IFG→L-ITG,DMN→CEN,Kraków,eyes closed,theta,-0.01115769878340964
L-IFG→R-ITG,DMN→CEN,Kraków,eyes closed,theta,-0.2969480386394594
L-IFG→L-SUP,DMN→CEN,Kraków,eyes closed,theta,0.14505008418432533
L-IFG→R-SUP,DMN→CEN,Kraków,eyes closed,theta,-0.13497638119975428
R-IFG→L-ACC,CEN→SN,Kraków,eyes closed,theta,0.054951252385671
R-IFG→R-ACC,CEN→SN,Kraków,eyes closed,theta,-0.04463079513363856
R-IFG→L-INS,CEN→SN,Kraków,eyes closed,theta,0.1625257953259773
R-IFG→R-INS,CEN→SN,Kraków,eyes closed,theta,0.1664708701463636
R-IFG→L-IFG,CEN→DMN,Kraków,eyes closed,theta,-0.04499212706658475
R-IFG→L-mPFC,CEN→DMN,Kraków,eyes closed,theta,0.02131206018943488
R-IFG→R-mPFC,CEN→DMN,Kraków,eyes closed,theta,-0.1259779557864373
R-IFG→L-aSTG,CEN→DMN,Kraków,eyes closed,theta,0.31344156398775147
R-IFG→R-aSTG,CEN→DMN,Kraków,eyes closed,theta,0.06993795758176309
R-IFG→L-PREC,CEN→DMN,Kraków,eyes closed,theta,-0.1498670519609209
R-IFG→R-PREC,CEN→DMN,Kraków,eyes closed,theta,-0.24977841993486818
R-IFG→L-ANG,CEN→DMN,Kraków,eyes closed,theta,0.06855029969323605
R-IFG→R-ANG,CEN→DMN,Kraków,eyes closed,theta,-0.17286448820319406
R-IFG→L-SFG,CEN→CEN,Kraków,eyes closed,theta,0.08998425413316952
R-IFG→R-SFG,CEN→CEN,Kraków,eyes closed,theta,-0.19346614638631446
R-IFG→L-pSTG,CEN→CEN,Kraków,eyes closed,theta,0.062023678531306525
R-IFG→R-pSTG,CEN→CEN,Kraków,eyes closed,theta,-0.34968978790881544
R-IFG→L-ITG,CEN→CEN,Kraków,eyes closed,theta,-0.16485375715701298
R-IFG→R-ITG,CEN→CEN,Kraków,eyes closed,theta,-0.25976955673226293
R-IFG→L-SUP,CEN→CEN,Kraków,eyes closed,theta,0.06136734330875302
R-IFG→R-SUP,CEN→CEN,Kraków,eyes closed,theta,-0.2249606353329238
L-mPFC→L-ACC,DMN→SN,Kraków,eyes closed,theta,-0.008553989227683014
L-mPFC→R-ACC,DMN→SN,Kraków,eyes closed,theta,-0.13279242508571018
L-mPFC→L-INS,DMN→SN,Kraków,eyes closed,theta,0.18983159915049982
L-mPFC→R-INS,DMN→SN,Kraków,eyes closed,theta,0.0
L-mPFC→L-IFG,DMN→DMN,Kraków,eyes closed,theta,-0.04995568398697364
L-mPFC→R-IFG,DMN→CEN,Kraków,eyes closed,theta,0.11603232769803436
L-mPFC→R-mPFC,DMN→DMN,Kraków,eyes closed,theta,0.20040958812467086
L-mPFC→L-aSTG,DMN→DMN,Kraków,eyes closed,theta,0.03996454718957891
L-mPFC→R-aSTG,DMN→DMN,Kraków,eyes closed,theta,0.2560996769510125
L-mPFC→L-PREC,DMN→DMN,Kraków,eyes closed,theta,0.03905194574193374
L-mPFC→R-PREC,DMN→DMN,Kraków,eyes closed,theta,-0.033198106271427545
L-mPFC→L-ANG,DMN→DMN,Kraków,eyes closed,theta,0.07382339966963881
L-mPFC→R-ANG,DMN→DMN,Kraków,eyes closed,theta,0.18983159915049982
L-mPFC→L-SFG,DMN→CEN,Kraków,eyes closed,theta,-0.17546929555968052
L-mPFC→R-SFG,DMN→CEN,Kraków,eyes closed,theta,0.00557884939170482
L-mPFC→L-pSTG,DMN→CEN,Kraków,eyes closed,theta,0.24546937323501208
L-mPFC→R-pSTG,DMN→CEN,Kraków,eyes closed,theta,-0.2897429671244471
L-mPFC→L-ITG,DMN→CEN,Kraków,eyes closed,theta,0.2677847708018314
L-mPFC→R-ITG,DMN→CEN,Kraków,eyes closed,theta,0.0
L-mPFC→L-SUP,DMN→CEN,Kraków,eyes closed,theta,0.03347309635022892
L-mPFC→R-SUP,DMN→CEN,Kraków,eyes closed,theta,-0.1740122992212915
R-mPFC→L-ACC,DMN→SN,Kraków,eyes closed,theta,0.31775330288366366
R-mPFC→R-ACC,DMN→SN,Kraków,eyes closed,theta,-0.004995568398697364
R-mPFC→L-INS,DMN→SN,Kraków,eyes closed,theta,-0.13488034676482882
R-mPFC→R-INS,DMN→SN,Kraków,eyes closed,theta,0.2564551242795331
R-mPFC→L-IFG,DMN→DMN,Kraków,eyes closed,theta,0.22945984803958225
R-mPFC→R-IFG,DMN→CEN,Kraków,eyes closed,theta,0.012830983841524521
R-mPFC→L-mPFC,DMN→DMN,Kraków,eyes closed,theta,-0.0044992127066584755
R-mPFC→L-aSTG,DMN→DMN,Kraków,eyes closed,theta,0.2733636201935362
R-mPFC→R-aSTG,DMN→DMN,Kraków,eyes closed,theta,0.2940403698326439
R-mPFC→L-PREC,DMN→DMN,Kraków,eyes closed,theta,0.13497638119975428
R-mPFC→R-PREC,DMN→DMN,Kraków,eyes closed,theta,0.05994682078436837
R-mPFC→L-ANG,DMN→DMN,Kraków,eyes closed,theta,0.25695523962969846
R-mPFC→R-ANG,DMN→DMN,Kraków,eyes closed,theta,0.18483603075180247
R-mPFC→L-SFG,DMN→CEN,Kraków,eyes closed,theta,-0.06993795758176309
R-mPFC→R-SFG,DMN→CEN,Kraków,eyes closed,theta,0.10182428757174444
R-mPFC→L-pSTG,DMN→CEN,Kraków,eyes closed,theta,0.07493352598046045
R-mPFC→R-pSTG,DMN→CEN,Kraków,eyes closed,theta,-0.24478285153617083
R-mPFC→L-ITG,DMN→CEN,Kraków,eyes closed,theta,0.09485173220407869
R-mPFC→R-ITG,DMN→CEN,Kraków,eyes closed,theta,0.052730999764027724
R-mPFC→L-SUP,DMN→CEN,Kraków,eyes closed,theta,0.15985818875831564
R-mPFC→R-SUP,DMN→CEN,Kraków,eyes closed,theta,0.004995568398697364
L-aSTG→L-ACC,DMN→SN,Kraków,eyes closed,theta,0.03432816635138545
L-aSTG→R-ACC,DMN→SN,Kraków,eyes closed,theta,-0.02131206018943488
L-aSTG→L-INS,DMN→SN,Kraków,eyes closed,theta,0.22290157067958494
L-aSTG→R-INS,DMN→SN,Kraków,eyes closed,theta,-0.00948517322040787
L-aSTG→L-IFG,DMN→DMN,Kraków,eyes closed,theta,0.4323941980650274
L-aSTG→R-IFG,DMN→CEN,Kraków,eyes closed,theta,0.24029716445969815
L-aSTG→L-mPFC,DMN→DMN,Kraków,eyes closed,theta,-0.0806239723734669
L-aSTG→R-mPFC,DMN→DMN,Kraków,eyes closed,theta,0.008998425413316951
L-aSTG→R-aSTG,DMN→DMN,Kraków,eyes closed,theta,0.3462088225448872
L-aSTG→L-PREC,DMN→DMN,Kraków,eyes closed,theta,0.3058397986313608
L-aSTG→R-PREC,DMN→DMN,Kraków,eyes closed,theta,-0.21075259520663386
L-aSTG→L-ANG,DMN→DMN,Kraków,eyes closed,theta,-0.19526969068659972
L-aSTG→R-ANG,DMN→DMN,Kraków,eyes closed,theta,0.22969664870835377
L-aSTG→L-SFG,DMN→CEN,Kraków,eyes closed,theta,0.07810389148386748
L-aSTG→R-SFG,DMN→CEN,Kraków,eyes closed,theta,-0.4092973680357496
L-aSTG→L-pSTG,DMN→CEN,Kraków,eyes closed,theta,0.06639621254285509
L-aSTG→R-pSTG,DMN→CEN,Kraków,eyes closed,theta,0.2675847557117935
L-aSTG→L-ITG,DMN→CEN,Kraków,eyes closed,theta,0.0544641538174447
L-aSTG→R-ITG,DMN→CEN,Kraków,eyes closed,theta,0.2703274367816243
L-aSTG→L-SUP,DMN→CEN,Kraków,eyes closed,theta,0.07382339966963881
L-aSTG→R-SUP,DMN→CEN,Kraków,eyes closed,theta,0.0641549192076226
R-aSTG→L-ACC,DMN→SN,Kraków,eyes closed,theta,-0.054951252385671
R-aSTG→R-ACC,DMN→SN,Kraków,eyes closed,theta,-0.06855029969323605
R-aSTG→L-INS,DMN→SN,Kraków,eyes closed,theta,0.14487148356222354
R-aSTG→R-INS,DMN→SN,Kraków,eyes closed,theta,-0.18410202992625907
R-aSTG→L-IFG,DMN→DMN,Kraków,eyes closed,theta,0.014227759830611805
R-aSTG→R-IFG,DMN→CEN,Kraków,eyes closed,theta,-0.05920016719287467
R-aSTG→L-mPFC,DMN→DMN,Kraków,eyes closed,theta,-0.1115769878340964
R-aSTG→R-mPFC,DMN→DMN,Kraków,eyes closed,theta,-0.17928539919769426
R-aSTG→L-aSTG,DMN→DMN,Kraków,eyes closed,theta,0.09991136797394728
R-aSTG→L-PREC,DMN→DMN,Kraków,eyes closed,theta,0.033198106271427545
R-aSTG→R-PREC,DMN→DMN,Kraków,eyes closed,theta,-0.1948271675491972
R-aSTG→L-ANG,DMN→DMN,Kraków,eyes closed,theta,-0.22973465173619492
R-aSTG→R-ANG,DMN→DMN,Kraków,eyes closed,theta,0.09235226082088449
R-aSTG→L-SFG,DMN→CEN,Kraków,eyes closed,theta,-0.182336514954054
R-aSTG→R-SFG,DMN→CEN,Kraków,eyes closed,theta,-0.055453191798391886
R-aSTG→L-pSTG,DMN→CEN,Kraków,eyes closed,theta,-0.12831353600921086
R-aSTG→R-pSTG,DMN→CEN,Kraków,eyes closed,theta,-0.04489067907488867
R-aSTG→L-ITG,DMN→CEN,Kraków,eyes closed,theta,-0.06748819059987714
R-aSTG→R-ITG,DMN→CEN,Kraków,eyes closed,theta,-0.10433690542448655
R-aSTG→L-SUP,DMN→CEN,Kraków,eyes closed,theta,-0.32471194591532865
R-aSTG→R-SUP,DMN→CEN,Kraków,eyes closed,theta,-0.08992023117655255
L-PREC→L-ACC,DMN→SN,Kraków,eyes closed,theta,0.06748819059987714
L-PREC→R-ACC,DMN→SN,Kraków,eyes closed,theta,-0.004995568398697364
L-PREC→L-INS,DMN→SN,Kraków,eyes closed,theta,-0.03078408694029483
L-PREC→R-INS,DMN→SN,Kraków,eyes closed,theta,-0.24295748615955767
L-PREC→L-IFG,DMN→DMN,Kraków,eyes closed,theta,-0.16485375715701298
L-PREC→R-IFG,DMN→CEN,Kraków,eyes closed,theta,0.260896671444332
L-PREC→L-mPFC,DMN→DMN,Kraków,eyes closed,theta,-0.023712933051019673
L-PREC→R-mPFC,DMN→DMN,Kraków,eyes closed,theta,0.10264787073219617
L-PREC→L-aSTG,DMN→DMN,Kraków,eyes closed,theta,0.019982273594789456
L-PREC→R-aSTG,DMN→DMN,Kraków,eyes closed,theta,0.2060165818312039
L-PREC→R-PREC,DMN→DMN,Kraków,eyes closed,theta,-0.12403284380140371
L-PREC→L-ANG,DMN→DMN,Kraków,eyes closed,theta,0.1798404623531051
L-PREC→R-ANG,DMN→DMN,Kraków,eyes closed,theta,-0.04025611369115478
L-PREC→L-SFG,DMN→CEN,Kraków,eyes closed,theta,-0.04025611369115478
L-PREC→R-SFG,DMN→CEN,Kraków,eyes closed,theta,0.0350716779218174
L-PREC→L-pSTG,DMN→CEN,Kraków,eyes closed,theta,-0.27507002339182823
L-PREC→R-pSTG,DMN→CEN,Kraków,eyes closed,theta,-0.17996850826633903
L-PREC→L-ITG,DMN→CEN,Kraków,eyes closed,theta,0.23728949893812476
L-PREC→R-ITG,DMN→CEN,Kraków,eyes closed,theta,0.24295748615955767
L-PREC→L-SUP,DMN→CEN,Kraków,eyes closed,theta,-0.10546199952805545
L-PREC→R-SUP,DMN→CEN,Kraków,eyes closed,theta,0.13686382764292823
R-PREC→L-ACC,DMN→SN,Kraków,eyes closed,theta,0.2770567824626535
R-PREC→R-ACC,DMN→SN,Kraków,eyes closed,theta,-0.06012287643740127
R-PREC→L-INS,DMN→SN,Kraków,eyes closed,theta,0.11142504449422734
R-PREC→R-INS,DMN→SN,Kraków,eyes closed,theta,0.0044992127066584755
R-PREC→L-IFG,DMN→DMN,Kraków,eyes closed,theta,0.09708827419631447
R-PREC→R-IFG,DMN→CEN,Kraków,eyes closed,theta,-0.026995276239950853
R-PREC→L-mPFC,DMN→DMN,Kraków,eyes closed,theta,-0.22979614634007875
R-PREC→R-mPFC,DMN→DMN,Kraków,eyes closed,theta,-0.011840033438574935
R-PREC→L-aSTG,DMN→DMN,Kraków,eyes closed,theta,-0.05920016719287467
R-PREC→R-aSTG,DMN→DMN,Kraków,eyes closed,theta,-0.10433690542448655
R-PREC→L-PREC,DMN→DMN,Kraków,eyes closed,theta,0.008553989227683014
R-PREC→L-ANG,DMN→DMN,Kraków,eyes closed,theta,-0.008998425413316951
R-PREC→R-ANG,DMN→DMN,Kraków,eyes closed,theta,0.26053246456207213
R-PREC→L-SFG,DMN→CEN,Kraków,eyes closed,theta,-0.0641549192076226
R-PREC→R-SFG,DMN→CEN,Kraków,eyes closed,theta,-0.2805734233745392
R-PREC→L-pSTG,DMN→CEN,Kraków,eyes closed,theta,0.1798404623531051
R-PREC→R-pSTG,DMN→CEN,Kraków,eyes closed,theta,-0.042769946138415074
R-PREC→L-ITG,DMN→CEN,Kraków,eyes closed,theta,0.047046940752256586
R-PREC→R-ITG,DMN→CEN,Kraków,eyes closed,theta,0.12988477836613146
R-PREC→L-SUP,DMN→CEN,Kraków,eyes closed,theta,-0.008998425413316951
R-PREC→R-SUP,DMN→CEN,Kraków,eyes closed,theta,0.01897034644081574
L-ANG→L-ACC,DMN→SN,Kraków,eyes closed,theta,0.3149448894660933
L-ANG→R-ACC,DMN→SN,Kraków,eyes closed,theta,0.054951252385671
L-ANG→L-INS,DMN→SN,Kraków,eyes closed,theta,0.35095140915509115
L-ANG→R-INS,DMN→SN,Kraków,eyes closed,theta,-0.06639621254285509
L-ANG→L-IFG,DMN→DMN,Kraków,eyes closed,theta,0.2012805684557739
L-ANG→R-IFG,DMN→CEN,Kraków,eyes closed,theta,0.13497638119975428
L-ANG→L-mPFC,DMN→DMN,Kraków,eyes closed,theta,0.05691103932244722
L-ANG→R-mPFC,DMN→DMN,Kraków,eyes closed,theta,0.22973465173619492
L-ANG→L-aSTG,DMN→DMN,Kraków,eyes closed,theta,-0.04949133977324323
L-ANG→R-aSTG,DMN→DMN,Kraków,eyes closed,theta,0.10433690542448655
L-ANG→L-PREC,DMN→DMN,Kraków,eyes closed,theta,0.13258683302908672
L-ANG→R-PREC,DMN→DMN,Kraków,eyes closed,theta,-0.10798110495980341
L-ANG→R-ANG,DMN→DMN,Kraków,eyes closed,theta,0.2689280987965414
L-ANG→L-SFG,DMN→CEN,Kraków,eyes closed,theta,0.054951252385671
L-ANG→R-SFG,DMN→CEN,Kraków,eyes closed,theta,-0.047457899787624956
L-ANG→L-pSTG,DMN→CEN,Kraków,eyes closed,theta,0.1318274994100693
L-ANG→R-pSTG,DMN→CEN,Kraków,eyes closed,theta,-0.0044992127066584755
L-ANG→L-ITG,DMN→CEN,Kraków,eyes closed,theta,-0.015819299929208316
L-ANG→R-ITG,DMN→CEN,Kraków,eyes closed,theta,0.1318274994100693
L-ANG→L-SUP,DMN→CEN,Kraków,eyes closed,theta,-0.18983159915049982
L-ANG→R-SUP,DMN→CEN,Kraków,eyes closed,theta,-0.15397180609829428
R-ANG→L-ACC,DMN→SN,Kraków,eyes closed,theta,0.1802182911877495
R-ANG→R-ACC,DMN→SN,Kraków,eyes closed,theta,0.05643548374119099
R-ANG→L-INS,DMN→SN,Kraków,eyes closed,theta,-0.10656030094717442
R-ANG→R-INS,DMN→SN,Kraków,eyes closed,theta,-0.31564510129635664
R-ANG→L-IFG,DMN→DMN,Kraków,eyes closed,theta,-0.04499212706658476
R-ANG→R-IFG,DMN→CEN,Kraków,eyes closed,theta,-0.021092399905611087
R-ANG→L-mPFC,DMN→DMN,Kraków,eyes closed,theta,-0.2847473987257497
R-ANG→R-mPFC,DMN→DMN,Kraków,eyes closed,theta,0.0026406281808758034
R-ANG→L-aSTG,DMN→DMN,Kraków,eyes closed,theta,-0.035993701653267804
R-ANG→R-aSTG,DMN→DMN,Kraków,eyes closed,theta,0.00557884939170482
R-ANG→L-PREC,DMN→DMN,Kraków,eyes closed,theta,0.08492466277785517
R-ANG→R-PREC,DMN→DMN,Kraków,eyes closed,theta,-0.029046909989633843
R-ANG→L-ANG,DMN→DMN,Kraków,eyes closed,theta,-0.10264787073219617
R-ANG→L-SFG,DMN→CEN,Kraków,eyes closed,theta,-0.30144725134611783
R-ANG→R-SFG,DMN→CEN,Kraków,eyes closed,theta,-0.4647734877999856
R-ANG→L-pSTG,DMN→CEN,Kraków,eyes closed,theta,0.052168452712243275
R-ANG→R-pSTG,DMN→CEN,Kraków,eyes closed,theta,-0.29010016836865066
R-ANG→L-ITG,DMN→CEN,Kraków,eyes closed,theta,0.0
R-ANG→R-ITG,DMN→CEN,Kraków,eyes closed,theta,-0.08992023117655255
R-ANG→L-SUP,DMN→CEN,Kraków,eyes closed,theta,-0.25085967718320135
R-ANG→R-SUP,DMN→CEN,Kraków,eyes closed,theta,-0.08964269959884713
L-SFG→L-ACC,CEN→SN,Kraków,eyes closed,theta,0.1612479447469338
L-SFG→R-ACC,CEN→SN,Kraków,eyes closed,theta,-0.011840033438574935
L-SFG→L-INS,CEN→SN,Kraków,eyes closed,theta,0.058489765186560176
L-SFG→R-INS,CEN→SN,Kraków,eyes closed,theta,-0.27507002339182823
L-SFG→L-IFG,CEN→DMN,Kraków,eyes closed,theta,0.09770324269240473
L-SFG→R-IFG,CEN→CEN,Kraków,eyes closed,theta,0.03996454718957891
L-SFG→L-mPFC,CEN→DMN,Kraków,eyes closed,theta,-0.24514120562373531
L-SFG→R-mPFC,CEN→DMN,Kraków,eyes closed,theta,0.029046909989633843
L-SFG→L-aSTG,CEN→DMN,Kraków,eyes closed,theta,0.16533791020285346
L-SFG→R-aSTG,CEN→DMN,Kraków,eyes closed,theta,0.19510469912690256
L-SFG→L-PREC,CEN→DMN,Kraków,eyes closed,theta,0.015819299929208316
L-SFG→R-PREC,CEN→DMN,Kraków,eyes closed,theta,0.09409388150451317
L-SFG→L-ANG,CEN→DMN,Kraków,eyes closed,theta,0.10020479406233543
L-SFG→R-ANG,CEN→DMN,Kraków,eyes closed,theta,0.23989052384330728
L-SFG→R-SFG,CEN→CEN,Kraków,eyes closed,theta,0.03078408694029483
L-SFG→L-pSTG,CEN→CEN,Kraków,eyes closed,theta,0.2574698561327959
L-SFG→R-pSTG,CEN→CEN,Kraków,eyes closed,theta,-0.034968978790881546
L-SFG→L-ITG,CEN→CEN,Kraków,eyes closed,theta,0.1687391992448887
L-SFG→R-ITG,CEN→CEN,Kraków,eyes closed,theta,-0.182336514954054
L-SFG→L-SUP,CEN→CEN,Kraków,eyes closed,theta,0.06748819059987714
L-SFG→R-SUP,CEN→CEN,Kraków,eyes closed,theta,-0.07648661601319408
R-SFG→L-ACC,CEN→SN,Kraków,eyes closed,theta,-0.11856466525509837
R-SFG→R-ACC,CEN→SN,Kraków,eyes closed,theta,-0.005273099976402772
R-SFG→L-INS,CEN→SN,Kraków,eyes closed,theta,0.035993701653267804
R-SFG→R-INS,CEN→SN,Kraków,eyes closed,theta,-0.09485173220407869
R-SFG→L-IFG,CEN→DMN,Kraków,eyes closed,theta,0.3723285735034883
R-SFG→R-IFG,CEN→CEN,Kraków,eyes closed,theta,0.4218479981122218
R-SFG→L-mPFC,CEN→DMN,Kraków,eyes closed,theta,-0.13258683302908672
R-SFG→R-mPFC,CEN→DMN,Kraków,eyes closed,theta,-0.029046909989633843
R-SFG→L-aSTG,CEN→DMN,Kraków,eyes closed,theta,0.09837087611835467
R-SFG→R-aSTG,CEN→DMN,Kraków,eyes closed,theta,0.3224958894938676
R-SFG→L-PREC,CEN→DMN,Kraków,eyes closed,theta,0.13497638119975428
R-SFG→R-PREC,CEN→DMN,Kraków,eyes closed,theta,-0.013497638119975426
R-SFG→L-ANG,CEN→DMN,Kraków,eyes closed,theta,0.3869096136952931
R-SFG→R-ANG,CEN→DMN,Kraków,eyes closed,theta,-0.03078408694029483
R-SFG→L-SFG,CEN→CEN,Kraków,eyes closed,theta,0.08185947360714992
R-SFG→L-pSTG,CEN→CEN,Kraków,eyes closed,theta,-0.002368006687714987
R-SFG→R-pSTG,CEN→CEN,Kraków,eyes closed,theta,0.06748819059987714
R-SFG→L-ITG,CEN→CEN,Kraków,eyes closed,theta,0.10018889955165268
R-SFG→R-ITG,CEN→CEN,Kraków,eyes closed,theta,0.1259779557864373
R-SFG→L-SUP,CEN→CEN,Kraków,eyes closed,theta,-0.06136734330875302
R-SFG→R-SUP,CEN→CEN,Kraków,eyes closed,theta,0.04499212706658476
L-pSTG→L-ACC,CEN→SN,Kraków,eyes closed,theta,0.039609422713137055
L-pSTG→R-ACC,CEN→SN,Kraków,eyes closed,theta,-0.06136734330875302
L-pSTG→L-INS,CEN→SN,Kraków,eyes closed,theta,0.05994682078436837
L-pSTG→R-INS,CEN→SN,Kraków,eyes closed,theta,0.06136734330875302
L-pSTG→L-IFG,CEN→DMN,Kraków,eyes closed,theta,0.026365499882013862
L-pSTG→R-IFG,CEN→CEN,Kraków,eyes closed,theta,0.08492466277785517
L-pSTG→L-mPFC,CEN→DMN,Kraków,eyes closed,theta,-0.03691169983481941
L-pSTG→R-mPFC,CEN→DMN,Kraków,eyes closed,theta,-0.06867219394373462
L-pSTG→L-aSTG,CEN→DMN,Kraków,eyes closed,theta,-0.22147019900891643
L-pSTG→R-aSTG,CEN→DMN,Kraków,eyes closed,theta,0.23047102634337152
L-pSTG→L-PREC,CEN→DMN,Kraków,eyes closed,theta,0.014227759830611805
L-pSTG→R-PREC,CEN→DMN,Kraków,eyes closed,theta,-0.08368274087557231
L-pSTG→L-ANG,CEN→DMN,Kraków,eyes closed,theta,-0.1948271675491972
L-pSTG→R-ANG,CEN→DMN,Kraków,eyes closed,theta,-0.019982273594789456
L-pSTG→L-SFG,CEN→CEN,Kraków,eyes closed,theta,-0.15062893357603013
L-pSTG→R-SFG,CEN→CEN,Kraków,eyes closed,theta,-0.15486262035961829
L-pSTG→R-pSTG,CEN→CEN,Kraków,eyes closed,theta,-0.2008385781013735
L-pSTG→L-ITG,CEN→CEN,Kraków,eyes closed,theta,-0.18410202992625907
L-pSTG→R-ITG,CEN→CEN,Kraków,eyes closed,theta,-0.05994682078436837
L-pSTG→L-SUP,CEN→CEN,Kraków,eyes closed,theta,0.06639621254285509
L-pSTG→R-SUP,CEN→CEN,Kraków,eyes closed,theta,-0.2012805684557739
R-pSTG→L-ACC,CEN→SN,Kraków,eyes closed,theta,0.18896693367965595
R-pSTG→R-ACC,CEN→SN,Kraków,eyes closed,theta,0.19804711356568527
R-pSTG→L-INS,CEN→SN,Kraków,eyes closed,theta,0.454420483372506
R-pSTG→R-INS,CEN→SN,Kraków,eyes closed,theta,-0.005273099976402772
R-pSTG→L-IFG,CEN→DMN,Kraków,eyes closed,theta,0.04496011558827628
R-pSTG→R-IFG,CEN→CEN,Kraków,eyes closed,theta,0.17760050157862403
R-pSTG→L-mPFC,CEN→DMN,Kraków,eyes closed,theta,0.20541982782778764
R-pSTG→R-mPFC,CEN→DMN,Kraków,eyes closed,theta,0.19444605101836132
R-pSTG→L-aSTG,CEN→DMN,Kraków,eyes closed,theta,0.4218479981122218
R-pSTG→R-aSTG,CEN→DMN,Kraków,eyes closed,theta,0.36230502322039304
R-pSTG→L-PREC,CEN→DMN,Kraków,eyes closed,theta,0.25135709034080855
R-pSTG→R-PREC,CEN→DMN,Kraków,eyes closed,theta,0.054951252385671
R-pSTG→L-ANG,CEN→DMN,Kraków,eyes closed,theta,0.11989364156873673
R-pSTG→R-ANG,CEN→DMN,Kraków,eyes closed,theta,0.49491339773243226
R-pSTG→L-SFG,CEN→CEN,Kraków,eyes closed,theta,0.19444605101836132
R-pSTG→R-SFG,CEN→CEN,Kraków,eyes closed,theta,0.20565089907970813
R-pSTG→L-pSTG,CEN→CEN,Kraków,eyes closed,theta,0.2997341039218418
R-pSTG→L-ITG,CEN→CEN,Kraków,eyes closed,theta,0.41386021410206725
R-pSTG→R-ITG,CEN→CEN,Kraków,eyes closed,theta,0.18983159915049982
R-pSTG→L-SUP,CEN→CEN,Kraków,eyes closed,theta,0.2024645717996314
R-pSTG→R-SUP,CEN→CEN,Kraków,eyes closed,theta,0.08998425413316952
L-ITG→L-ACC,CEN→SN,Kraków,eyes closed,theta,0.2924488259328009
L-ITG→R-ACC,CEN→SN,Kraków,eyes closed,theta,0.047425866102039346
L-ITG→L-INS,CEN→SN,Kraków,eyes closed,theta,0.02249606353329238
L-ITG→R-INS,CEN→SN,Kraków,eyes closed,theta,-0.04268327949183541
L-ITG→L-IFG,CEN→DMN,Kraków,eyes closed,theta,0.22045054693713798
L-ITG→R-IFG,CEN→CEN,Kraków,eyes closed,theta,0.03905194574193374
L-ITG→L-mPFC,CEN→DMN,Kraków,eyes closed,theta,0.1259779557864373
L-ITG→R-mPFC,CEN→DMN,Kraków,eyes closed,theta,-0.04025611369115478
L-ITG→L-aSTG,CEN→DMN,Kraków,eyes closed,theta,-0.12988477836613146
L-ITG→R-aSTG,CEN→DMN,Kraków,eyes closed,theta,0.17097008285302207
L-ITG→L-PREC,CEN→DMN,Kraków,eyes closed,theta,0.3779338673593119
L-ITG→R-PREC,CEN→DMN,Kraków,eyes closed,theta,-0.09708827419631447
L-ITG→L-ANG,CEN→DMN,Kraków,eyes closed,theta,-0.1802182911877495
L-ITG→R-ANG,CEN→DMN,Kraków,eyes closed,theta,0.10032974887322844
L-ITG→L-SFG,CEN→CEN,Kraków,eyes closed,theta,-0.052168452712243275
L-ITG→R-SFG,CEN→CEN,Kraków,eyes closed,theta,0.06393618056830465
L-ITG→L-pSTG,CEN→CEN,Kraków,eyes closed,theta,0.06601570452189509
L-ITG→R-pSTG,CEN→CEN,Kraków,eyes closed,theta,0.1304771684930958
L-ITG→R-ITG,CEN→CEN,Kraków,eyes closed,theta,0.2742011987729442
L-ITG→L-SUP,CEN→CEN,Kraków,eyes closed,theta,0.05994682078436837
L-ITG→R-SUP,CEN→CEN,Kraków,eyes closed,theta,0.09491579957524991
R-ITG→L-ACC,CEN→SN,Kraków,eyes closed,theta,-0.0044992127066584755
R-ITG→R-ACC,CEN→SN,Kraków,eyes closed,theta,0.22979614634007875
R-ITG→L-INS,CEN→SN,Kraków,eyes closed,theta,0.1753567791675018
R-ITG→R-INS,CEN→SN,Kraków,eyes closed,theta,-0.11856466525509837
R-ITG→L-IFG,CEN→DMN,Kraków,eyes closed,theta,0.023712933051019673
R-ITG→R-IFG,CEN→CEN,Kraków,eyes closed,theta,0.1124803176664619
R-ITG→L-mPFC,CEN→DMN,Kraków,eyes closed,theta,0.011840033438574935
R-ITG→R-mPFC,CEN→DMN,Kraków,eyes closed,theta,0.1115769878340964
R-ITG→L-aSTG,CEN→DMN,Kraków,eyes closed,theta,0.18496087779795345
R-ITG→R-aSTG,CEN→DMN,Kraków,eyes closed,theta,0.3302330763442382
R-ITG→L-PREC,CEN→DMN,Kraków,eyes closed,theta,0.36967206150360493
R-ITG→R-PREC,CEN→DMN,Kraków,eyes closed,theta,0.10490693637264464
R-ITG→L-ANG,CEN→DMN,Kraków,eyes closed,theta,-0.029973410392184183
R-ITG→R-ANG,CEN→DMN,Kraków,eyes closed,theta,0.25085967718320135
R-ITG→L-SFG,CEN→CEN,Kraków,eyes closed,theta,0.0044992127066584755
R-ITG→R-SFG,CEN→CEN,Kraków,eyes closed,theta,0.28794961322614243
R-ITG→L-pSTG,CEN→CEN,Kraków,eyes closed,theta,0.1338923854009157
R-ITG→R-pSTG,CEN→CEN,Kraków,eyes closed,theta,-0.10692486534603769
R-ITG→L-ITG,CEN→CEN,Kraków,eyes closed,theta,0.2609543369861916
R-ITG→L-SUP,CEN→CEN,Kraków,eyes closed,theta,-0.17164083175692724
R-ITG→R-SUP,CEN→CEN,Kraków,eyes closed,theta,0.10656030094717442
L-SUP→L-ACC,CEN→SN,Kraków,eyes closed,theta,0.23978728313747347
L-SUP→R-ACC,CEN→SN,Kraków,eyes closed,theta,-0.12488920996743409
L-SUP→L-INS,CEN→SN,Kraków,eyes closed,theta,0.20641742749307834
L-SUP→R-INS,CEN→SN,Kraków,eyes closed,theta,-0.011840033438574935
L-SUP→L-IFG,CEN→DMN,Kraków,eyes closed,theta,0.33007852260947546
L-SUP→R-IFG,CEN→CEN,Kraków,eyes closed,theta,0.5677350588882978
L-SUP→L-mPFC,CEN→DMN,Kraków,eyes closed,theta,0.08436959962244435
L-SUP→R-mPFC,CEN→DMN,Kraków,eyes closed,theta,0.13753501169591412
L-SUP→L-aSTG,CEN→DMN,Kraków,eyes closed,theta,0.18983159915049982
L-SUP→R-aSTG,CEN→DMN,Kraków,eyes closed,theta,0.2609543369861916
L-SUP→L-PREC,CEN→DMN,Kraków,eyes closed,theta,-0.05611666152832495
L-SUP→R-PREC,CEN→DMN,Kraków,eyes closed,theta,0.1498670519609209
L-SUP→L-ANG,CEN→DMN,Kraków,eyes closed,theta,-0.033198106271427545
L-SUP→R-ANG,CEN→DMN,Kraków,eyes closed,theta,0.15985818875831564
L-SUP→L-SFG,CEN→CEN,Kraków,eyes closed,theta,0.22945984803958225
L-SUP→R-SFG,CEN→CEN,Kraków,eyes closed,theta,-0.16485375715701298
L-SUP→L-pSTG,CEN→CEN,Kraków,eyes closed,theta,0.3347030827127233
L-SUP→R-pSTG,CEN→CEN,Kraków,eyes closed,theta,0.19804711356568527
L-SUP→L-ITG,CEN→CEN,Kraków,eyes closed,theta,0.2331882835139489
L-SUP→R-ITG,CEN→CEN,Kraków,eyes closed,theta,-0.09519455435921866
L-SUP→R-SUP,CEN→CEN,Kraków,eyes closed,theta,-0.23916867545921372
R-SUP→L-ACC,CEN→SN,Kraków,eyes closed,theta,0.04972814044201473
R-SUP→R-ACC,CEN→SN,Kraków,eyes closed,theta,-0.08926159026727712
R-SUP→L-INS,CEN→SN,Kraków,eyes closed,theta,-0.0278942469585241
R-SUP→R-INS,CEN→SN,Kraków,eyes closed,theta,-0.285583663077656
R-SUP→L-IFG,CEN→DMN,Kraków,eyes closed,theta,0.08536655898367082
R-SUP→R-IFG,CEN→CEN,Kraków,eyes closed,theta,-0.05994682078436837
R-SUP→L-mPFC,CEN→DMN,Kraków,eyes closed,theta,-0.175358389609087
R-SUP→R-mPFC,CEN→DMN,Kraków,eyes closed,theta,-0.25135709034080855
R-SUP→L-aSTG,CEN→DMN,Kraków,eyes closed,theta,0.12988477836613146
R-SUP→R-aSTG,CEN→DMN,Kraków,eyes closed,theta,-0.09010914559387476
R-SUP→L-PREC,CEN→DMN,Kraków,eyes closed,theta,0.31944410217275176
R-SUP→R-PREC,CEN→DMN,Kraków,eyes closed,theta,0.03163859985841663
R-SUP→L-ANG,CEN→DMN,Kraków,eyes closed,theta,-0.021092399905611087
R-SUP→R-ANG,CEN→DMN,Kraków,eyes closed,theta,0.07252504209216266
R-SUP→L-SFG,CEN→CEN,Kraków,eyes closed,theta,-0.29002049870215246
R-SUP→R-SFG,CEN→CEN,Kraków,eyes closed,theta,-0.14487148356222354
R-SUP→L-pSTG,CEN→CEN,Kraków,eyes closed,theta,-0.06855029969323605
R-SUP→R-pSTG,CEN→CEN,Kraków,eyes closed,theta,0.07909649964604158
R-SUP→L-ITG,CEN→CEN,Kraków,eyes closed,theta,0.232016398961722
R-SUP→R-ITG,CEN→CEN,Kraków,eyes closed,theta,0.18496087779795345
R-SUP→L-SUP,CEN→CEN,Kraków,eyes closed,theta,0.2238868314198225
L-ACC→R-ACC,SN→SN,Kraków,eyes open,alpha,0.1302403678243243
L-ACC→L-INS,SN→SN,Kraków,eyes open,alpha,-0.11489807317003937
L-ACC→R-INS,SN→SN,Kraków,eyes open,alpha,-0.3059464640527763
L-ACC→L-IFG,SN→DMN,Kraków,eyes open,alpha,0.08553989227683015
L-ACC→R-IFG,SN→CEN,Kraków,eyes open,alpha,-0.2924488259328009
L-ACC→L-mPFC,SN→DMN,Kraków,eyes open,alpha,-0.20481830434659193
L-ACC→R-mPFC,SN→DMN,Kraków,eyes open,alpha,-0.32471194591532865
L-ACC→L-aSTG,SN→DMN,Kraków,eyes open,alpha,0.33198106271427547
L-ACC→R-aSTG,SN→DMN,Kraków,eyes open,alpha,-0.029973410392184183
L-ACC→L-PREC,SN→DMN,Kraków,eyes open,alpha,0.1318274994100693
L-ACC→R-PREC,SN→DMN,Kraków,eyes open,alpha,-0.07270890843530563
L-ACC→L-ANG,SN→DMN,Kraków,eyes open,alpha,-0.2249606353329238
L-ACC→R-ANG,SN→DMN,Kraków,eyes open,alpha,0.02497784199348682
L-ACC→L-SFG,SN→CEN,Kraków,eyes open,alpha,0.012830983841524521
L-ACC→R-SFG,SN→CEN,Kraków,eyes open,alpha,-0.39873485531224634
L-ACC→L-pSTG,SN→CEN,Kraków,eyes open,alpha,-0.11489807317003937
L-ACC→R-pSTG,SN→CEN,Kraków,eyes open,alpha,-0.3723285735034883
L-ACC→L-ITG,SN→CEN,Kraków,eyes open,alpha,-0.07493352598046045
L-ACC→R-ITG,SN→CEN,Kraków,eyes open,alpha,-0.19346614638631446
L-ACC→L-SUP,SN→CEN,Kraków,eyes open,alpha,-0.07992909437915782
L-ACC→R-SUP,SN→CEN,Kraków,eyes open,alpha,-0.1484740193197297
R-ACC→L-ACC,SN→SN,Kraków,eyes open,alpha,0.384658766699697
R-ACC→L-INS,SN→SN,Kraków,eyes open,alpha,-0.11697953037312035
R-ACC→R-INS,SN→SN,Kraków,eyes open,alpha,-0.20641742749307834
R-ACC→L-IFG,SN→DMN,Kraków,eyes open,alpha,0.07992909437915782
R-ACC→R-IFG,SN→CEN,Kraków,eyes open,alpha,-0.052168452712243275
R-ACC→L-mPFC,SN→DMN,Kraków,eyes open,alpha,-0.11882826813941116
R-ACC→R-mPFC,SN→DMN,Kraków,eyes open,alpha,-0.053990552479901706
R-ACC→L-aSTG,SN→DMN,Kraków,eyes open,alpha,0.16812847482776408
R-ACC→R-aSTG,SN→DMN,Kraków,eyes open,alpha,0.109902504771342
R-ACC→L-PREC,SN→DMN,Kraków,eyes open,alpha,0.21199627688478317
R-ACC→R-PREC,SN→DMN,Kraków,eyes open,alpha,0.004995568398697364
R-ACC→L-ANG,SN→DMN,Kraków,eyes open,alpha,-0.015819299929208316
R-ACC→R-ANG,SN→DMN,Kraków,eyes open,alpha,0.005273099976402772
R-ACC→L-SFG,SN→CEN,Kraków,eyes open,alpha,-0.260896671444332
R-ACC→R-SFG,SN→CEN,Kraków,eyes open,alpha,0.052168452712243275
R-ACC→L-pSTG,SN→CEN,Kraków,eyes open,alpha,0.2060165818312039
R-ACC→R-pSTG,SN→CEN,Kraków,eyes open,alpha,-0.08492466277785517
R-ACC→L-ITG,SN→CEN,Kraków,eyes open,alpha,0.14237369936287486
R-ACC→R-ITG,SN→CEN,Kraków,eyes open,alpha,0.02231539756681928
R-ACC→L-SUP,SN→CEN,Kraków,eyes open,alpha,-0.09491579957524991
R-ACC→R-SUP,SN→CEN,Kraków,eyes open,alpha,0.051323935366098083
L-INS→L-ACC,SN→SN,Kraków,eyes open,alpha,0.31423475352422064
L-INS→R-ACC,SN→SN,Kraków,eyes open,alpha,0.04025611369115478
L-INS→R-INS,SN→SN,Kraków,eyes open,alpha,0.10798110495980341
L-INS→L-IFG,SN→DMN,Kraków,eyes open,alpha,0.2354812660464883
L-INS→R-IFG,SN→CEN,Kraków,eyes open,alpha,0.4315753815285581
L-INS→L-mPFC,SN→DMN,Kraków,eyes open,alpha,-0.02845551966122361
L-INS→R-mPFC,SN→DMN,Kraków,eyes open,alpha,-0.040081917624934175
L-INS→L-aSTG,SN→DMN,Kraków,eyes open,alpha,0.06993795758176309
L-INS→R-aSTG,SN→DMN,Kraków,eyes open,alpha,0.08098582871985255
L-INS→L-PREC,SN→DMN,Kraków,eyes open,alpha,0.08492466277785517
L-INS→R-PREC,SN→DMN,Kraków,eyes open,alpha,-0.16485375715701298
L-INS→L-ANG,SN→DMN,Kraków,eyes open,alpha,0.34592229169473027
L-INS→R-ANG,SN→DMN,Kraków,eyes open,alpha,0.3512035480564819
L-INS→L-SFG,SN→CEN,Kraków,eyes open,alpha,-0.004742586610203935
L-INS→R-SFG,SN→CEN,Kraków,eyes open,alpha,-0.002368006687714987
L-INS→L-pSTG,SN→CEN,Kraków,eyes open,alpha,0.12076834107346433
L-INS→R-pSTG,SN→CEN,Kraków,eyes open,alpha,0.07493352598046045
L-INS→L-ITG,SN→CEN,Kraków,eyes open,alpha,0.07198740330653561
L-INS→R-ITG,SN→CEN,Kraków,eyes open,alpha,-0.02231539756681928
L-INS→L-SUP,SN→CEN,Kraków,eyes open,alpha,-0.1612479447469338
L-INS→R-SUP,SN→CEN,Kraków,eyes open,alpha,0.02845551966122361
R-INS→L-ACC,SN→SN,Kraków,eyes open,alpha,-0.04499212706658475
R-INS→R-ACC,SN→SN,Kraków,eyes open,alpha,0.1612479447469338
R-INS→L-INS,SN→SN,Kraków,eyes open,alpha,0.21480944114398665
R-INS→L-IFG,SN→DMN,Kraków,eyes open,alpha,0.1844677209729975
R-INS→R-IFG,SN→CEN,Kraków,eyes open,alpha,-0.09519455435921866
R-INS→L-mPFC,SN→DMN,Kraków,eyes open,alpha,0.026365499882013862
R-INS→R-mPFC,SN→DMN,Kraków,eyes open,alpha,-0.00792188454262741
R-INS→L-aSTG,SN→DMN,Kraków,eyes open,alpha,-0.05994682078436837
R-INS→R-aSTG,SN→DMN,Kraków,eyes open,alpha,0.34968978790881544
R-INS→L-PREC,SN→DMN,Kraków,eyes open,alpha,0.05994682078436837
R-INS→R-PREC,SN→DMN,Kraków,eyes open,alpha,0.2086738108489731
R-INS→L-ANG,SN→DMN,Kraków,eyes open,alpha,0.09491579957524991
R-INS→R-ANG,SN→DMN,Kraków,eyes open,alpha,0.01657604681400491
R-INS→L-SFG,SN→CEN,Kraków,eyes open,alpha,-0.023712933051019673
R-INS→R-SFG,SN→CEN,Kraków,eyes open,alpha,0.07992909437915782
R-INS→L-pSTG,SN→CEN,Kraków,eyes open,alpha,0.2161970990325137
R-INS→R-pSTG,SN→CEN,Kraków,eyes open,alpha,0.042184799811222175
R-INS→L-ITG,SN→CEN,Kraków,eyes open,alpha,0.17928539919769426
R-INS→R-ITG,SN→CEN,Kraków,eyes open,alpha,-0.12655439943366653
R-INS→L-SUP,SN→CEN,Kraków,eyes open,alpha,-0.02497784199348682
R-INS→R-SUP,SN→CEN,Kraków,eyes open,alpha,-0.011840033438574935
L-IFG→L-ACC,DMN→SN,Kraków,eyes open,alpha,0.21480944114398665
L-IFG→R-ACC,DMN→SN,Kraków,eyes open,alpha,0.021092399905611087
L-IFG→L-INS,DMN→SN,Kraków,eyes open,alpha,0.13987591516352618
L-IFG→R-INS,DMN→SN,Kraków,eyes open,alpha,-0.05920016719287467
L-IFG→R-IFG,DMN→CEN,Kraków,eyes open,alpha,0.07493352598046045
L-IFG→L-mPFC,DMN→DMN,Kraków,eyes open,alpha,0.11989364156873673
L-IFG→R-mPFC,DMN→DMN,Kraków,eyes open,alpha,0.2138908826509401
L-IFG→L-aSTG,DMN→DMN,Kraków,eyes open,alpha,0.19804711356568527
L-IFG→R-aSTG,DMN→DMN,Kraków,eyes open,alpha,0.17351229435036242
L-IFG→L-PREC,DMN→DMN,Kraków,eyes open,alpha,-0.20101874685055085
L-IFG→R-PREC,DMN→DMN,Kraków,eyes open,alpha,0.004995568398697364
L-IFG→L-ANG,DMN→DMN,Kraków,eyes open,alpha,-0.10927981455515912
L-IFG→R-ANG,DMN→DMN,Kraków,eyes open,alpha,-0.09770324269240473
L-IFG→L-SFG,DMN→CEN,Kraków,eyes open,alpha,-0.21341639745917704
L-IFG→R-SFG,DMN→CEN,Kraków,eyes open,alpha,0.25085967718320135
L-IFG→L-pSTG,DMN→CEN,Kraków,eyes open,alpha,0.19804711356568527
L-IFG→R-pSTG,DMN→CEN,Kraków,eyes open,alpha,-0.09898267954648646
L-IFG→L-ITG,DMN→CEN,Kraków,eyes open,alpha,0.282547215353711
L-IFG→R-ITG,DMN→CEN,Kraków,eyes open,alpha,-0.1302403678243243
L-IFG→L-SUP,DMN→CEN,Kraków,eyes open,alpha,0.22979614634007875
L-IFG→R-SUP,DMN→CEN,Kraków,eyes open,alpha,0.0
R-IFG→L-ACC,CEN→SN,Kraków,eyes open,alpha,-0.012830983841524521
R-IFG→R-ACC,CEN→SN,Kraków,eyes open,alpha,-0.1948271675491972
R-IFG→L-INS,CEN→SN,Kraków,eyes open,alpha,0.035520100315724806
R-IFG→R-INS,CEN→SN,Kraków,eyes open,alpha,0.08761624744545451
R-IFG→L-IFG,CEN→DMN,Kraków,eyes open,alpha,-0.047425866102039346
R-IFG→L-mPFC,CEN→DMN,Kraków,eyes open,alpha,-0.11975584918756221
R-IFG→R-mPFC,CEN→DMN,Kraków,eyes open,alpha,-0.22022462195749382
R-IFG→L-aSTG,CEN→DMN,Kraków,eyes open,alpha,0.09491579957524991
R-IFG→R-aSTG,CEN→DMN,Kraków,eyes open,alpha,-0.054951252385671
R-IFG→L-PREC,CEN→DMN,Kraków,eyes open,alpha,-0.2012805684557739
R-IFG→R-PREC,CEN→DMN,Kraków,eyes open,alpha,0.10546199952805545
R-IFG→L-ANG,CEN→DMN,Kraków,eyes open,alpha,0.1371005993864721
R-IFG→R-ANG,CEN→DMN,Kraków,eyes open,alpha,-0.07698590304914714
R-IFG→L-SFG,CEN→CEN,Kraków,eyes open,alpha,0.1804024529906538
R-IFG→R-SFG,CEN→CEN,Kraków,eyes open,alpha,0.04949133977324323
R-IFG→L-pSTG,CEN→CEN,Kraków,eyes open,alpha,-0.0278942469585241
R-IFG→R-pSTG,CEN→CEN,Kraków,eyes open,alpha,-0.3047296723205392
R-IFG→L-ITG,CEN→CEN,Kraków,eyes open,alpha,0.28844802801053177
R-IFG→R-ITG,CEN→CEN,Kraków,eyes open,alpha,-0.4146321770918812
R-IFG→L-SUP,CEN→CEN,Kraków,eyes open,alpha,-0.13279242508571018
R-IFG→R-SUP,CEN→CEN,Kraków,eyes open,alpha,-0.13488034676482882
L-mPFC→L-ACC,DMN→SN,Kraków,eyes open,alpha,0.24478285153617083
L-mPFC→R-ACC,DMN→SN,Kraków,eyes open,alpha,-0.10826575541590795
L-mPFC→L-INS,DMN→SN,Kraków,eyes open,alpha,0.3269321985369719
L-mPFC→R-INS,DMN→SN,Kraków,eyes open,alpha,0.22045054693713798
L-mPFC→L-IFG,DMN→DMN,Kraków,eyes open,alpha,0.32970751431402595
L-mPFC→R-IFG,DMN→CEN,Kraków,eyes open,alpha,-0.053990552479901706
L-mPFC→R-mPFC,DMN→DMN,Kraków,eyes open,alpha,-0.16812847482776408
L-mPFC→L-aSTG,DMN→DMN,Kraków,eyes open,alpha,0.1304771684930958
L-mPFC→R-aSTG,DMN→DMN,Kraków,eyes open,alpha,0.17996850826633903
L-mPFC→L-PREC,DMN→DMN,Kraków,eyes open,alpha,0.1798404623531051
L-mPFC→R-PREC,DMN→DMN,Kraków,eyes open,alpha,-0.1302403678243243
L-mPFC→L-ANG,DMN→DMN,Kraków,eyes open,alpha,0.20332836992743689
L-mPFC→R-ANG,DMN→DMN,Kraków,eyes open,alpha,0.395808936546225
L-mPFC→L-SFG,DMN→CEN,Kraków,eyes open,alpha,-0.11882826813941116
L-mPFC→R-SFG,DMN→CEN,Kraków,eyes open,alpha,-0.20037779910330536
L-mPFC→L-pSTG,DMN→CEN,Kraków,eyes open,alpha,0.17073311796734164
L-mPFC→R-pSTG,DMN→CEN,Kraków,eyes open,alpha,-0.08548504142651103
L-mPFC→L-ITG,DMN→CEN,Kraków,eyes open,alpha,0.24546937323501208
L-mPFC→R-ITG,DMN→CEN,Kraków,eyes open,alpha,0.004995568398697364
L-mPFC→L-SUP,DMN→CEN,Kraków,eyes open,alpha,0.2060165818312039
L-mPFC→R-SUP,DMN→CEN,Kraków,eyes open,alpha,-0.18896693367965595
R-mPFC→L-ACC,DMN→SN,Kraków,eyes open,alpha,0.1338923854009157
R-mPFC→R-ACC,DMN→SN,Kraków,eyes open,alpha,0.24049150574960507
R-mPFC→L-INS,DMN→SN,Kraków,eyes open,alpha,0.20565089907970813
R-mPFC→R-INS,DMN→SN,Kraków,eyes open,alpha,0.17097008285302207
R-mPFC→L-IFG,DMN→DMN,Kraków,eyes open,alpha,0.3914315054792874
R-mPFC→R-IFG,DMN→CEN,Kraków,eyes open,alpha,0.012830983841524521
R-mPFC→L-mPFC,DMN→DMN,Kraków,eyes open,alpha,0.02249606353329238
R-mPFC→L-aSTG,DMN→DMN,Kraków,eyes open,alpha,0.2956790177603555
R-mPFC→R-aSTG,DMN→DMN,Kraków,eyes open,alpha,0.3197163775166313
R-mPFC→L-PREC,DMN→DMN,Kraków,eyes open,alpha,0.12988477836613146
R-mPFC→R-PREC,DMN→DMN,Kraków,eyes open,alpha,0.1529198993156804
R-mPFC→L-ANG,DMN→DMN,Kraków,eyes open,alpha,0.0278942469585241
R-mPFC→R-ANG,DMN→DMN,Kraków,eyes open,alpha,0.06867219394373462
R-mPFC→L-SFG,DMN→CEN,Kraków,eyes open,alpha,-0.035520100315724806
R-mPFC→R-SFG,DMN→CEN,Kraków,eyes open,alpha,-0.08992023117655255
R-mPFC→L-pSTG,DMN→CEN,Kraków,eyes open,alpha,0.13947123479262052
R-mPFC→R-pSTG,DMN→CEN,Kraków,eyes open,alpha,-0.02497784199348682
R-mPFC→L-ITG,DMN→CEN,Kraków,eyes open,alpha,0.24864070221007362
R-mPFC→R-ITG,DMN→CEN,Kraków,eyes open,alpha,-0.017751790062418157
R-mPFC→L-SUP,DMN→CEN,Kraków,eyes open,alpha,-0.03163859985841663
R-mPFC→R-SUP,DMN→CEN,Kraków,eyes open,alpha,0.15985818875831564
L-aSTG→L-ACC,DMN→SN,Kraków,eyes open,alpha,0.24478285153617083
L-aSTG→R-ACC,DMN→SN,Kraków,eyes open,alpha,0.17760050157862403
L-aSTG→L-INS,DMN→SN,Kraków,eyes open,alpha,0.44294039801783286
L-aSTG→R-INS,DMN→SN,Kraków,eyes open,alpha,0.0278942469585241
L-aSTG→L-IFG,DMN→DMN,Kraków,eyes open,alpha,0.2478356988909303
L-aSTG→R-IFG,DMN→CEN,Kraków,eyes open,alpha,0.035520100315724806
L-aSTG→L-mPFC,DMN→DMN,Kraków,eyes open,alpha,0.17164083175692724
L-aSTG→R-mPFC,DMN→DMN,Kraków,eyes open,alpha,0.15486262035961829
L-aSTG→R-aSTG,DMN→DMN,Kraków,eyes open,alpha,0.24390468883464364
L-aSTG→L-PREC,DMN→DMN,Kraków,eyes open,alpha,0.32479726624772387
L-aSTG→R-PREC,DMN→DMN,Kraków,eyes open,alpha,-0.1124803176664619
L-aSTG→L-ANG,DMN→DMN,Kraków,eyes open,alpha,0.34142741791522935
L-aSTG→R-ANG,DMN→DMN,Kraków,eyes open,alpha,0.26142218990670457
L-aSTG→L-SFG,DMN→CEN,Kraków,eyes open,alpha,0.2347917147387761
L-aSTG→R-SFG,DMN→CEN,Kraków,eyes open,alpha,0.08998425413316952
L-aSTG→L-pSTG,DMN→CEN,Kraków,eyes open,alpha,0.02131206018943488
L-aSTG→R-pSTG,DMN→CEN,Kraków,eyes open,alpha,0.20565089907970813
L-aSTG→L-ITG,DMN→CEN,Kraków,eyes open,alpha,0.10182428757174444
L-aSTG→R-ITG,DMN→CEN,Kraków,eyes open,alpha,0.0
L-aSTG→L-SUP,DMN→CEN,Kraków,eyes open,alpha,-0.004995568398697364
L-aSTG→R-SUP,DMN→CEN,Kraków,eyes open,alpha,0.053990552479901706
R-aSTG→L-ACC,DMN→SN,Kraków,eyes open,alpha,0.06494238918306573
R-aSTG→R-ACC,DMN→SN,Kraków,eyes open,alpha,0.002368006687714987
R-aSTG→L-INS,DMN→SN,Kraków,eyes open,alpha,-0.04499212706658475
R-aSTG→R-INS,DMN→SN,Kraków,eyes open,alpha,-0.0044992127066584755
R-aSTG→L-IFG,DMN→DMN,Kraków,eyes open,alpha,0.02067455951043551
R-aSTG→R-IFG,DMN→CEN,Kraków,eyes open,alpha,-0.09485173220407869
R-aSTG→L-mPFC,DMN→DMN,Kraków,eyes open,alpha,0.05920016719287467
R-aSTG→R-mPFC,DMN→DMN,Kraków,eyes open,alpha,0.09991136797394728
R-aSTG→L-aSTG,DMN→DMN,Kraków,eyes open,alpha,0.015819299929208316
R-aSTG→L-PREC,DMN→DMN,Kraków,eyes open,alpha,-0.1505158063099208
R-aSTG→R-PREC,DMN→DMN,Kraków,eyes open,alpha,-0.013497638119975426
R-aSTG→L-ANG,DMN→DMN,Kraków,eyes open,alpha,0.015819299929208316
R-aSTG→R-ANG,DMN→DMN,Kraków,eyes open,alpha,0.005273099976402772
R-aSTG→L-SFG,DMN→CEN,Kraków,eyes open,alpha,-0.004276994613841507
R-aSTG→R-SFG,DMN→CEN,Kraków,eyes open,alpha,0.109902504771342
R-aSTG→L-pSTG,DMN→CEN,Kraków,eyes open,alpha,-0.20332836992743689
R-aSTG→R-pSTG,DMN→CEN,Kraków,eyes open,alpha,-0.08553989227683015
R-aSTG→L-ITG,DMN→CEN,Kraków,eyes open,alpha,-0.16812847482776408
R-aSTG→R-ITG,DMN→CEN,Kraków,eyes open,alpha,-0.23978728313747347
R-aSTG→L-SUP,DMN→CEN,Kraków,eyes open,alpha,-0.17484489395440772
R-aSTG→R-SUP,DMN→CEN,Kraków,eyes open,alpha,-0.08492466277785517
L-PREC→L-ACC,DMN→SN,Kraków,eyes open,alpha,0.034968978790881546
L-PREC→R-ACC,DMN→SN,Kraków,eyes open,alpha,0.06136734330875302
L-PREC→L-INS,DMN→SN,Kraków,eyes open,alpha,0.09708827419631447
L-PREC→R-INS,DMN→SN,Kraków,eyes open,alpha,-0.17996850826633903
L-PREC→L-IFG,DMN→DMN,Kraków,eyes open,alpha,0.01657604681400491
L-PREC→R-IFG,DMN→CEN,Kraków,eyes open,alpha,-0.11603232769803436
L-PREC→L-mPFC,DMN→DMN,Kraków,eyes open,alpha,-0.19982273594789457
L-PREC→R-mPFC,DMN→DMN,Kraków,eyes open,alpha,0.07814422069459458
L-PREC→L-aSTG,DMN→DMN,Kraków,eyes open,alpha,-0.11354701177765956
L-PREC→R-aSTG,DMN→DMN,Kraków,eyes open,alpha,0.061653625932651154
L-PREC→R-PREC,DMN→DMN,Kraków,eyes open,alpha,0.004742586610203935
L-PREC→L-ANG,DMN→DMN,Kraków,eyes open,alpha,0.1338923854009157
L-PREC→R-ANG,DMN→DMN,Kraków,eyes open,alpha,0.33220529851337466
L-PREC→L-SFG,DMN→CEN,Kraków,eyes open,alpha,-0.1948271675491972
L-PREC→R-SFG,DMN→CEN,Kraków,eyes open,alpha,-0.1844677209729975
L-PREC→L-pSTG,DMN→CEN,Kraków,eyes open,alpha,0.034968978790881546
L-PREC→R-pSTG,DMN→CEN,Kraków,eyes open,alpha,-0.13258683302908672
L-PREC→L-ITG,DMN→CEN,Kraków,eyes open,alpha,0.0712969608836467
L-PREC→R-ITG,DMN→CEN,Kraków,eyes open,alpha,0.13881489957006699
L-PREC→L-SUP,DMN→CEN,Kraków,eyes open,alpha,0.1329078825670854
L-PREC→R-SUP,DMN→CEN,Kraków,eyes open,alpha,0.018484397266130628
R-PREC→L-ACC,DMN→SN,Kraków,eyes open,alpha,0.15819299929208316
R-PREC→R-ACC,DMN→SN,Kraków,eyes open,alpha,0.2098138727452893
R-PREC→L-INS,DMN→SN,Kraków,eyes open,alpha,-0.13971239457518422
R-PREC→R-INS,DMN→SN,Kraków,eyes open,alpha,0.24977841993486818
R-PREC→L-IFG,DMN→DMN,Kraków,eyes open,alpha,0.1318274994100693
R-PREC→R-IFG,DMN→CEN,Kraków,eyes open,alpha,-0.042769946138415074
R-PREC→L-mPFC,DMN→DMN,Kraków,eyes open,alpha,-0.15486262035961829
R-PREC→R-mPFC,DMN→DMN,Kraków,eyes open,alpha,0.14541781687061126
R-PREC→L-aSTG,DMN→DMN,Kraków,eyes open,alpha,0.31951600988597223
R-PREC→R-aSTG,DMN→DMN,Kraków,eyes open,alpha,0.1844677209729975
R-PREC→L-PREC,DMN→DMN,Kraków,eyes open,alpha,0.3554378038260195
R-PREC→L-ANG,DMN→DMN,Kraków,eyes open,alpha,0.25976955673226293
R-PREC→R-ANG,DMN→DMN,Kraków,eyes open,alpha,-0.01657604681400491
R-PREC→L-SFG,DMN→CEN,Kraków,eyes open,alpha,0.23978728313747347
R-PREC→R-SFG,DMN→CEN,Kraków,eyes open,alpha,0.12147874307977884
R-PREC→L-pSTG,DMN→CEN,Kraków,eyes open,alpha,0.3514675116774037
R-PREC→R-pSTG,DMN→CEN,Kraków,eyes open,alpha,-0.08998425413316952
R-PREC→L-ITG,DMN→CEN,Kraków,eyes open,alpha,0.18455849917409703
R-PREC→R-ITG,DMN→CEN,Kraków,eyes open,alpha,0.20541982782778764
R-PREC→L-SUP,DMN→CEN,Kraków,eyes open,alpha,0.17760050157862403
R-PREC→R-SUP,DMN→CEN,Kraków,eyes open,alpha,0.3329417402927272
L-ANG→L-ACC,DMN→SN,Kraków,eyes open,alpha,0.15985818875831564
L-ANG→R-ACC,DMN→SN,Kraków,eyes open,alpha,-0.08778853026407488
L-ANG→L-INS,DMN→SN,Kraków,eyes open,alpha,0.33583024712973375
L-ANG→R-INS,DMN→SN,Kraków,eyes open,alpha,-0.07198740330653561
L-ANG→L-IFG,DMN→DMN,Kraków,eyes open,alpha,-0.1484740193197297
L-ANG→R-IFG,DMN→CEN,Kraków,eyes open,alpha,0.13947123479262052
L-ANG→L-mPFC,DMN→DMN,Kraków,eyes open,alpha,-0.20481830434659193
L-ANG→R-mPFC,DMN→DMN,Kraków,eyes open,alpha,0.017996850826633902
L-ANG→L-aSTG,DMN→DMN,Kraków,eyes open,alpha,0.16346609926848596
L-ANG→R-aSTG,DMN→DMN,Kraków,eyes open,alpha,0.026995276239950853
L-ANG→L-PREC,DMN→DMN,Kraków,eyes open,alpha,0.12988477836613146
L-ANG→R-PREC,DMN→DMN,Kraków,eyes open,alpha,-0.15392043470147415
L-ANG→R-ANG,DMN→DMN,Kraków,eyes open,alpha,0.1633924614523341
L-ANG→L-SFG,DMN→CEN,Kraków,eyes open,alpha,-0.3457065395150573
L-ANG→R-SFG,DMN→CEN,Kraków,eyes open,alpha,-0.08553989227683015
L-ANG→L-pSTG,DMN→CEN,Kraków,eyes open,alpha,-0.09010914559387476
L-ANG→R-pSTG,DMN→CEN,Kraków,eyes open,alpha,-0.061653625932651154
L-ANG→L-ITG,DMN→CEN,Kraków,eyes open,alpha,0.023765653627882233
L-ANG→R-ITG,DMN→CEN,Kraków,eyes open,alpha,-0.05597170785495562
L-ANG→L-SUP,DMN→CEN,Kraków,eyes open,alpha,0.004276994613841507
L-ANG→R-SUP,DMN→CEN,Kraków,eyes open,alpha,-0.2847473987257497
R-ANG→L-ACC,DMN→SN,Kraków,eyes open,alpha,-0.31472080911793393
R-ANG→R-ACC,DMN→SN,Kraków,eyes open,alpha,0.15531743079661992
R-ANG→L-INS,DMN→SN,Kraków,eyes open,alpha,0.00557884939170482
R-ANG→R-INS,DMN→SN,Kraków,eyes open,alpha,-0.20481830434659193
R-ANG→L-IFG,DMN→DMN,Kraków,eyes open,alpha,-0.109902504771342
R-ANG→R-IFG,DMN→CEN,Kraków,eyes open,alpha,-0.10490693637264464
R-ANG→L-mPFC,DMN→DMN,Kraków,eyes open,alpha,-0.12488920996743409
R-ANG→R-mPFC,DMN→DMN,Kraków,eyes open,alpha,-0.3197163775166313
R-ANG→L-aSTG,DMN→DMN,Kraków,eyes open,alpha,-0.282547215353711
R-ANG→R-aSTG,DMN→DMN,Kraków,eyes open,alpha,-0.0544641538174447
R-ANG→L-PREC,DMN→DMN,Kraków,eyes open,alpha,0.08761624744545451
R-ANG→R-PREC,DMN→DMN,Kraków,eyes open,alpha,-0.054951252385671
R-ANG→L-ANG,DMN→DMN,Kraków,eyes open,alpha,-0.25310879886733306
R-ANG→L-SFG,DMN→CEN,Kraków,eyes open,alpha,-0.18455849917409703
R-ANG→R-SFG,DMN→CEN,Kraków,eyes open,alpha,-0.3006143821870063
R-ANG→L-pSTG,DMN→CEN,Kraków,eyes open,alpha,0.06136734330875302
R-ANG→R-pSTG,DMN→CEN,Kraków,eyes open,alpha,-0.19918863762856526
R-ANG→L-ITG,DMN→CEN,Kraków,eyes open,alpha,-0.13992926963738905
R-ANG→R-ITG,DMN→CEN,Kraków,eyes open,alpha,-0.09708827419631447
R-ANG→L-SUP,DMN→CEN,Kraków,eyes open,alpha,-0.026529772498625554
R-ANG→R-SUP,DMN→CEN,Kraków,eyes open,alpha,0.06601570452189509
L-SFG→L-ACC,CEN→SN,Kraków,eyes open,alpha,0.3347030827127233
L-SFG→R-ACC,CEN→SN,Kraków,eyes open,alpha,0.06012287643740127
L-SFG→L-INS,CEN→SN,Kraków,eyes open,alpha,-0.2138908826509401
L-SFG→R-INS,CEN→SN,Kraków,eyes open,alpha,-0.04025611369115478
L-SFG→L-IFG,CEN→DMN,Kraków,eyes open,alpha,-0.2630670269182914
L-SFG→R-IFG,CEN→CEN,Kraków,eyes open,alpha,0.17852318053455424
L-SFG→L-mPFC,CEN→DMN,Kraków,eyes open,alpha,-0.1112963143226044
L-SFG→R-mPFC,CEN→DMN,Kraków,eyes open,alpha,-0.03691169983481941
L-SFG→L-aSTG,CEN→DMN,Kraków,eyes open,alpha,0.1753567791675018
L-SFG→R-aSTG,CEN→DMN,Kraków,eyes open,alpha,0.274756261928355
L-SFG→L-PREC,CEN→DMN,Kraków,eyes open,alpha,0.2109239990561109
L-SFG→R-PREC,CEN→DMN,Kraków,eyes open,alpha,0.042184799811222175
L-SFG→L-ANG,CEN→DMN,Kraków,eyes open,alpha,-0.0580040997404305
L-SFG→R-ANG,CEN→DMN,Kraków,eyes open,alpha,0.12109384856112228
L-SFG→R-SFG,CEN→CEN,Kraków,eyes open,alpha,-0.1952597287096687
L-SFG→L-pSTG,CEN→CEN,Kraków,eyes open,alpha,0.13987591516352618
L-SFG→R-pSTG,CEN→CEN,Kraków,eyes open,alpha,-0.44106055474896594
L-SFG→L-ITG,CEN→CEN,Kraków,eyes open,alpha,0.026365499882013862
L-SFG→R-ITG,CEN→CEN,Kraków,eyes open,alpha,-0.35648480441823355
L-SFG→L-SUP,CEN→CEN,Kraków,eyes open,alpha,-0.03078408694029483
L-SFG→R-SUP,CEN→CEN,Kraków,eyes open,alpha,-0.18983159915049982
R-SFG→L-ACC,CEN→SN,Kraków,eyes open,alpha,0.08998425413316952
R-SFG→R-ACC,CEN→SN,Kraków,eyes open,alpha,0.12147874307977884
R-SFG→L-INS,CEN→SN,Kraków,eyes open,alpha,0.18968087931796387
R-SFG→R-INS,CEN→SN,Kraków,eyes open,alpha,0.1948271675491972
R-SFG→L-IFG,CEN→DMN,Kraków,eyes open,alpha,0.058489765186560176
R-SFG→R-IFG,CEN→CEN,Kraków,eyes open,alpha,0.04972814044201473
R-SFG→L-mPFC,CEN→DMN,Kraków,eyes open,alpha,-0.20040958812467086
R-SFG→R-mPFC,CEN→DMN,Kraków,eyes open,alpha,-0.018484397266130628
R-SFG→L-aSTG,CEN→DMN,Kraków,eyes open,alpha,-0.0915587635462144
R-SFG→R-aSTG,CEN→DMN,Kraków,eyes open,alpha,0.15985818875831564
R-SFG→L-PREC,CEN→DMN,Kraków,eyes open,alpha,-0.09491579957524991
R-SFG→R-PREC,CEN→DMN,Kraków,eyes open,alpha,0.14237369936287486
R-SFG→L-ANG,CEN→DMN,Kraków,eyes open,alpha,0.14472191657304856
R-SFG→R-ANG,CEN→DMN,Kraków,eyes open,alpha,-0.15819299929208316
R-SFG→L-SFG,CEN→CEN,Kraków,eyes open,alpha,-0.17034814990597025
R-SFG→L-pSTG,CEN→CEN,Kraków,eyes open,alpha,0.2098138727452893
R-SFG→R-pSTG,CEN→CEN,Kraków,eyes open,alpha,-0.029938962296890553
R-SFG→L-ITG,CEN→CEN,Kraków,eyes open,alpha,-0.017996850826633902
R-SFG→R-ITG,CEN→CEN,Kraków,eyes open,alpha,0.1687391992448887
R-SFG→L-SUP,CEN→CEN,Kraków,eyes open,alpha,-0.12655439943366653
R-SFG→R-SUP,CEN→CEN,Kraków,eyes open,alpha,0.37966319830099965
L-pSTG→L-ACC,CEN→SN,Kraków,eyes open,alpha,-0.10656030094717442
L-pSTG→R-ACC,CEN→SN,Kraków,eyes open,alpha,0.25085967718320135
L-pSTG→L-INS,CEN→SN,Kraków,eyes open,alpha,0.035993701653267804
L-pSTG→R-INS,CEN→SN,Kraków,eyes open,alpha,0.1338923854009157
L-pSTG→L-IFG,CEN→DMN,Kraków,eyes open,alpha,0.36574749832752435
L-pSTG→R-IFG,CEN→CEN,Kraków,eyes open,alpha,-0.134672037224666
L-pSTG→L-mPFC,CEN→DMN,Kraków,eyes open,alpha,0.1603276704997367
L-pSTG→R-mPFC,CEN→DMN,Kraków,eyes open,alpha,0.1687391992448887
L-pSTG→L-aSTG,CEN→DMN,Kraków,eyes open,alpha,-0.134672037224666
L-pSTG→R-aSTG,CEN→DMN,Kraków,eyes open,alpha,-0.005273099976402772
L-pSTG→L-PREC,CEN→DMN,Kraków,eyes open,alpha,-0.26220592141012655
L-pSTG→R-PREC,CEN→DMN,Kraków,eyes open,alpha,-0.034968978790881546
L-pSTG→L-ANG,CEN→DMN,Kraków,eyes open,alpha,-0.026365499882013862
L-pSTG→R-ANG,CEN→DMN,Kraków,eyes open,alpha,0.10490693637264464
L-pSTG→L-SFG,CEN→CEN,Kraków,eyes open,alpha,-0.34030981289399403
L-pSTG→R-SFG,CEN→CEN,Kraków,eyes open,alpha,-0.1687391992448887
L-pSTG→R-pSTG,CEN→CEN,Kraków,eyes open,alpha,-0.1927658572039337
L-pSTG→L-ITG,CEN→CEN,Kraków,eyes open,alpha,0.19788506959988272
L-pSTG→R-ITG,CEN→CEN,Kraków,eyes open,alpha,0.10032974887322844
L-pSTG→L-SUP,CEN→CEN,Kraków,eyes open,alpha,0.002368006687714987
L-pSTG→R-SUP,CEN→CEN,Kraków,eyes open,alpha,0.15062893357603013
R-pSTG→L-ACC,CEN→SN,Kraków,eyes open,alpha,0.4094283563059212
R-pSTG→R-ACC,CEN→SN,Kraków,eyes open,alpha,0.09409388150451317
R-pSTG→L-INS,CEN→SN,Kraków,eyes open,alpha,0.37378290924422297
R-pSTG→R-INS,CEN→SN,Kraków,eyes open,alpha,0.14237369936287486
R-pSTG→L-IFG,CEN→DMN,Kraków,eyes open,alpha,0.033198106271427545
R-pSTG→R-IFG,CEN→CEN,Kraków,eyes open,alpha,0.33862495634324313
R-pSTG→L-mPFC,CEN→DMN,Kraków,eyes open,alpha,0.07588138576326296
R-pSTG→R-mPFC,CEN→DMN,Kraków,eyes open,alpha,0.2347917147387761
R-pSTG→L-aSTG,CEN→DMN,Kraków,eyes open,alpha,0.2997341039218418
R-pSTG→R-aSTG,CEN→DMN,Kraków,eyes open,alpha,0.5794859342488942
R-pSTG→L-PREC,CEN→DMN,Kraków,eyes open,alpha,0.24864070221007362
R-pSTG→R-PREC,CEN→DMN,Kraków,eyes open,alpha,0.4315753815285581
R-pSTG→L-ANG,CEN→DMN,Kraków,eyes open,alpha,0.24977841993486818
R-pSTG→R-ANG,CEN→DMN,Kraków,eyes open,alpha,0.1798404623531051
R-pSTG→L-SFG,CEN→CEN,Kraków,eyes open,alpha,0.17852318053455424
R-pSTG→R-SFG,CEN→CEN,Kraków,eyes open,alpha,0.00792188454262741
R-pSTG→L-pSTG,CEN→CEN,Kraków,eyes open,alpha,0.34556049467442207
R-pSTG→L-ITG,CEN→CEN,Kraków,eyes open,alpha,0.4389426513203744
R-pSTG→R-ITG,CEN→CEN,Kraków,eyes open,alpha,0.14487148356222354
R-pSTG→L-SUP,CEN→CEN,Kraków,eyes open,alpha,0.22046142262626528
R-pSTG→R-SUP,CEN→CEN,Kraków,eyes open,alpha,0.019982273594789456
L-ITG→L-ACC,CEN→SN,Kraków,eyes open,alpha,0.1293907808629144
L-ITG→R-ACC,CEN→SN,Kraków,eyes open,alpha,-0.18970346440815739
L-ITG→L-INS,CEN→SN,Kraków,eyes open,alpha,-0.04496011558827628
L-ITG→R-INS,CEN→SN,Kraków,eyes open,alpha,0.37940692881631477
L-ITG→L-IFG,CEN→DMN,Kraków,eyes open,alpha,0.37760982986523994
L-ITG→R-IFG,CEN→CEN,Kraków,eyes open,alpha,0.2847473987257497
L-ITG→L-mPFC,CEN→DMN,Kraków,eyes open,alpha,0.00948517322040787
L-ITG→R-mPFC,CEN→DMN,Kraków,eyes open,alpha,0.24049150574960507
L-ITG→L-aSTG,CEN→DMN,Kraków,eyes open,alpha,0.053990552479901706
L-ITG→R-aSTG,CEN→DMN,Kraków,eyes open,alpha,-0.10490693637264464
L-ITG→L-PREC,CEN→DMN,Kraków,eyes open,alpha,0.2008385781013735
L-ITG→R-PREC,CEN→DMN,Kraków,eyes open,alpha,-0.15579706267167243
L-ITG→L-ANG,CEN→DMN,Kraków,eyes open,alpha,0.09491579957524991
L-ITG→R-ANG,CEN→DMN,Kraków,eyes open,alpha,0.15486262035961829
L-ITG→L-SFG,CEN→CEN,Kraków,eyes open,alpha,-0.08368274087557231
L-ITG→R-SFG,CEN→CEN,Kraków,eyes open,alpha,-0.24029716445969815
L-ITG→L-pSTG,CEN→CEN,Kraków,eyes open,alpha,0.009991136797394728
L-ITG→R-pSTG,CEN→CEN,Kraków,eyes open,alpha,-0.27507002339182823
L-ITG→R-ITG,CEN→CEN,Kraków,eyes open,alpha,0.282547215353711
L-ITG→L-SUP,CEN→CEN,Kraków,eyes open,alpha,0.15985818875831564
L-ITG→R-SUP,CEN→CEN,Kraków,eyes open,alpha,0.34968978790881544
R-ITG→L-ACC,CEN→SN,Kraków,eyes open,alpha,0.384658766699697
R-ITG→R-ACC,CEN→SN,Kraków,eyes open,alpha,0.31472080911793393
R-ITG→L-INS,CEN→SN,Kraków,eyes open,alpha,0.3779338673593119
R-ITG→R-INS,CEN→SN,Kraków,eyes open,alpha,0.04499212706658476
R-ITG→L-IFG,CEN→DMN,Kraków,eyes open,alpha,0.21548860858206384
R-ITG→R-IFG,CEN→CEN,Kraków,eyes open,alpha,0.24029716445969815
R-ITG→L-mPFC,CEN→DMN,Kraków,eyes open,alpha,0.11697953037312035
R-ITG→R-mPFC,CEN→DMN,Kraków,eyes open,alpha,0.27981261000203217
R-ITG→L-aSTG,CEN→DMN,Kraków,eyes open,alpha,0.0806239723734669
R-ITG→R-aSTG,CEN→DMN,Kraków,eyes open,alpha,0.18496087779795345
R-ITG→L-PREC,CEN→DMN,Kraków,eyes open,alpha,0.6864025490801687
R-ITG→R-PREC,CEN→DMN,Kraków,eyes open,alpha,0.11715583722580122
R-ITG→L-ANG,CEN→DMN,Kraków,eyes open,alpha,0.029973410392184183
R-ITG→R-ANG,CEN→DMN,Kraków,eyes open,alpha,0.43570364984450766
R-ITG→L-SFG,CEN→CEN,Kraków,eyes open,alpha,0.15486262035961829
R-ITG→R-SFG,CEN→CEN,Kraków,eyes open,alpha,0.04972814044201473
R-ITG→L-pSTG,CEN→CEN,Kraków,eyes open,alpha,0.13168279539611233
R-ITG→R-pSTG,CEN→CEN,Kraków,eyes open,alpha,0.14702018491632196
R-ITG→L-ITG,CEN→CEN,Kraków,eyes open,alpha,0.015030719109350317
R-ITG→L-SUP,CEN→CEN,Kraków,eyes open,alpha,0.2485250608738542
R-ITG→R-SUP,CEN→CEN,Kraków,eyes open,alpha,0.12655439943366653
L-SUP→L-ACC,CEN→SN,Kraków,eyes open,alpha,0.08714072996890153
L-SUP→R-ACC,CEN→SN,Kraków,eyes open,alpha,-0.17547570457754558
L-SUP→L-INS,CEN→SN,Kraków,eyes open,alpha,0.17484489395440772
L-SUP→R-INS,CEN→SN,Kraków,eyes open,alpha,-0.06855029969323605
L-SUP→L-IFG,CEN→DMN,Kraków,eyes open,alpha,0.4082911714356176
L-SUP→R-IFG,CEN→CEN,Kraków,eyes open,alpha,-0.217575126276488
L-SUP→L-mPFC,CEN→DMN,Kraków,eyes open,alpha,0.24977841993486818
L-SUP→R-mPFC,CEN→DMN,Kraków,eyes open,alpha,0.03996454718957891
L-SUP→L-aSTG,CEN→DMN,Kraków,eyes open,alpha,0.03163859985841663
L-SUP→R-aSTG,CEN→DMN,Kraków,eyes open,alpha,0.058489765186560176
L-SUP→L-PREC,CEN→DMN,Kraków,eyes open,alpha,0.12128129945726378
L-SUP→R-PREC,CEN→DMN,Kraków,eyes open,alpha,-0.042184799811222175
L-SUP→L-ANG,CEN→DMN,Kraków,eyes open,alpha,-0.1115769878340964
L-SUP→R-ANG,CEN→DMN,Kraków,eyes open,alpha,0.12988477836613146
L-SUP→L-SFG,CEN→CEN,Kraków,eyes open,alpha,-0.11989364156873673
L-SUP→R-SFG,CEN→CEN,Kraków,eyes open,alpha,-0.30895349716246906
L-SUP→L-pSTG,CEN→CEN,Kraków,eyes open,alpha,0.07382339966963881
L-SUP→R-pSTG,CEN→CEN,Kraków,eyes open,alpha,-0.23916867545921372
L-SUP→L-ITG,CEN→CEN,Kraków,eyes open,alpha,0.2008385781013735
L-SUP→R-ITG,CEN→CEN,Kraków,eyes open,alpha,-0.10490693637264464
L-SUP→R-SUP,CEN→CEN,Kraków,eyes open,alpha,0.09708827419631447
R-SUP→L-ACC,CEN→SN,Kraków,eyes open,alpha,0.27981261000203217
R-SUP→R-ACC,CEN→SN,Kraków,eyes open,alpha,-0.055453191798391886
R-SUP→L-INS,CEN→SN,Kraków,eyes open,alpha,0.052168452712243275
R-SUP→R-INS,CEN→SN,Kraków,eyes open,alpha,-0.25135709034080855
R-SUP→L-IFG,CEN→DMN,Kraków,eyes open,alpha,-0.07648661601319408
R-SUP→R-IFG,CEN→CEN,Kraków,eyes open,alpha,-0.31953222112352686
R-SUP→L-mPFC,CEN→DMN,Kraków,eyes open,alpha,-0.08998425413316952
R-SUP→R-mPFC,CEN→DMN,Kraków,eyes open,alpha,-0.06298897789321865
R-SUP→L-aSTG,CEN→DMN,Kraków,eyes open,alpha,0.21146299721294834
R-SUP→R-aSTG,CEN→DMN,Kraków,eyes open,alpha,-0.1803686293122038
R-SUP→L-PREC,CEN→DMN,Kraków,eyes open,alpha,0.3570463610691085
R-SUP→R-PREC,CEN→DMN,Kraków,eyes open,alpha,0.3828910862269916
R-SUP→L-ANG,CEN→DMN,Kraków,eyes open,alpha,0.0
R-SUP→R-ANG,CEN→DMN,Kraków,eyes open,alpha,0.2897429671244471
R-SUP→L-SFG,CEN→CEN,Kraków,eyes open,alpha,-0.2024645717996314
R-SUP→R-SFG,CEN→CEN,Kraków,eyes open,alpha,-0.12988477836613146
R-SUP→L-pSTG,CEN→CEN,Kraków,eyes open,alpha,0.27975183032705236
R-SUP→R-pSTG,CEN→CEN,Kraków,eyes open,alpha,-0.27981261000203217
R-SUP→L-ITG,CEN→CEN,Kraków,eyes open,alpha,0.07198740330653561
R-SUP→R-ITG,CEN→CEN,Kraków,eyes open,alpha,-0.08098582871985255
R-SUP→L-SUP,CEN→CEN,Kraków,eyes open,alpha,0.2138908826509401
L-ACC→R-ACC,SN→SN,Kraków,eyes open,beta,0.13497638119975428
L-ACC→L-INS,SN→SN,Kraków,eyes open,beta,-0.1625257953259773
L-ACC→R-INS,SN→SN,Kraków,eyes open,beta,-0.2789511878128255
L-ACC→L-IFG,SN→DMN,Kraków,eyes open,beta,0.18896693367965595
L-ACC→R-IFG,SN→CEN,Kraków,eyes open,beta,-0.07270890843530563
L-ACC→L-mPFC,SN→DMN,Kraków,eyes open,beta,-0.28455519661223605
L-ACC→R-mPFC,SN→DMN,Kraków,eyes open,beta,-0.3905194574193374
L-ACC→L-aSTG,SN→DMN,Kraków,eyes open,beta,-0.2249606353329238
L-ACC→R-aSTG,SN→DMN,Kraków,eyes open,beta,-0.02497784199348682
L-ACC→L-PREC,SN→DMN,Kraków,eyes open,beta,0.2566270720184217
L-ACC→R-PREC,SN→DMN,Kraków,eyes open,beta,-0.09448346683982797
L-ACC→L-ANG,SN→DMN,Kraków,eyes open,beta,-0.13497638119975428
L-ACC→R-ANG,SN→DMN,Kraków,eyes open,beta,-0.2012805684557739
L-ACC→L-SFG,SN→CEN,Kraków,eyes open,beta,0.08288023407002454
L-ACC→R-SFG,SN→CEN,Kraków,eyes open,beta,-0.3036722408007174
L-ACC→L-pSTG,SN→CEN,Kraków,eyes open,beta,-0.04972814044201473
L-ACC→R-pSTG,SN→CEN,Kraków,eyes open,beta,-0.5354063120923586
L-ACC→L-ITG,SN→CEN,Kraków,eyes open,beta,-0.15819299929208316
L-ACC→R-ITG,SN→CEN,Kraków,eyes open,beta,-0.17996850826633903
L-ACC→L-SUP,SN→CEN,Kraków,eyes open,beta,0.11523551317168576
L-ACC→R-SUP,SN→CEN,Kraków,eyes open,beta,-0.182336514954054
R-ACC→L-ACC,SN→SN,Kraków,eyes open,beta,0.08981688689067165
R-ACC→L-INS,SN→SN,Kraków,eyes open,beta,-0.026995276239950853
R-ACC→R-INS,SN→SN,Kraków,eyes open,beta,-0.03432816635138545
R-ACC→L-IFG,SN→DMN,Kraków,eyes open,beta,0.13947559390641276
R-ACC→R-IFG,SN→CEN,Kraków,eyes open,beta,0.10298449905415635
R-ACC→L-mPFC,SN→DMN,Kraków,eyes open,beta,-0.16599053135713773
R-ACC→R-mPFC,SN→DMN,Kraków,eyes open,beta,-0.05017193543664027
R-ACC→L-aSTG,SN→DMN,Kraków,eyes open,beta,0.13947559390641276
R-ACC→R-aSTG,SN→DMN,Kraków,eyes open,beta,0.026048073564864858
R-ACC→L-PREC,SN→DMN,Kraków,eyes open,beta,0.04489067907488867
R-ACC→R-PREC,SN→DMN,Kraków,eyes open,beta,0.12273468661750604
R-ACC→L-ANG,SN→DMN,Kraków,eyes open,beta,-0.07382339966963881
R-ACC→R-ANG,SN→DMN,Kraków,eyes open,beta,-0.08964269959884713
R-ACC→L-SFG,SN→CEN,Kraków,eyes open,beta,-0.22290157067958494
R-ACC→R-SFG,SN→CEN,Kraków,eyes open,beta,0.4615465416228721
R-ACC→L-pSTG,SN→CEN,Kraków,eyes open,beta,0.3329417402927272
R-ACC→R-pSTG,SN→CEN,Kraków,eyes open,beta,-0.22674329898531922
R-ACC→L-ITG,SN→CEN,Kraków,eyes open,beta,0.30972524071923657
R-ACC→R-ITG,SN→CEN,Kraków,eyes open,beta,-0.047457899787624956
R-ACC→L-SUP,SN→CEN,Kraków,eyes open,beta,-0.22948400220531803
R-ACC→R-SUP,SN→CEN,Kraków,eyes open,beta,0.014227759830611805
L-INS→L-ACC,SN→SN,Kraków,eyes open,beta,0.23845827345289922
L-INS→R-ACC,SN→SN,Kraków,eyes open,beta,-0.08126289766298865
L-INS→R-INS,SN→SN,Kraków,eyes open,beta,-0.1338923854009157
L-INS→L-IFG,SN→DMN,Kraków,eyes open,beta,0.19982273594789457
L-INS→R-IFG,SN→CEN,Kraków,eyes open,beta,0.09235226082088449
L-INS→L-mPFC,SN→DMN,Kraków,eyes open,beta,-0.02845551966122361
L-INS→R-mPFC,SN→DMN,Kraków,eyes open,beta,-0.019982273594789456
L-INS→L-aSTG,SN→DMN,Kraków,eyes open,beta,0.16485375715701298
L-INS→R-aSTG,SN→DMN,Kraków,eyes open,beta,0.04268327949183541
L-INS→L-PREC,SN→DMN,Kraków,eyes open,beta,0.029973410392184183
L-INS→R-PREC,SN→DMN,Kraków,eyes open,beta,-0.15297323202638816
L-INS→L-ANG,SN→DMN,Kraków,eyes open,beta,0.21199627688478317
L-INS→R-ANG,SN→DMN,Kraków,eyes open,beta,0.2060165818312039
L-INS→L-SFG,SN→CEN,Kraków,eyes open,beta,-0.08981688689067165
L-INS→R-SFG,SN→CEN,Kraków,eyes open,beta,-0.23978728313747347
L-INS→L-pSTG,SN→CEN,Kraków,eyes open,beta,0.18983159915049982
L-INS→R-pSTG,SN→CEN,Kraków,eyes open,beta,-0.11603232769803436
L-INS→L-ITG,SN→CEN,Kraków,eyes open,beta,0.08288023407002454
L-INS→R-ITG,SN→CEN,Kraków,eyes open,beta,-0.12273468661750604
L-INS→L-SUP,SN→CEN,Kraków,eyes open,beta,-0.08714072996890153
L-INS→R-SUP,SN→CEN,Kraków,eyes open,beta,0.04025611369115478
R-INS→L-ACC,SN→SN,Kraków,eyes open,beta,0.06993795758176309
R-INS→R-ACC,SN→SN,Kraków,eyes open,beta,0.03432816635138545
R-INS→L-INS,SN→SN,Kraków,eyes open,beta,0.07992909437915782
R-INS→L-IFG,SN→DMN,Kraków,eyes open,beta,0.10490693637264464
R-INS→R-IFG,SN→CEN,Kraków,eyes open,beta,0.05691103932244722
R-INS→L-mPFC,SN→DMN,Kraków,eyes open,beta,0.0580040997404305
R-INS→R-mPFC,SN→DMN,Kraków,eyes open,beta,-0.23508117299081363
R-INS→L-aSTG,SN→DMN,Kraków,eyes open,beta,-0.0278942469585241
R-INS→R-aSTG,SN→DMN,Kraków,eyes open,beta,0.2847473987257497
R-INS→L-PREC,SN→DMN,Kraków,eyes open,beta,0.10018889955165268
R-INS→R-PREC,SN→DMN,Kraków,eyes open,beta,0.10490693637264464
R-INS→L-ANG,SN→DMN,Kraków,eyes open,beta,0.1798404623531051
R-INS→R-ANG,SN→DMN,Kraków,eyes open,beta,0.09837087611835467
R-INS→L-SFG,SN→CEN,Kraków,eyes open,beta,0.21480944114398665
R-INS→R-SFG,SN→CEN,Kraków,eyes open,beta,0.19654455508034394
R-INS→L-pSTG,SN→CEN,Kraków,eyes open,beta,0.010020479406233544
R-INS→R-pSTG,SN→CEN,Kraków,eyes open,beta,0.07252504209216266
R-INS→L-ITG,SN→CEN,Kraków,eyes open,beta,0.2997341039218418
R-INS→R-ITG,SN→CEN,Kraków,eyes open,beta,-0.04499212706658476
R-INS→L-SUP,SN→CEN,Kraków,eyes open,beta,0.12550435444889432
R-INS→R-SUP,SN→CEN,Kraków,eyes open,beta,-0.1242625304369271
L-IFG→L-ACC,DMN→SN,Kraków,eyes open,beta,0.11489807317003937
L-IFG→R-ACC,DMN→SN,Kraków,eyes open,beta,-0.09491579957524991
L-IFG→L-INS,DMN→SN,Kraków,eyes open,beta,0.04499212706658475
L-IFG→R-INS,DMN→SN,Kraków,eyes open,beta,0.1959009774923447
L-IFG→R-IFG,DMN→CEN,Kraków,eyes open,beta,-0.2249606353329238
L-IFG→L-mPFC,DMN→DMN,Kraków,eyes open,beta,-0.002368006687714987
L-IFG→R-mPFC,DMN→DMN,Kraków,eyes open,beta,-0.005273099976402772
L-IFG→L-aSTG,DMN→DMN,Kraków,eyes open,beta,0.10521503376545221
L-IFG→R-aSTG,DMN→DMN,Kraków,eyes open,beta,0.07524731165492134
L-IFG→L-PREC,DMN→DMN,Kraków,eyes open,beta,-0.23712933051019675
L-IFG→R-PREC,DMN→DMN,Kraków,eyes open,beta,-0.06494238918306573
L-IFG→L-ANG,DMN→DMN,Kraków,eyes open,beta,-0.22873282505989764
L-IFG→R-ANG,DMN→DMN,Kraków,eyes open,beta,0.10490693637264464
L-IFG→L-SFG,DMN→CEN,Kraków,eyes open,beta,-0.14918442132604418
L-IFG→R-SFG,DMN→CEN,Kraków,eyes open,beta,-0.109902504771342
L-IFG→L-pSTG,DMN→CEN,Kraków,eyes open,beta,-0.01673654817511446
L-IFG→R-pSTG,DMN→CEN,Kraków,eyes open,beta,-0.2566196768304904
L-IFG→L-ITG,DMN→CEN,Kraków,eyes open,beta,0.20149814827784024
L-IFG→R-ITG,DMN→CEN,Kraków,eyes open,beta,-0.09898267954648646
L-IFG→L-SUP,DMN→CEN,Kraków,eyes open,beta,0.002368006687714987
L-IFG→R-SUP,DMN→CEN,Kraków,eyes open,beta,-0.009991136797394728
R-IFG→L-ACC,CEN→SN,Kraków,eyes open,beta,-0.026995276239950853
R-IFG→R-ACC,CEN→SN,Kraków,eyes open,beta,-0.029973410392184183
R-IFG→L-INS,CEN→SN,Kraków,eyes open,beta,0.1505158063099208
R-IFG→R-INS,CEN→SN,Kraków,eyes open,beta,0.01657604681400491
R-IFG→L-IFG,CEN→DMN,Kraków,eyes open,beta,0.0544641538174447
R-IFG→L-mPFC,CEN→DMN,Kraków,eyes open,beta,-0.17760050157862403
R-IFG→R-mPFC,CEN→DMN,Kraków,eyes open,beta,-0.13488034676482882
R-IFG→L-aSTG,CEN→DMN,Kraków,eyes open,beta,-0.1498670519609209
R-IFG→R-aSTG,CEN→DMN,Kraków,eyes open,beta,-0.06327719971683327
R-IFG→L-PREC,CEN→DMN,Kraków,eyes open,beta,-0.034968978790881546
R-IFG→R-PREC,CEN→DMN,Kraków,eyes open,beta,0.17164083175692724
R-IFG→L-ANG,CEN→DMN,Kraków,eyes open,beta,-0.00948517322040787
R-IFG→R-ANG,CEN→DMN,Kraków,eyes open,beta,0.09898267954648646
R-IFG→L-SFG,CEN→CEN,Kraków,eyes open,beta,-0.04499212706658475
R-IFG→R-SFG,CEN→CEN,Kraków,eyes open,beta,0.09448346683982797
R-IFG→L-pSTG,CEN→CEN,Kraków,eyes open,beta,-0.2812155884854309
R-IFG→R-pSTG,CEN→CEN,Kraków,eyes open,beta,-0.21075259520663386
R-IFG→L-ITG,CEN→CEN,Kraków,eyes open,beta,0.3306758204057069
R-IFG→R-ITG,CEN→CEN,Kraków,eyes open,beta,-0.4238731971009827
R-IFG→L-SUP,CEN→CEN,Kraków,eyes open,beta,-0.3396534776714405
R-IFG→R-SUP,CEN→CEN,Kraków,eyes open,beta,-0.2897429671244471
L-mPFC→L-ACC,DMN→SN,Kraków,eyes open,beta,0.27232076908722347
L-mPFC→R-ACC,DMN→SN,Kraków,eyes open,beta,-0.2705529439683057
L-mPFC→L-INS,DMN→SN,Kraków,eyes open,beta,0.3111128986077636
L-mPFC→R-INS,DMN→SN,Kraków,eyes open,beta,0.07113879915305901
L-mPFC→L-IFG,DMN→DMN,Kraków,eyes open,beta,0.3646764931049076
L-mPFC→R-IFG,DMN→CEN,Kraków,eyes open,beta,-0.08998425413316952
L-mPFC→R-mPFC,DMN→DMN,Kraków,eyes open,beta,0.10020479406233543
L-mPFC→L-aSTG,DMN→DMN,Kraków,eyes open,beta,0.03078408694029483
L-mPFC→R-aSTG,DMN→DMN,Kraków,eyes open,beta,0.03996454718957891
L-mPFC→L-PREC,DMN→DMN,Kraków,eyes open,beta,0.3130107162734597
L-mPFC→R-PREC,DMN→DMN,Kraków,eyes open,beta,0.029973410392184183
L-mPFC→L-ANG,DMN→DMN,Kraków,eyes open,beta,0.16599053135713773
L-mPFC→R-ANG,DMN→DMN,Kraków,eyes open,beta,0.5888600843353042
L-mPFC→L-SFG,DMN→CEN,Kraków,eyes open,beta,-0.14918442132604418
L-mPFC→R-SFG,DMN→CEN,Kraków,eyes open,beta,-0.18220334448043043
L-mPFC→L-pSTG,DMN→CEN,Kraków,eyes open,beta,0.15297323202638816
L-mPFC→R-pSTG,DMN→CEN,Kraków,eyes open,beta,-0.10348189225314494
L-mPFC→L-ITG,DMN→CEN,Kraków,eyes open,beta,0.20641742749307834
L-mPFC→R-ITG,DMN→CEN,Kraków,eyes open,beta,-0.06855029969323605
L-mPFC→L-SUP,DMN→CEN,Kraków,eyes open,beta,-0.03149448894660933
L-mPFC→R-SUP,DMN→CEN,Kraków,eyes open,beta,-0.035993701653267804
R-mPFC→L-ACC,DMN→SN,Kraków,eyes open,beta,0.22147019900891643
R-mPFC→R-ACC,DMN→SN,Kraków,eyes open,beta,-0.005597170785495563
R-mPFC→L-INS,DMN→SN,Kraków,eyes open,beta,0.20641742749307834
R-mPFC→R-INS,DMN→SN,Kraków,eyes open,beta,0.03149448894660933
R-mPFC→L-IFG,DMN→DMN,Kraków,eyes open,beta,0.2608422635612164
R-mPFC→R-IFG,DMN→CEN,Kraków,eyes open,beta,0.11382207864489444
R-mPFC→L-mPFC,DMN→DMN,Kraków,eyes open,beta,-0.12330725186530231
R-mPFC→L-aSTG,DMN→DMN,Kraków,eyes open,beta,0.03905194574193374
R-mPFC→R-aSTG,DMN→DMN,Kraków,eyes open,beta,0.10490693637264464
R-mPFC→L-PREC,DMN→DMN,Kraków,eyes open,beta,0.004995568398697364
R-mPFC→R-PREC,DMN→DMN,Kraków,eyes open,beta,0.019982273594789456
R-mPFC→L-ANG,DMN→DMN,Kraków,eyes open,beta,-0.1505158063099208
R-mPFC→R-ANG,DMN→DMN,Kraków,eyes open,beta,0.17484489395440772
R-mPFC→L-SFG,DMN→CEN,Kraków,eyes open,beta,0.1124803176664619
R-mPFC→R-SFG,DMN→CEN,Kraków,eyes open,beta,-0.0679306955342881
R-mPFC→L-pSTG,DMN→CEN,Kraków,eyes open,beta,0.06136734330875302
R-mPFC→R-pSTG,DMN→CEN,Kraków,eyes open,beta,-0.13497638119975428
R-mPFC→L-ITG,DMN→CEN,Kraków,eyes open,beta,0.13488034676482882
R-mPFC→R-ITG,DMN→CEN,Kraków,eyes open,beta,0.019982273594789456
R-mPFC→L-SUP,DMN→CEN,Kraków,eyes open,beta,-0.05920016719287467
R-mPFC→R-SUP,DMN→CEN,Kraków,eyes open,beta,0.16599053135713773
L-aSTG→L-ACC,DMN→SN,Kraków,eyes open,beta,0.2997341039218418
L-aSTG→R-ACC,DMN→SN,Kraków,eyes open,beta,0.12655439943366653
L-aSTG→L-INS,DMN→SN,Kraków,eyes open,beta,0.32471194591532865
L-aSTG→R-INS,DMN→SN,Kraków,eyes open,beta,0.005597170785495563
L-aSTG→L-IFG,DMN→DMN,Kraków,eyes open,beta,0.1371005993864721
L-aSTG→R-IFG,DMN→CEN,Kraków,eyes open,beta,0.03691169983481941
L-aSTG→L-mPFC,DMN→DMN,Kraków,eyes open,beta,0.1444484079506142
L-aSTG→R-mPFC,DMN→DMN,Kraków,eyes open,beta,-0.15620778296773496
L-aSTG→R-aSTG,DMN→DMN,Kraków,eyes open,beta,0.2138908826509401
L-aSTG→L-PREC,DMN→DMN,Kraków,eyes open,beta,0.24295748615955767
L-aSTG→R-PREC,DMN→DMN,Kraków,eyes open,beta,0.1242625304369271
L-aSTG→L-ANG,DMN→DMN,Kraków,eyes open,beta,0.13279242508571018
L-aSTG→R-ANG,DMN→DMN,Kraków,eyes open,beta,0.2647651251309603
L-aSTG→L-SFG,DMN→CEN,Kraków,eyes open,beta,0.2347917147387761
L-aSTG→R-SFG,DMN→CEN,Kraków,eyes open,beta,0.20481830434659193
L-aSTG→L-pSTG,DMN→CEN,Kraków,eyes open,beta,0.0044992127066584755
L-aSTG→R-pSTG,DMN→CEN,Kraków,eyes open,beta,0.17996850826633903
L-aSTG→L-ITG,DMN→CEN,Kraków,eyes open,beta,0.24478285153617083
L-aSTG→R-ITG,DMN→CEN,Kraków,eyes open,beta,-0.12873492806639794
L-aSTG→L-SUP,DMN→CEN,Kraków,eyes open,beta,-0.11489807317003937
L-aSTG→R-SUP,DMN→CEN,Kraków,eyes open,beta,0.23443266208378374
R-aSTG→L-ACC,DMN→SN,Kraków,eyes open,beta,0.04499212706658475
R-aSTG→R-ACC,DMN→SN,Kraków,eyes open,beta,-0.03347309635022892
R-aSTG→L-INS,DMN→SN,Kraków,eyes open,beta,-0.0580040997404305
R-aSTG→R-INS,DMN→SN,Kraków,eyes open,beta,-0.12804983847550624
R-aSTG→L-IFG,DMN→DMN,Kraków,eyes open,beta,-0.21560612060882747
R-aSTG→R-IFG,DMN→CEN,Kraków,eyes open,beta,-0.08992023117655255
R-aSTG→L-mPFC,DMN→DMN,Kraków,eyes open,beta,-0.1844677209729975
R-aSTG→R-mPFC,DMN→DMN,Kraków,eyes open,beta,-0.00557884939170482
R-aSTG→L-aSTG,DMN→DMN,Kraków,eyes open,beta,-0.22973465173619492
R-aSTG→L-PREC,DMN→DMN,Kraków,eyes open,beta,-0.07648661601319408
R-aSTG→R-PREC,DMN→DMN,Kraków,eyes open,beta,0.11489807317003937
R-aSTG→L-ANG,DMN→DMN,Kraków,eyes open,beta,-0.07382339966963881
R-aSTG→R-ANG,DMN→DMN,Kraków,eyes open,beta,0.08288023407002454
R-aSTG→L-SFG,DMN→CEN,Kraków,eyes open,beta,0.04499212706658475
R-aSTG→R-SFG,DMN→CEN,Kraków,eyes open,beta,0.04496011558827628
R-aSTG→L-pSTG,DMN→CEN,Kraków,eyes open,beta,-0.06327719971683327
R-aSTG→R-pSTG,DMN→CEN,Kraków,eyes open,beta,-0.1112963143226044
R-aSTG→L-ITG,DMN→CEN,Kraków,eyes open,beta,-0.12128129945726378
R-aSTG→R-ITG,DMN→CEN,Kraków,eyes open,beta,-0.3596809247062102
R-aSTG→L-SUP,DMN→CEN,Kraków,eyes open,beta,-0.2789511878128255
R-aSTG→R-SUP,DMN→CEN,Kraków,eyes open,beta,-0.12076834107346433
L-PREC→L-ACC,DMN→SN,Kraków,eyes open,beta,0.18896693367965595
L-PREC→R-ACC,DMN→SN,Kraków,eyes open,beta,-0.15579706267167243
L-PREC→L-INS,DMN→SN,Kraków,eyes open,beta,0.1124803176664619
L-PREC→R-INS,DMN→SN,Kraków,eyes open,beta,-0.3707577380306411
L-PREC→L-IFG,DMN→DMN,Kraków,eyes open,beta,0.053990552479901706
L-PREC→R-IFG,DMN→CEN,Kraków,eyes open,beta,-0.274451975106167
L-PREC→L-mPFC,DMN→DMN,Kraków,eyes open,beta,-0.058489765186560176
L-PREC→R-mPFC,DMN→DMN,Kraków,eyes open,beta,0.21815898406938103
L-PREC→L-aSTG,DMN→DMN,Kraków,eyes open,beta,0.026048073564864858
L-PREC→R-aSTG,DMN→DMN,Kraków,eyes open,beta,0.1124803176664619
L-PREC→R-PREC,DMN→DMN,Kraków,eyes open,beta,-0.11547885457372069
L-PREC→L-ANG,DMN→DMN,Kraków,eyes open,beta,0.36176606077998513
L-PREC→R-ANG,DMN→DMN,Kraków,eyes open,beta,0.45228927735356256
L-PREC→L-SFG,DMN→CEN,Kraków,eyes open,beta,0.24029716445969815
L-PREC→R-SFG,DMN→CEN,Kraków,eyes open,beta,-0.23916867545921372
L-PREC→L-pSTG,DMN→CEN,Kraków,eyes open,beta,0.16834998458497485
L-PREC→R-pSTG,DMN→CEN,Kraków,eyes open,beta,-0.12330725186530231
L-PREC→L-ITG,DMN→CEN,Kraków,eyes open,beta,-0.029973410392184183
L-PREC→R-ITG,DMN→CEN,Kraków,eyes open,beta,0.08964269959884713
L-PREC→L-SUP,DMN→CEN,Kraków,eyes open,beta,0.38817234258874317
L-PREC→R-SUP,DMN→CEN,Kraków,eyes open,beta,-0.025661967683049042
R-PREC→L-ACC,DMN→SN,Kraków,eyes open,beta,0.4268327949183541
R-PREC→R-ACC,DMN→SN,Kraków,eyes open,beta,0.1302403678243243
R-PREC→L-INS,DMN→SN,Kraków,eyes open,beta,0.054951252385671
R-PREC→R-INS,DMN→SN,Kraków,eyes open,beta,-0.10798110495980341
R-PREC→L-IFG,DMN→DMN,Kraków,eyes open,beta,0.1710797845536603
R-PREC→R-IFG,DMN→CEN,Kraków,eyes open,beta,-0.04025611369115478
R-PREC→L-mPFC,DMN→DMN,Kraków,eyes open,beta,0.17996850826633903
R-PREC→R-mPFC,DMN→DMN,Kraków,eyes open,beta,0.23501590809794656
R-PREC→L-aSTG,DMN→DMN,Kraków,eyes open,beta,0.15176277152652592
R-PREC→R-aSTG,DMN→DMN,Kraków,eyes open,beta,0.40963660869318386
R-PREC→L-PREC,DMN→DMN,Kraków,eyes open,beta,0.21384973069207538
R-PREC→L-ANG,DMN→DMN,Kraków,eyes open,beta,0.4790012476305974
R-PREC→R-ANG,DMN→DMN,Kraków,eyes open,beta,0.17760050157862403
R-PREC→L-SFG,DMN→CEN,Kraków,eyes open,beta,0.33969865111142067
R-PREC→R-SFG,DMN→CEN,Kraków,eyes open,beta,-0.03794069288163148
R-PREC→L-pSTG,DMN→CEN,Kraków,eyes open,beta,0.3047296723205392
R-PREC→R-pSTG,DMN→CEN,Kraków,eyes open,beta,0.08998425413316952
R-PREC→L-ITG,DMN→CEN,Kraków,eyes open,beta,0.04025611369115478
R-PREC→R-ITG,DMN→CEN,Kraków,eyes open,beta,0.06327719971683327
R-PREC→L-SUP,DMN→CEN,Kraków,eyes open,beta,0.09991136797394728
R-PREC→R-SUP,DMN→CEN,Kraków,eyes open,beta,0.09898267954648646
L-ANG→L-ACC,DMN→SN,Kraków,eyes open,beta,0.22022462195749382
L-ANG→R-ACC,DMN→SN,Kraków,eyes open,beta,-0.013203140904379018
L-ANG→L-INS,DMN→SN,Kraków,eyes open,beta,0.4459113335773927
L-ANG→R-INS,DMN→SN,Kraków,eyes open,beta,-0.2609543369861916
L-ANG→L-IFG,DMN→DMN,Kraków,eyes open,beta,-0.07382339966963881
L-ANG→R-IFG,DMN→CEN,Kraków,eyes open,beta,0.1664708701463636
L-ANG→L-mPFC,DMN→DMN,Kraków,eyes open,beta,-0.06393618056830465
L-ANG→R-mPFC,DMN→DMN,Kraków,eyes open,beta,0.04949133977324323
L-ANG→L-aSTG,DMN→DMN,Kraków,eyes open,beta,0.1612479447469338
L-ANG→R-aSTG,DMN→DMN,Kraków,eyes open,beta,0.19346614638631446
L-ANG→L-PREC,DMN→DMN,Kraków,eyes open,beta,0.17760050157862403
L-ANG→R-PREC,DMN→DMN,Kraków,eyes open,beta,0.014986705196092092
L-ANG→R-ANG,DMN→DMN,Kraków,eyes open,beta,0.17996850826633903
L-ANG→L-SFG,DMN→CEN,Kraków,eyes open,beta,-0.03149448894660933
L-ANG→R-SFG,DMN→CEN,Kraków,eyes open,beta,-0.0044992127066584755
L-ANG→L-pSTG,DMN→CEN,Kraków,eyes open,beta,0.07909649964604158
L-ANG→R-pSTG,DMN→CEN,Kraków,eyes open,beta,-0.10656030094717442
L-ANG→L-ITG,DMN→CEN,Kraków,eyes open,beta,0.04995568398697364
L-ANG→R-ITG,DMN→CEN,Kraków,eyes open,beta,-0.1740122992212915
L-ANG→L-SUP,DMN→CEN,Kraków,eyes open,beta,0.14541781687061126
L-ANG→R-SUP,DMN→CEN,Kraków,eyes open,beta,-0.012830983841524521
R-ANG→L-ACC,DMN→SN,Kraków,eyes open,beta,-0.03996454718957891
R-ANG→R-ACC,DMN→SN,Kraków,eyes open,beta,0.06639621254285509
R-ANG→L-INS,DMN→SN,Kraków,eyes open,beta,-0.10599813844239159
R-ANG→R-INS,DMN→SN,Kraków,eyes open,beta,-0.28929778322244
R-ANG→L-IFG,DMN→DMN,Kraków,eyes open,beta,0.10490693637264464
R-ANG→R-IFG,DMN→CEN,Kraków,eyes open,beta,-0.20040958812467086
R-ANG→L-mPFC,DMN→DMN,Kraków,eyes open,beta,-0.15620778296773496
R-ANG→R-mPFC,DMN→DMN,Kraków,eyes open,beta,-0.32970751431402595
R-ANG→L-aSTG,DMN→DMN,Kraków,eyes open,beta,-0.1452345499481692
R-ANG→R-aSTG,DMN→DMN,Kraków,eyes open,beta,-0.0544641538174447
R-ANG→L-PREC,DMN→DMN,Kraków,eyes open,beta,0.2544423242279936
R-ANG→R-PREC,DMN→DMN,Kraków,eyes open,beta,-0.29002049870215246
R-ANG→L-ANG,DMN→DMN,Kraków,eyes open,beta,-0.274451975106167
R-ANG→L-SFG,DMN→CEN,Kraków,eyes open,beta,-0.17097008285302207
R-ANG→R-SFG,DMN→CEN,Kraków,eyes open,beta,-0.23989052384330728
R-ANG→L-pSTG,DMN→CEN,Kraków,eyes open,beta,0.07252504209216266
R-ANG→R-pSTG,DMN→CEN,Kraków,eyes open,beta,-0.06867219394373462
R-ANG→L-ITG,DMN→CEN,Kraków,eyes open,beta,0.018811827913730334
R-ANG→R-ITG,DMN→CEN,Kraków,eyes open,beta,-0.15620778296773496
R-ANG→L-SUP,DMN→CEN,Kraków,eyes open,beta,-0.2339590607462407
R-ANG→R-SUP,DMN→CEN,Kraków,eyes open,beta,0.02131206018943488
L-SFG→L-ACC,CEN→SN,Kraków,eyes open,beta,0.219805009542684
L-SFG→R-ACC,CEN→SN,Kraków,eyes open,beta,0.008553989227683014
L-SFG→L-INS,CEN→SN,Kraków,eyes open,beta,0.02131206018943488
L-SFG→R-INS,CEN→SN,Kraków,eyes open,beta,-0.014986705196092092
L-SFG→L-IFG,CEN→DMN,Kraków,eyes open,beta,-0.1953993484215541
L-SFG→R-IFG,CEN→CEN,Kraków,eyes open,beta,-0.029973410392184183
L-SFG→L-mPFC,CEN→DMN,Kraków,eyes open,beta,-0.22979614634007875
L-SFG→R-mPFC,CEN→DMN,Kraków,eyes open,beta,-0.2897429671244471
L-SFG→L-aSTG,CEN→DMN,Kraków,eyes open,beta,0.1302403678243243
L-SFG→R-aSTG,CEN→DMN,Kraków,eyes open,beta,0.05017193543664027
L-SFG→L-PREC,CEN→DMN,Kraków,eyes open,beta,0.08992023117655255
L-SFG→R-PREC,CEN→DMN,Kraków,eyes open,beta,0.017996850826633902
L-SFG→L-ANG,CEN→DMN,Kraków,eyes open,beta,-0.04972814044201473
L-SFG→R-ANG,CEN→DMN,Kraków,eyes open,beta,0.15062893357603013
L-SFG→R-SFG,CEN→CEN,Kraków,eyes open,beta,-0.04496011558827628
L-SFG→L-pSTG,CEN→CEN,Kraków,eyes open,beta,-0.0734082073191646
L-SFG→R-pSTG,CEN→CEN,Kraków,eyes open,beta,-0.4046410402944865
L-SFG→L-ITG,CEN→CEN,Kraków,eyes open,beta,0.22764415728978887
L-SFG→R-ITG,CEN→CEN,Kraków,eyes open,beta,-0.32844252758606873
L-SFG→L-SUP,CEN→CEN,Kraków,eyes open,beta,0.07198740330653561
L-SFG→R-SUP,CEN→CEN,Kraków,eyes open,beta,-0.07814422069459458
R-SFG→L-ACC,CEN→SN,Kraków,eyes open,beta,0.12076834107346433
R-SFG→R-ACC,CEN→SN,Kraków,eyes open,beta,0.16485375715701298
R-SFG→L-INS,CEN→SN,Kraków,eyes open,beta,0.0044992127066584755
R-SFG→R-INS,CEN→SN,Kraków,eyes open,beta,-0.019982273594789456
R-SFG→L-IFG,CEN→DMN,Kraków,eyes open,beta,-0.08492466277785517
R-SFG→R-IFG,CEN→CEN,Kraków,eyes open,beta,-0.029973410392184183
R-SFG→L-mPFC,CEN→DMN,Kraków,eyes open,beta,0.02845551966122361
R-SFG→R-mPFC,CEN→DMN,Kraków,eyes open,beta,-0.22764415728978887
R-SFG→L-aSTG,CEN→DMN,Kraków,eyes open,beta,-0.19444605101836132
R-SFG→R-aSTG,CEN→DMN,Kraków,eyes open,beta,0.17294433114284943
R-SFG→L-PREC,CEN→DMN,Kraków,eyes open,beta,-0.07992909437915782
R-SFG→R-PREC,CEN→DMN,Kraków,eyes open,beta,0.2533767155855036
R-SFG→L-ANG,CEN→DMN,Kraków,eyes open,beta,0.14487148356222354
R-SFG→R-ANG,CEN→DMN,Kraków,eyes open,beta,0.2574698561327959
R-SFG→L-SFG,CEN→CEN,Kraków,eyes open,beta,-0.03149448894660933
R-SFG→L-pSTG,CEN→CEN,Kraków,eyes open,beta,0.17484489395440772
R-SFG→R-pSTG,CEN→CEN,Kraków,eyes open,beta,-0.08553989227683015
R-SFG→L-ITG,CEN→CEN,Kraków,eyes open,beta,-0.12128129945726378
R-SFG→R-ITG,CEN→CEN,Kraków,eyes open,beta,0.15620778296773496
R-SFG→L-SUP,CEN→CEN,Kraków,eyes open,beta,0.01657604681400491
R-SFG→R-SUP,CEN→CEN,Kraków,eyes open,beta,0.21341639745917704
L-pSTG→L-ACC,CEN→SN,Kraków,eyes open,beta,-0.24029716445969815
L-pSTG→R-ACC,CEN→SN,Kraków,eyes open,beta,0.08368274087557231
L-pSTG→L-INS,CEN→SN,Kraków,eyes open,beta,0.13527647198415285
L-pSTG→R-INS,CEN→SN,Kraków,eyes open,beta,-0.09484043965898194
L-pSTG→L-IFG,CEN→DMN,Kraków,eyes open,beta,-0.002368006687714987
L-pSTG→R-IFG,CEN→CEN,Kraków,eyes open,beta,-0.09448346683982797
L-pSTG→L-mPFC,CEN→DMN,Kraków,eyes open,beta,-0.08992023117655255
L-pSTG→R-mPFC,CEN→DMN,Kraków,eyes open,beta,-0.0712969608836467
L-pSTG→L-aSTG,CEN→DMN,Kraków,eyes open,beta,-0.30972524071923657
L-pSTG→R-aSTG,CEN→DMN,Kraków,eyes open,beta,0.09991136797394728
L-pSTG→L-PREC,CEN→DMN,Kraków,eyes open,beta,-0.282547215353711
L-pSTG→R-PREC,CEN→DMN,Kraków,eyes open,beta,-0.26627685093627235
L-pSTG→L-ANG,CEN→DMN,Kraków,eyes open,beta,0.08368274087557231
L-pSTG→R-ANG,CEN→DMN,Kraków,eyes open,beta,0.34588866228569887
L-pSTG→L-SFG,CEN→CEN,Kraków,eyes open,beta,-0.12128129945726378
L-pSTG→R-SFG,CEN→CEN,Kraków,eyes open,beta,-0.2248005779413814
L-pSTG→R-pSTG,CEN→CEN,Kraków,eyes open,beta,-0.23989052384330728
L-pSTG→L-ITG,CEN→CEN,Kraków,eyes open,beta,0.21917213901269172
L-pSTG→R-ITG,CEN→CEN,Kraków,eyes open,beta,-0.09746578054919597
L-pSTG→L-SUP,CEN→CEN,Kraków,eyes open,beta,-0.19804711356568527
L-pSTG→R-SUP,CEN→CEN,Kraków,eyes open,beta,-0.17557706052814975
R-pSTG→L-ACC,CEN→SN,Kraków,eyes open,beta,0.34194016570604413
R-pSTG→R-ACC,CEN→SN,Kraków,eyes open,beta,0.08553989227683015
R-pSTG→L-INS,CEN→SN,Kraków,eyes open,beta,0.3896543350983944
R-pSTG→R-INS,CEN→SN,Kraków,eyes open,beta,-0.07100716024967263
R-pSTG→L-IFG,CEN→DMN,Kraków,eyes open,beta,0.5355695416036628
R-pSTG→R-IFG,CEN→CEN,Kraków,eyes open,beta,0.2805734233745392
R-pSTG→L-mPFC,CEN→DMN,Kraków,eyes open,beta,0.07113879915305901
R-pSTG→R-mPFC,CEN→DMN,Kraków,eyes open,beta,0.12550435444889432
R-pSTG→L-aSTG,CEN→DMN,Kraków,eyes open,beta,0.31968090284152323
R-pSTG→R-aSTG,CEN→DMN,Kraków,eyes open,beta,0.48956570307234165
R-pSTG→L-PREC,CEN→DMN,Kraków,eyes open,beta,0.39873485531224634
R-pSTG→R-PREC,CEN→DMN,Kraków,eyes open,beta,0.33672364932447935
R-pSTG→L-ANG,CEN→DMN,Kraków,eyes open,beta,0.2249606353329238
R-pSTG→R-ANG,CEN→DMN,Kraków,eyes open,beta,0.30972524071923657
R-pSTG→L-SFG,CEN→CEN,Kraków,eyes open,beta,0.21146299721294834
R-pSTG→R-SFG,CEN→CEN,Kraków,eyes open,beta,0.2647651251309603
R-pSTG→L-pSTG,CEN→CEN,Kraków,eyes open,beta,0.15620778296773496
R-pSTG→L-ITG,CEN→CEN,Kraków,eyes open,beta,0.4251411371210044
R-pSTG→R-ITG,CEN→CEN,Kraków,eyes open,beta,0.2098138727452893
R-pSTG→L-SUP,CEN→CEN,Kraków,eyes open,beta,0.4509215732805095
R-pSTG→R-SUP,CEN→CEN,Kraków,eyes open,beta,0.20101874685055085
L-ITG→L-ACC,CEN→SN,Kraków,eyes open,beta,0.21480944114398665
L-ITG→R-ACC,CEN→SN,Kraków,eyes open,beta,-0.1844677209729975
L-ITG→L-INS,CEN→SN,Kraków,eyes open,beta,-0.0544641538174447
L-ITG→R-INS,CEN→SN,Kraków,eyes open,beta,0.08436959962244435
L-ITG→L-IFG,CEN→DMN,Kraków,eyes open,beta,0.22945984803958225
L-ITG→R-IFG,CEN→CEN,Kraków,eyes open,beta,0.23845827345289922
L-ITG→L-mPFC,CEN→DMN,Kraków,eyes open,beta,0.15486262035961829
L-ITG→R-mPFC,CEN→DMN,Kraków,eyes open,beta,0.026581576513417082
L-ITG→L-aSTG,CEN→DMN,Kraków,eyes open,beta,0.0641549192076226
L-ITG→R-aSTG,CEN→DMN,Kraków,eyes open,beta,0.285583663077656
L-ITG→L-PREC,CEN→DMN,Kraków,eyes open,beta,0.16736548175114463
L-ITG→R-PREC,CEN→DMN,Kraków,eyes open,beta,0.12804983847550624
L-ITG→L-ANG,CEN→DMN,Kraków,eyes open,beta,0.07588138576326296
L-ITG→R-ANG,CEN→DMN,Kraków,eyes open,beta,0.4078624484775384
L-ITG→L-SFG,CEN→CEN,Kraków,eyes open,beta,0.17484489395440772
L-ITG→R-SFG,CEN→CEN,Kraków,eyes open,beta,-0.2960008359643734
L-ITG→L-pSTG,CEN→CEN,Kraków,eyes open,beta,0.19796535909297291
L-ITG→R-pSTG,CEN→CEN,Kraków,eyes open,beta,-0.06748819059987714
L-ITG→R-ITG,CEN→CEN,Kraków,eyes open,beta,0.16635957539517562
L-ITG→L-SUP,CEN→CEN,Kraków,eyes open,beta,0.33969865111142067
L-ITG→R-SUP,CEN→CEN,Kraków,eyes open,beta,0.2997341039218418
R-ITG→L-ACC,CEN→SN,Kraków,eyes open,beta,0.5880807396652878
R-ITG→R-ACC,CEN→SN,Kraków,eyes open,beta,0.5596252200040643
R-ITG→L-INS,CEN→SN,Kraków,eyes open,beta,0.4049291435992628
R-ITG→R-INS,CEN→SN,Kraków,eyes open,beta,-0.11975584918756221
R-ITG→L-IFG,CEN→DMN,Kraków,eyes open,beta,0.36820405985251814
R-ITG→R-IFG,CEN→CEN,Kraków,eyes open,beta,0.0071040200631449614
R-ITG→L-mPFC,CEN→DMN,Kraków,eyes open,beta,0.15985818875831564
R-ITG→R-mPFC,CEN→DMN,Kraków,eyes open,beta,-0.013497638119975426
R-ITG→L-aSTG,CEN→DMN,Kraków,eyes open,beta,0.01710797845536603
R-ITG→R-aSTG,CEN→DMN,Kraków,eyes open,beta,0.21075259520663386
R-ITG→L-PREC,CEN→DMN,Kraków,eyes open,beta,0.6094593446410784
R-ITG→R-PREC,CEN→DMN,Kraków,eyes open,beta,0.19982273594789457
R-ITG→L-ANG,CEN→DMN,Kraków,eyes open,beta,0.20481830434659193
R-ITG→R-ANG,CEN→DMN,Kraków,eyes open,beta,0.4621099316532657
R-ITG→L-SFG,CEN→CEN,Kraków,eyes open,beta,0.06993795758176309
R-ITG→R-SFG,CEN→CEN,Kraków,eyes open,beta,-0.08016383524986835
R-ITG→L-pSTG,CEN→CEN,Kraków,eyes open,beta,0.27232076908722347
R-ITG→R-pSTG,CEN→CEN,Kraków,eyes open,beta,0.11697953037312035
R-ITG→L-ITG,CEN→CEN,Kraków,eyes open,beta,0.18496087779795345
R-ITG→L-SUP,CEN→CEN,Kraków,eyes open,beta,0.2609543369861916
R-ITG→R-SUP,CEN→CEN,Kraków,eyes open,beta,0.23501590809794656
L-SUP→L-ACC,CEN→SN,Kraków,eyes open,beta,0.2897429671244471
L-SUP→R-ACC,CEN→SN,Kraków,eyes open,beta,0.1302403678243243
L-SUP→L-INS,CEN→SN,Kraków,eyes open,beta,0.14397480661307122
L-SUP→R-INS,CEN→SN,Kraków,eyes open,beta,-0.03149448894660933
L-SUP→L-IFG,CEN→DMN,Kraków,eyes open,beta,0.32723847610407153
L-SUP→R-IFG,CEN→CEN,Kraków,eyes open,beta,-0.18983159915049982
L-SUP→L-mPFC,CEN→DMN,Kraków,eyes open,beta,-0.1452969513903864
L-SUP→R-mPFC,CEN→DMN,Kraków,eyes open,beta,-0.1444484079506142
L-SUP→L-aSTG,CEN→DMN,Kraków,eyes open,beta,0.05920016719287467
L-SUP→R-aSTG,CEN→DMN,Kraków,eyes open,beta,0.24029716445969815
L-SUP→L-PREC,CEN→DMN,Kraków,eyes open,beta,0.33969865111142067
L-SUP→R-PREC,CEN→DMN,Kraków,eyes open,beta,0.01897034644081574
L-SUP→L-ANG,CEN→DMN,Kraków,eyes open,beta,0.1498670519609209
L-SUP→R-ANG,CEN→DMN,Kraków,eyes open,beta,0.22979614634007875
L-SUP→L-SFG,CEN→CEN,Kraków,eyes open,beta,0.09991136797394728
L-SUP→R-SFG,CEN→CEN,Kraków,eyes open,beta,-0.12128129945726378
L-SUP→L-pSTG,CEN→CEN,Kraków,eyes open,beta,-0.029973410392184183
L-SUP→R-pSTG,CEN→CEN,Kraków,eyes open,beta,-0.3607372586244076
L-SUP→L-ITG,CEN→CEN,Kraków,eyes open,beta,0.2677847708018314
L-SUP→R-ITG,CEN→CEN,Kraków,eyes open,beta,-0.09448346683982797
L-SUP→R-SUP,CEN→CEN,Kraków,eyes open,beta,0.08553989227683015
R-SUP→L-ACC,CEN→SN,Kraków,eyes open,beta,0.24977841993486818
R-SUP→R-ACC,CEN→SN,Kraków,eyes open,beta,-0.08368274087557231
R-SUP→L-INS,CEN→SN,Kraków,eyes open,beta,-0.034968978790881546
R-SUP→R-INS,CEN→SN,Kraków,eyes open,beta,-0.1371005993864721
R-SUP→L-IFG,CEN→DMN,Kraków,eyes open,beta,0.24977841993486818
R-SUP→R-IFG,CEN→CEN,Kraków,eyes open,beta,-0.22022462195749382
R-SUP→L-mPFC,CEN→DMN,Kraków,eyes open,beta,-0.10826575541590795
R-SUP→R-mPFC,CEN→DMN,Kraków,eyes open,beta,-0.19982273594789457
R-SUP→L-aSTG,CEN→DMN,Kraków,eyes open,beta,0.134672037224666
R-SUP→R-aSTG,CEN→DMN,Kraków,eyes open,beta,-0.08436959962244435
R-SUP→L-PREC,CEN→DMN,Kraków,eyes open,beta,0.20481830434659193
R-SUP→R-PREC,CEN→DMN,Kraków,eyes open,beta,0.08436959962244435
R-SUP→L-ANG,CEN→DMN,Kraków,eyes open,beta,-0.017996850826633902
R-SUP→R-ANG,CEN→DMN,Kraków,eyes open,beta,0.3446942195101181
R-SUP→L-SFG,CEN→CEN,Kraków,eyes open,beta,0.04995568398697364
R-SUP→R-SFG,CEN→CEN,Kraków,eyes open,beta,-0.052730999764027724
R-SUP→L-pSTG,CEN→CEN,Kraków,eyes open,beta,0.17852318053455424
R-SUP→R-pSTG,CEN→CEN,Kraków,eyes open,beta,-0.1259779557864373
R-SUP→L-ITG,CEN→CEN,Kraków,eyes open,beta,0.07100716024967263
R-SUP→R-ITG,CEN→CEN,Kraków,eyes open,beta,-0.019982273594789456
R-SUP→L-SUP,CEN→CEN,Kraków,eyes open,beta,-0.055112636734284494
L-ACC→R-ACC,SN→SN,Kraków,eyes open,delta,0.14114082225676974
L-ACC→L-INS,SN→SN,Kraków,eyes open,delta,-0.18607103559391958
L-ACC→R-INS,SN→SN,Kraków,eyes open,delta,-0.26976069352965765
L-ACC→L-IFG,SN→DMN,Kraków,eyes open,delta,-0.11120185995987919
L-ACC→R-IFG,SN→CEN,Kraków,eyes open,delta,-0.17692208811867885
L-ACC→L-mPFC,SN→DMN,Kraków,eyes open,delta,-0.15486262035961829
L-ACC→R-mPFC,SN→DMN,Kraków,eyes open,delta,-0.25477398833356557
L-ACC→L-aSTG,SN→DMN,Kraków,eyes open,delta,0.052730999764027724
L-ACC→R-aSTG,SN→DMN,Kraków,eyes open,delta,0.05994682078436837
L-ACC→L-PREC,SN→DMN,Kraków,eyes open,delta,0.0
L-ACC→R-PREC,SN→DMN,Kraków,eyes open,delta,-0.44460558748406537
L-ACC→L-ANG,SN→DMN,Kraków,eyes open,delta,-0.09708827419631447
L-ACC→R-ANG,SN→DMN,Kraków,eyes open,delta,-0.15392043470147415
L-ACC→L-SFG,SN→CEN,Kraków,eyes open,delta,-0.09898267954648646
L-ACC→R-SFG,SN→CEN,Kraków,eyes open,delta,-0.39545711684840285
L-ACC→L-pSTG,SN→CEN,Kraków,eyes open,delta,-0.12804983847550624
L-ACC→R-pSTG,SN→CEN,Kraków,eyes open,delta,-0.45228927735356256
L-ACC→L-ITG,SN→CEN,Kraków,eyes open,delta,-0.25135709034080855
L-ACC→R-ITG,SN→CEN,Kraków,eyes open,delta,-0.06639621254285509
L-ACC→L-SUP,SN→CEN,Kraków,eyes open,delta,-0.2478356988909303
L-ACC→R-SUP,SN→CEN,Kraków,eyes open,delta,-0.28929778322244
R-ACC→L-ACC,SN→SN,Kraków,eyes open,delta,0.15985818875831564
R-ACC→L-INS,SN→SN,Kraków,eyes open,delta,-0.07198740330653561
R-ACC→R-INS,SN→SN,Kraków,eyes open,delta,-0.26053246456207213
R-ACC→L-IFG,SN→DMN,Kraków,eyes open,delta,0.19444605101836132
R-ACC→R-IFG,SN→CEN,Kraków,eyes open,delta,0.03996454718957891
R-ACC→L-mPFC,SN→DMN,Kraków,eyes open,delta,-0.32471194591532865
R-ACC→R-mPFC,SN→DMN,Kraków,eyes open,delta,-0.09242198633065313
R-ACC→L-aSTG,SN→DMN,Kraków,eyes open,delta,-0.15865644807690413
R-ACC→R-aSTG,SN→DMN,Kraków,eyes open,delta,0.019982273594789456
R-ACC→L-PREC,SN→DMN,Kraków,eyes open,delta,0.10656030094717442
R-ACC→R-PREC,SN→DMN,Kraków,eyes open,delta,0.034968978790881546
R-ACC→L-ANG,SN→DMN,Kraków,eyes open,delta,-0.11989364156873673
R-ACC→R-ANG,SN→DMN,Kraków,eyes open,delta,-0.12488920996743409
R-ACC→L-SFG,SN→CEN,Kraków,eyes open,delta,-0.25135709034080855
R-ACC→R-SFG,SN→CEN,Kraków,eyes open,delta,0.25477398833356557
R-ACC→L-pSTG,SN→CEN,Kraków,eyes open,delta,0.5373283954075739
R-ACC→R-pSTG,SN→CEN,Kraków,eyes open,delta,-0.14764679933927763
R-ACC→L-ITG,SN→CEN,Kraków,eyes open,delta,0.03149448894660933
R-ACC→R-ITG,SN→CEN,Kraków,eyes open,delta,-0.026048073564864858
R-ACC→L-SUP,SN→CEN,Kraków,eyes open,delta,-0.11715583722580122
R-ACC→R-SUP,SN→CEN,Kraków,eyes open,delta,-0.00557884939170482
L-INS→L-ACC,SN→SN,Kraków,eyes open,delta,0.11697953037312035
L-INS→R-ACC,SN→SN,Kraków,eyes open,delta,0.26545354969285007
L-INS→R-INS,SN→SN,Kraków,eyes open,delta,-0.29473853552314444
L-INS→L-IFG,SN→DMN,Kraków,eyes open,delta,-0.0350716779218174
L-INS→R-IFG,SN→CEN,Kraków,eyes open,delta,0.12488920996743409
L-INS→L-mPFC,SN→DMN,Kraków,eyes open,delta,0.039609422713137055
L-INS→R-mPFC,SN→DMN,Kraków,eyes open,delta,0.08998425413316952
L-INS→L-aSTG,SN→DMN,Kraków,eyes open,delta,0.13987591516352618
L-INS→R-aSTG,SN→DMN,Kraków,eyes open,delta,0.0544641538174447
L-INS→L-PREC,SN→DMN,Kraków,eyes open,delta,0.07113879915305901
L-INS→R-PREC,SN→DMN,Kraków,eyes open,delta,0.03996454718957891
L-INS→L-ANG,SN→DMN,Kraków,eyes open,delta,0.017996850826633902
L-INS→R-ANG,SN→DMN,Kraków,eyes open,delta,-0.0915587635462144
L-INS→L-SFG,SN→CEN,Kraków,eyes open,delta,-0.17097008285302207
L-INS→R-SFG,SN→CEN,Kraków,eyes open,delta,-0.07383771253726967
L-INS→L-pSTG,SN→CEN,Kraków,eyes open,delta,-0.033198106271427545
L-INS→R-pSTG,SN→CEN,Kraków,eyes open,delta,0.023765653627882233
L-INS→L-ITG,SN→CEN,Kraków,eyes open,delta,-0.1948271675491972
L-INS→R-ITG,SN→CEN,Kraków,eyes open,delta,-0.14472191657304856
L-INS→L-SUP,SN→CEN,Kraków,eyes open,delta,-0.282547215353711
L-INS→R-SUP,SN→CEN,Kraków,eyes open,delta,0.03996454718957891
R-INS→L-ACC,SN→SN,Kraków,eyes open,delta,-0.0641549192076226
R-INS→R-ACC,SN→SN,Kraków,eyes open,delta,0.04025611369115478
R-INS→L-INS,SN→SN,Kraków,eyes open,delta,0.2960008359643734
R-INS→L-IFG,SN→DMN,Kraków,eyes open,delta,-0.10059347702036955
R-INS→R-IFG,SN→CEN,Kraków,eyes open,delta,0.23923418862075377
R-INS→L-mPFC,SN→DMN,Kraków,eyes open,delta,-0.16736548175114463
R-INS→R-mPFC,SN→DMN,Kraków,eyes open,delta,0.009991136797394728
R-INS→L-aSTG,SN→DMN,Kraków,eyes open,delta,0.04496011558827628
R-INS→R-aSTG,SN→DMN,Kraków,eyes open,delta,0.05920016719287467
R-INS→L-PREC,SN→DMN,Kraków,eyes open,delta,0.3514675116774037
R-INS→R-PREC,SN→DMN,Kraków,eyes open,delta,-0.22979614634007875
R-INS→L-ANG,SN→DMN,Kraków,eyes open,delta,0.03905194574193374
R-INS→R-ANG,SN→DMN,Kraków,eyes open,delta,0.2086738108489731
R-INS→L-SFG,SN→CEN,Kraków,eyes open,delta,0.0
R-INS→R-SFG,SN→CEN,Kraków,eyes open,delta,0.15176277152652592
R-INS→L-pSTG,SN→CEN,Kraków,eyes open,delta,0.26053246456207213
R-INS→R-pSTG,SN→CEN,Kraków,eyes open,delta,0.04995568398697364
R-INS→L-ITG,SN→CEN,Kraków,eyes open,delta,-0.07493352598046045
R-INS→R-ITG,SN→CEN,Kraków,eyes open,delta,-0.26554270426518894
R-INS→L-SUP,SN→CEN,Kraków,eyes open,delta,0.02497784199348682
R-INS→R-SUP,SN→CEN,Kraków,eyes open,delta,-0.03996454718957891
L-IFG→L-ACC,DMN→SN,Kraków,eyes open,delta,0.12076834107346433
L-IFG→R-ACC,DMN→SN,Kraków,eyes open,delta,0.22147019900891643
L-IFG→L-INS,DMN→SN,Kraków,eyes open,delta,0.18983159915049982
L-IFG→R-INS,DMN→SN,Kraków,eyes open,delta,-0.22873282505989764
L-IFG→R-IFG,DMN→CEN,Kraków,eyes open,delta,0.22979614634007875
L-IFG→L-mPFC,DMN→DMN,Kraków,eyes open,delta,-0.08992023117655255
L-IFG→R-mPFC,DMN→DMN,Kraków,eyes open,delta,0.18968087931796387
L-IFG→L-aSTG,DMN→DMN,Kraków,eyes open,delta,0.19788506959988272
L-IFG→R-aSTG,DMN→DMN,Kraków,eyes open,delta,-0.15062893357603013
L-IFG→L-PREC,DMN→DMN,Kraków,eyes open,delta,-0.3082681296632558
L-IFG→R-PREC,DMN→DMN,Kraków,eyes open,delta,-0.13497638119975428
L-IFG→L-ANG,DMN→DMN,Kraków,eyes open,delta,0.019982273594789456
L-IFG→R-ANG,DMN→DMN,Kraków,eyes open,delta,0.20860962628918853
L-IFG→L-SFG,DMN→CEN,Kraków,eyes open,delta,-0.20529574146439233
L-IFG→R-SFG,DMN→CEN,Kraków,eyes open,delta,0.14237369936287486
L-IFG→L-pSTG,DMN→CEN,Kraków,eyes open,delta,0.24514120562373531
L-IFG→R-pSTG,DMN→CEN,Kraków,eyes open,delta,-0.08998425413316952
L-IFG→L-ITG,DMN→CEN,Kraków,eyes open,delta,0.169306451223573
L-IFG→R-ITG,DMN→CEN,Kraków,eyes open,delta,-0.03078408694029483
L-IFG→L-SUP,DMN→CEN,Kraków,eyes open,delta,0.04995568398697364
L-IFG→R-SUP,DMN→CEN,Kraków,eyes open,delta,-0.30352554305305185
R-IFG→L-ACC,CEN→SN,Kraków,eyes open,delta,-0.07113879915305901
R-IFG→R-ACC,CEN→SN,Kraków,eyes open,delta,-0.0071040200631449614
R-IFG→L-INS,CEN→SN,Kraków,eyes open,delta,-0.07648661601319408
R-IFG→R-INS,CEN→SN,Kraków,eyes open,delta,0.1124803176664619
R-IFG→L-IFG,CEN→DMN,Kraków,eyes open,delta,0.15985818875831564
R-IFG→L-mPFC,CEN→DMN,Kraków,eyes open,delta,0.17164083175692724
R-IFG→R-mPFC,CEN→DMN,Kraków,eyes open,delta,-0.019982273594789456
R-IFG→L-aSTG,CEN→DMN,Kraków,eyes open,delta,0.20481830434659193
R-IFG→R-aSTG,CEN→DMN,Kraków,eyes open,delta,0.052168452712243275
R-IFG→L-PREC,CEN→DMN,Kraków,eyes open,delta,0.09235226082088449
R-IFG→R-PREC,CEN→DMN,Kraków,eyes open,delta,-0.0580040997404305
R-IFG→L-ANG,CEN→DMN,Kraków,eyes open,delta,0.26558485017142036
R-IFG→R-ANG,CEN→DMN,Kraków,eyes open,delta,-0.07493352598046045
R-IFG→L-SFG,CEN→CEN,Kraków,eyes open,delta,0.2347917147387761
R-IFG→R-SFG,CEN→CEN,Kraków,eyes open,delta,0.15049462330984267
R-IFG→L-pSTG,CEN→CEN,Kraków,eyes open,delta,0.1452345499481692
R-IFG→R-pSTG,CEN→CEN,Kraków,eyes open,delta,-0.034968978790881546
R-IFG→L-ITG,CEN→CEN,Kraków,eyes open,delta,-0.05987792459378111
R-IFG→R-ITG,CEN→CEN,Kraków,eyes open,delta,-0.31968090284152323
R-IFG→L-SUP,CEN→CEN,Kraków,eyes open,delta,0.01710797845536603
R-IFG→R-SUP,CEN→CEN,Kraków,eyes open,delta,-0.004995568398697364
L-mPFC→L-ACC,DMN→SN,Kraków,eyes open,delta,0.1399532935864176
L-mPFC→R-ACC,DMN→SN,Kraków,eyes open,delta,0.06494238918306573
L-mPFC→L-INS,DMN→SN,Kraków,eyes open,delta,0.3546853563075128
L-mPFC→R-INS,DMN→SN,Kraków,eyes open,delta,0.03163859985841663
L-mPFC→L-IFG,DMN→DMN,Kraków,eyes open,delta,0.35756900984496304
L-mPFC→R-IFG,DMN→CEN,Kraków,eyes open,delta,-0.034968978790881546
L-mPFC→R-mPFC,DMN→DMN,Kraków,eyes open,delta,-0.09235226082088449
L-mPFC→L-aSTG,DMN→DMN,Kraków,eyes open,delta,0.11882826813941116
L-mPFC→R-aSTG,DMN→DMN,Kraków,eyes open,delta,-0.06601570452189509
L-mPFC→L-PREC,DMN→DMN,Kraków,eyes open,delta,-0.07992909437915782
L-mPFC→R-PREC,DMN→DMN,Kraków,eyes open,delta,-0.23728949893812476
L-mPFC→L-ANG,DMN→DMN,Kraków,eyes open,delta,0.16812847482776408
L-mPFC→R-ANG,DMN→DMN,Kraków,eyes open,delta,0.26142218990670457
L-mPFC→L-SFG,DMN→CEN,Kraków,eyes open,delta,-0.07814422069459458
L-mPFC→R-SFG,DMN→CEN,Kraków,eyes open,delta,-0.11022527346856899
L-mPFC→L-pSTG,DMN→CEN,Kraków,eyes open,delta,0.2533767155855036
L-mPFC→R-pSTG,DMN→CEN,Kraków,eyes open,delta,-0.41657489813581905
L-mPFC→L-ITG,DMN→CEN,Kraków,eyes open,delta,0.3291529295923832
L-mPFC→R-ITG,DMN→CEN,Kraków,eyes open,delta,0.10826575541590795
L-mPFC→L-SUP,DMN→CEN,Kraków,eyes open,delta,0.1444484079506142
L-mPFC→R-SUP,DMN→CEN,Kraków,eyes open,delta,-0.004995568398697364
R-mPFC→L-ACC,DMN→SN,Kraków,eyes open,delta,0.18707252832948398
R-mPFC→R-ACC,DMN→SN,Kraków,eyes open,delta,-0.011840033438574935
R-mPFC→L-INS,DMN→SN,Kraków,eyes open,delta,0.3570463610691085
R-mPFC→R-INS,DMN→SN,Kraków,eyes open,delta,-0.07493352598046045
R-mPFC→L-IFG,DMN→DMN,Kraków,eyes open,delta,0.2931097280772142
R-mPFC→R-IFG,DMN→CEN,Kraków,eyes open,delta,0.052168452712243275
R-mPFC→L-mPFC,DMN→DMN,Kraków,eyes open,delta,-0.05920016719287467
R-mPFC→L-aSTG,DMN→DMN,Kraków,eyes open,delta,0.20565089907970813
R-mPFC→R-aSTG,DMN→DMN,Kraków,eyes open,delta,0.31638599858416633
R-mPFC→L-PREC,DMN→DMN,Kraków,eyes open,delta,0.3082681296632558
R-mPFC→R-PREC,DMN→DMN,Kraków,eyes open,delta,-0.07588138576326296
R-mPFC→L-ANG,DMN→DMN,Kraków,eyes open,delta,0.06601570452189509
R-mPFC→R-ANG,DMN→DMN,Kraków,eyes open,delta,0.0679306955342881
R-mPFC→L-SFG,DMN→CEN,Kraków,eyes open,delta,0.3448870424821322
R-mPFC→R-SFG,DMN→CEN,Kraków,eyes open,delta,-0.023669053416557544
R-mPFC→L-pSTG,DMN→CEN,Kraków,eyes open,delta,-0.03432816635138545
R-mPFC→R-pSTG,DMN→CEN,Kraków,eyes open,delta,-0.2024645717996314
R-mPFC→L-ITG,DMN→CEN,Kraków,eyes open,delta,0.24977841993486818
R-mPFC→R-ITG,DMN→CEN,Kraków,eyes open,delta,-0.10599813844239159
R-mPFC→L-SUP,DMN→CEN,Kraków,eyes open,delta,0.013497638119975426
R-mPFC→R-SUP,DMN→CEN,Kraków,eyes open,delta,0.1927658572039337
L-aSTG→L-ACC,DMN→SN,Kraków,eyes open,delta,0.2249606353329238
L-aSTG→R-ACC,DMN→SN,Kraków,eyes open,delta,0.06993795758176309
L-aSTG→L-INS,DMN→SN,Kraków,eyes open,delta,0.09491579957524991
L-aSTG→R-INS,DMN→SN,Kraków,eyes open,delta,-0.21480944114398665
L-aSTG→L-IFG,DMN→DMN,Kraków,eyes open,delta,0.053990552479901706
L-aSTG→R-IFG,DMN→CEN,Kraków,eyes open,delta,0.047457899787624956
L-aSTG→L-mPFC,DMN→DMN,Kraków,eyes open,delta,-0.034968978790881546
L-aSTG→R-mPFC,DMN→DMN,Kraków,eyes open,delta,0.2510482226267169
L-aSTG→R-aSTG,DMN→DMN,Kraków,eyes open,delta,0.24977841993486818
L-aSTG→L-PREC,DMN→DMN,Kraków,eyes open,delta,0.4742586610203935
L-aSTG→R-PREC,DMN→DMN,Kraków,eyes open,delta,-0.182336514954054
L-aSTG→L-ANG,DMN→DMN,Kraków,eyes open,delta,-0.24550174545272183
L-aSTG→R-ANG,DMN→DMN,Kraków,eyes open,delta,0.1498670519609209
L-aSTG→L-SFG,DMN→CEN,Kraków,eyes open,delta,0.2770567824626535
L-aSTG→R-SFG,DMN→CEN,Kraków,eyes open,delta,0.26284874233636357
L-aSTG→L-pSTG,DMN→CEN,Kraków,eyes open,delta,0.16485375715701298
L-aSTG→R-pSTG,DMN→CEN,Kraków,eyes open,delta,-0.11989364156873673
L-aSTG→L-ITG,DMN→CEN,Kraków,eyes open,delta,0.3828910862269916
L-aSTG→R-ITG,DMN→CEN,Kraków,eyes open,delta,-0.2560996769510125
L-aSTG→L-SUP,DMN→CEN,Kraków,eyes open,delta,-0.12550435444889432
L-aSTG→R-SUP,DMN→CEN,Kraków,eyes open,delta,0.13947559390641276
R-aSTG→L-ACC,DMN→SN,Kraków,eyes open,delta,-0.029973410392184183
R-aSTG→R-ACC,DMN→SN,Kraków,eyes open,delta,0.11697953037312035
R-aSTG→L-INS,DMN→SN,Kraków,eyes open,delta,-0.03163859985841663
R-aSTG→R-INS,DMN→SN,Kraków,eyes open,delta,-0.1664708701463636
R-aSTG→L-IFG,DMN→DMN,Kraków,eyes open,delta,0.026365499882013862
R-aSTG→R-IFG,DMN→CEN,Kraków,eyes open,delta,0.0701433558436348
R-aSTG→L-mPFC,DMN→DMN,Kraków,eyes open,delta,0.12076834107346433
R-aSTG→R-mPFC,DMN→DMN,Kraków,eyes open,delta,0.11914157678695877
R-aSTG→L-aSTG,DMN→DMN,Kraków,eyes open,delta,0.274756261928355
R-aSTG→L-PREC,DMN→DMN,Kraków,eyes open,delta,-0.09491579957524991
R-aSTG→R-PREC,DMN→DMN,Kraków,eyes open,delta,-0.1301797937910665
R-aSTG→L-ANG,DMN→DMN,Kraków,eyes open,delta,-0.33007852260947546
R-aSTG→R-ANG,DMN→DMN,Kraków,eyes open,delta,-0.035520100315724806
R-aSTG→L-SFG,DMN→CEN,Kraków,eyes open,delta,0.2956790177603555
R-aSTG→R-SFG,DMN→CEN,Kraków,eyes open,delta,-0.06327719971683327
R-aSTG→L-pSTG,DMN→CEN,Kraków,eyes open,delta,0.060734448160143485
R-aSTG→R-pSTG,DMN→CEN,Kraków,eyes open,delta,-0.07814422069459458
R-aSTG→L-ITG,DMN→CEN,Kraków,eyes open,delta,-0.2956790177603555
R-aSTG→R-ITG,DMN→CEN,Kraków,eyes open,delta,-0.3047296723205392
R-aSTG→L-SUP,DMN→CEN,Kraków,eyes open,delta,-0.2249606353329238
R-aSTG→R-SUP,DMN→CEN,Kraków,eyes open,delta,0.04025611369115478
L-PREC→L-ACC,DMN→SN,Kraków,eyes open,delta,-0.017996850826633902
L-PREC→R-ACC,DMN→SN,Kraków,eyes open,delta,-0.08761624744545451
L-PREC→L-INS,DMN→SN,Kraków,eyes open,delta,0.06136734330875302
L-PREC→R-INS,DMN→SN,Kraków,eyes open,delta,-0.24864070221007362
L-PREC→L-IFG,DMN→DMN,Kraków,eyes open,delta,-0.21075259520663386
L-PREC→R-IFG,DMN→CEN,Kraków,eyes open,delta,0.0544641538174447
L-PREC→L-mPFC,DMN→DMN,Kraków,eyes open,delta,0.2770567824626535
L-PREC→R-mPFC,DMN→DMN,Kraków,eyes open,delta,-0.005010239703116772
L-PREC→L-aSTG,DMN→DMN,Kraków,eyes open,delta,-0.054951252385671
L-PREC→R-aSTG,DMN→DMN,Kraków,eyes open,delta,-0.029973410392184183
L-PREC→R-PREC,DMN→DMN,Kraków,eyes open,delta,-0.19246475762286783
L-PREC→L-ANG,DMN→DMN,Kraków,eyes open,delta,0.360436582375499
L-PREC→R-ANG,DMN→DMN,Kraków,eyes open,delta,-0.18970346440815739
L-PREC→L-SFG,DMN→CEN,Kraków,eyes open,delta,0.09485173220407869
L-PREC→R-SFG,DMN→CEN,Kraków,eyes open,delta,0.0641549192076226
L-PREC→L-pSTG,DMN→CEN,Kraków,eyes open,delta,-0.06855029969323605
L-PREC→R-pSTG,DMN→CEN,Kraków,eyes open,delta,-0.014986705196092092
L-PREC→L-ITG,DMN→CEN,Kraków,eyes open,delta,-0.2323867438999928
L-PREC→R-ITG,DMN→CEN,Kraków,eyes open,delta,0.10656030094717442
L-PREC→L-SUP,DMN→CEN,Kraków,eyes open,delta,0.08992023117655255
L-PREC→R-SUP,DMN→CEN,Kraków,eyes open,delta,-0.10182428757174444
R-PREC→L-ACC,DMN→SN,Kraków,eyes open,delta,0.23508117299081363
R-PREC→R-ACC,DMN→SN,Kraków,eyes open,delta,-0.12988477836613146
R-PREC→L-INS,DMN→SN,Kraków,eyes open,delta,0.23443266208378374
R-PREC→R-INS,DMN→SN,Kraków,eyes open,delta,-0.24049150574960507
R-PREC→L-IFG,DMN→DMN,Kraków,eyes open,delta,0.018484397266130628
R-PREC→R-IFG,DMN→CEN,Kraków,eyes open,delta,0.22969664870835377
R-PREC→L-mPFC,DMN→DMN,Kraków,eyes open,delta,-0.00948517322040787
R-PREC→R-mPFC,DMN→DMN,Kraków,eyes open,delta,0.1293907808629144
R-PREC→L-aSTG,DMN→DMN,Kraków,eyes open,delta,0.18896693367965595
R-PREC→R-aSTG,DMN→DMN,Kraków,eyes open,delta,0.439610019085368
R-PREC→L-PREC,DMN→DMN,Kraków,eyes open,delta,0.004276994613841507
R-PREC→L-ANG,DMN→DMN,Kraków,eyes open,delta,0.04499212706658475
R-PREC→R-ANG,DMN→DMN,Kraków,eyes open,delta,0.26284874233636357
R-PREC→L-SFG,DMN→CEN,Kraków,eyes open,delta,0.3149448894660933
R-PREC→R-SFG,DMN→CEN,Kraków,eyes open,delta,0.5307662643560366
R-PREC→L-pSTG,DMN→CEN,Kraków,eyes open,delta,0.3406410353329787
R-PREC→R-pSTG,DMN→CEN,Kraków,eyes open,delta,-0.019982273594789456
R-PREC→L-ITG,DMN→CEN,Kraków,eyes open,delta,-0.08288023407002454
R-PREC→R-ITG,DMN→CEN,Kraków,eyes open,delta,-0.21596220991960682
R-PREC→L-SUP,DMN→CEN,Kraków,eyes open,delta,0.017996850826633902
R-PREC→R-SUP,DMN→CEN,Kraków,eyes open,delta,-0.08126289766298865
L-ANG→L-ACC,DMN→SN,Kraków,eyes open,delta,0.0544641538174447
L-ANG→R-ACC,DMN→SN,Kraków,eyes open,delta,0.13753501169591412
L-ANG→L-INS,DMN→SN,Kraków,eyes open,delta,0.22574193496476397
L-ANG→R-INS,DMN→SN,Kraków,eyes open,delta,-0.28345040051948395
L-ANG→L-IFG,DMN→DMN,Kraków,eyes open,delta,-0.02249606353329238
L-ANG→R-IFG,DMN→CEN,Kraków,eyes open,delta,-0.019982273594789456
L-ANG→L-mPFC,DMN→DMN,Kraków,eyes open,delta,-0.19918863762856526
L-ANG→R-mPFC,DMN→DMN,Kraków,eyes open,delta,0.5360475207177882
L-ANG→L-aSTG,DMN→DMN,Kraków,eyes open,delta,0.062023678531306525
L-ANG→R-aSTG,DMN→DMN,Kraków,eyes open,delta,0.32723847610407153
L-ANG→L-PREC,DMN→DMN,Kraków,eyes open,delta,-0.21043006753090443
L-ANG→R-PREC,DMN→DMN,Kraków,eyes open,delta,-0.18818776300902634
L-ANG→R-ANG,DMN→DMN,Kraków,eyes open,delta,0.026365499882013862
L-ANG→L-SFG,DMN→CEN,Kraków,eyes open,delta,-0.39873485531224634
L-ANG→R-SFG,DMN→CEN,Kraków,eyes open,delta,-0.02131206018943488
L-ANG→L-pSTG,DMN→CEN,Kraków,eyes open,delta,0.002368006687714987
L-ANG→R-pSTG,DMN→CEN,Kraków,eyes open,delta,-0.09491579957524991
L-ANG→L-ITG,DMN→CEN,Kraków,eyes open,delta,0.03905194574193374
L-ANG→R-ITG,DMN→CEN,Kraków,eyes open,delta,-0.41059148292878467
L-ANG→L-SUP,DMN→CEN,Kraków,eyes open,delta,-0.055600929979939595
L-ANG→R-SUP,DMN→CEN,Kraków,eyes open,delta,-0.06748819059987714
R-ANG→L-ACC,DMN→SN,Kraków,eyes open,delta,-0.09448346683982797
R-ANG→R-ACC,DMN→SN,Kraków,eyes open,delta,-0.06867219394373462
R-ANG→L-INS,DMN→SN,Kraków,eyes open,delta,-0.09010914559387476
R-ANG→R-INS,DMN→SN,Kraków,eyes open,delta,-0.3464393784127026
R-ANG→L-IFG,DMN→DMN,Kraków,eyes open,delta,-0.18707252832948398
R-ANG→R-IFG,DMN→CEN,Kraków,eyes open,delta,-0.09448346683982797
R-ANG→L-mPFC,DMN→DMN,Kraków,eyes open,delta,0.0712969608836467
R-ANG→R-mPFC,DMN→DMN,Kraków,eyes open,delta,-0.16346609926848596
R-ANG→L-aSTG,DMN→DMN,Kraków,eyes open,delta,0.07252504209216266
R-ANG→R-aSTG,DMN→DMN,Kraków,eyes open,delta,-0.1623179527793713
R-ANG→L-PREC,DMN→DMN,Kraków,eyes open,delta,0.11382207864489444
R-ANG→R-PREC,DMN→DMN,Kraków,eyes open,delta,-0.24546937323501208
R-ANG→L-ANG,DMN→DMN,Kraków,eyes open,delta,-0.22945984803958225
R-ANG→L-SFG,DMN→CEN,Kraków,eyes open,delta,-0.06494238918306573
R-ANG→R-SFG,DMN→CEN,Kraków,eyes open,delta,-0.18983159915049982
R-ANG→L-pSTG,DMN→CEN,Kraków,eyes open,delta,-0.18410202992625907
R-ANG→R-pSTG,DMN→CEN,Kraków,eyes open,delta,-0.360436582375499
R-ANG→L-ITG,DMN→CEN,Kraków,eyes open,delta,-0.39281663069827466
R-ANG→R-ITG,DMN→CEN,Kraków,eyes open,delta,-0.2770567824626535
R-ANG→L-SUP,DMN→CEN,Kraków,eyes open,delta,-0.27975183032705236
R-ANG→R-SUP,DMN→CEN,Kraków,eyes open,delta,-0.19180854170491396
L-SFG→L-ACC,CEN→SN,Kraków,eyes open,delta,0.17996850826633903
L-SFG→R-ACC,CEN→SN,Kraków,eyes open,delta,-0.055453191798391886
L-SFG→L-INS,CEN→SN,Kraków,eyes open,delta,-0.24661450373060462
L-SFG→R-INS,CEN→SN,Kraków,eyes open,delta,-0.04499212706658476
L-SFG→L-IFG,CEN→DMN,Kraków,eyes open,delta,-0.11989364156873673
L-SFG→R-IFG,CEN→CEN,Kraków,eyes open,delta,0.3347030827127233
L-SFG→L-mPFC,CEN→DMN,Kraków,eyes open,delta,-0.0701433558436348
L-SFG→R-mPFC,CEN→DMN,Kraków,eyes open,delta,-0.09491579957524991
L-SFG→L-aSTG,CEN→DMN,Kraków,eyes open,delta,-0.1252559925779193
L-SFG→R-aSTG,CEN→DMN,Kraków,eyes open,delta,0.2060165818312039
L-SFG→L-PREC,CEN→DMN,Kraków,eyes open,delta,0.26976069352965765
L-SFG→R-PREC,CEN→DMN,Kraków,eyes open,delta,0.2905939027807728
L-SFG→L-ANG,CEN→DMN,Kraków,eyes open,delta,0.011840033438574935
L-SFG→R-ANG,CEN→DMN,Kraków,eyes open,delta,0.026048073564864858
L-SFG→R-SFG,CEN→CEN,Kraków,eyes open,delta,-0.03691169983481941
L-SFG→L-pSTG,CEN→CEN,Kraków,eyes open,delta,0.21199627688478317
L-SFG→R-pSTG,CEN→CEN,Kraków,eyes open,delta,-0.45528831457957775
L-SFG→L-ITG,CEN→CEN,Kraków,eyes open,delta,-0.05994682078436837
L-SFG→R-ITG,CEN→CEN,Kraków,eyes open,delta,-0.1796337737813433
L-SFG→L-SUP,CEN→CEN,Kraków,eyes open,delta,-0.10490693637264464
L-SFG→R-SUP,CEN→CEN,Kraków,eyes open,delta,0.012830983841524521
R-SFG→L-ACC,CEN→SN,Kraków,eyes open,delta,-0.04499212706658476
R-SFG→R-ACC,CEN→SN,Kraków,eyes open,delta,0.24745669886621613
R-SFG→L-INS,CEN→SN,Kraków,eyes open,delta,0.24390468883464364
R-SFG→R-INS,CEN→SN,Kraków,eyes open,delta,-0.06993795758176309
R-SFG→L-IFG,CEN→DMN,Kraków,eyes open,delta,-0.04268327949183541
R-SFG→R-IFG,CEN→CEN,Kraków,eyes open,delta,0.04499212706658475
R-SFG→L-mPFC,CEN→DMN,Kraków,eyes open,delta,0.09485173220407869
R-SFG→R-mPFC,CEN→DMN,Kraków,eyes open,delta,0.09484043965898194
R-SFG→L-aSTG,CEN→DMN,Kraków,eyes open,delta,0.1112963143226044
R-SFG→R-aSTG,CEN→DMN,Kraków,eyes open,delta,0.010546199952805544
R-SFG→L-PREC,CEN→DMN,Kraków,eyes open,delta,-0.02249606353329238
R-SFG→R-PREC,CEN→DMN,Kraków,eyes open,delta,-0.06639621254285509
R-SFG→L-ANG,CEN→DMN,Kraków,eyes open,delta,0.08288023407002454
R-SFG→R-ANG,CEN→DMN,Kraków,eyes open,delta,0.04025611369115478
R-SFG→L-SFG,CEN→CEN,Kraków,eyes open,delta,0.008998425413316951
R-SFG→L-pSTG,CEN→CEN,Kraków,eyes open,delta,0.15747244473304664
R-SFG→R-pSTG,CEN→CEN,Kraków,eyes open,delta,-0.19180854170491396
R-SFG→L-ITG,CEN→CEN,Kraków,eyes open,delta,0.06694619270045785
R-SFG→R-ITG,CEN→CEN,Kraków,eyes open,delta,-0.404016111673998
R-SFG→L-SUP,CEN→CEN,Kraków,eyes open,delta,0.20641742749307834
R-SFG→R-SUP,CEN→CEN,Kraków,eyes open,delta,0.1903891087184373
L-pSTG→L-ACC,CEN→SN,Kraków,eyes open,delta,-0.20037779910330536
L-pSTG→R-ACC,CEN→SN,Kraków,eyes open,delta,0.04463079513363856
L-pSTG→L-INS,CEN→SN,Kraków,eyes open,delta,-0.11697953037312035
L-pSTG→R-INS,CEN→SN,Kraków,eyes open,delta,0.05020964452534338
L-pSTG→L-IFG,CEN→DMN,Kraków,eyes open,delta,0.2759068094013782
L-pSTG→R-IFG,CEN→CEN,Kraków,eyes open,delta,0.004995568398697364
L-pSTG→L-mPFC,CEN→DMN,Kraków,eyes open,delta,-0.08368274087557231
L-pSTG→R-mPFC,CEN→DMN,Kraków,eyes open,delta,-0.023712933051019673
L-pSTG→L-aSTG,CEN→DMN,Kraków,eyes open,delta,-0.3347030827127233
L-pSTG→R-aSTG,CEN→DMN,Kraków,eyes open,delta,0.2956790177603555
L-pSTG→L-PREC,CEN→DMN,Kraków,eyes open,delta,-0.2636549988201386
L-pSTG→R-PREC,CEN→DMN,Kraków,eyes open,delta,-0.1948271675491972
L-pSTG→L-ANG,CEN→DMN,Kraków,eyes open,delta,-0.3216590985605691
L-pSTG→R-ANG,CEN→DMN,Kraków,eyes open,delta,0.010546199952805544
L-pSTG→L-SFG,CEN→CEN,Kraków,eyes open,delta,0.03347309635022892
L-pSTG→R-SFG,CEN→CEN,Kraków,eyes open,delta,0.019982273594789456
L-pSTG→R-pSTG,CEN→CEN,Kraków,eyes open,delta,-0.021092399905611087
L-pSTG→L-ITG,CEN→CEN,Kraków,eyes open,delta,-0.1115769878340964
L-pSTG→R-ITG,CEN→CEN,Kraków,eyes open,delta,-0.3446942195101181
L-pSTG→L-SUP,CEN→CEN,Kraków,eyes open,delta,0.05017193543664027
L-pSTG→R-SUP,CEN→CEN,Kraków,eyes open,delta,-0.08185947360714992
R-pSTG→L-ACC,CEN→SN,Kraków,eyes open,delta,0.23728949893812476
R-pSTG→R-ACC,CEN→SN,Kraków,eyes open,delta,0.18896693367965595
R-pSTG→L-INS,CEN→SN,Kraków,eyes open,delta,0.33744095299938565
R-pSTG→R-INS,CEN→SN,Kraków,eyes open,delta,0.16346609926848596
R-pSTG→L-IFG,CEN→DMN,Kraków,eyes open,delta,0.401677156202747
R-pSTG→R-IFG,CEN→CEN,Kraków,eyes open,delta,0.014227759830611805
R-pSTG→L-mPFC,CEN→DMN,Kraków,eyes open,delta,0.12655439943366653
R-pSTG→R-mPFC,CEN→DMN,Kraków,eyes open,delta,0.3059464640527763
R-pSTG→L-aSTG,CEN→DMN,Kraków,eyes open,delta,-0.10490693637264464
R-pSTG→R-aSTG,CEN→DMN,Kraków,eyes open,delta,0.4686233489032049
R-pSTG→L-PREC,CEN→DMN,Kraków,eyes open,delta,0.4196277454905786
R-pSTG→R-PREC,CEN→DMN,Kraków,eyes open,delta,0.3841495154265187
R-pSTG→L-ANG,CEN→DMN,Kraków,eyes open,delta,-0.09010914559387476
R-pSTG→R-ANG,CEN→DMN,Kraków,eyes open,delta,0.1948271675491972
R-pSTG→L-SFG,CEN→CEN,Kraków,eyes open,delta,-0.07810389148386748
R-pSTG→R-SFG,CEN→CEN,Kraków,eyes open,delta,0.09235226082088449
R-pSTG→L-pSTG,CEN→CEN,Kraków,eyes open,delta,0.07692442360381202
R-pSTG→L-ITG,CEN→CEN,Kraków,eyes open,delta,0.062023678531306525
R-pSTG→R-ITG,CEN→CEN,Kraków,eyes open,delta,0.06327719971683327
R-pSTG→L-SUP,CEN→CEN,Kraków,eyes open,delta,0.11989364156873673
R-pSTG→R-SUP,CEN→CEN,Kraków,eyes open,delta,-0.16485375715701298
L-ITG→L-ACC,CEN→SN,Kraków,eyes open,delta,0.004742586610203935
L-ITG→R-ACC,CEN→SN,Kraków,eyes open,delta,-0.032488593516398656
L-ITG→L-INS,CEN→SN,Kraków,eyes open,delta,-0.08926159026727712
L-ITG→R-INS,CEN→SN,Kraków,eyes open,delta,-0.004995568398697364
L-ITG→L-IFG,CEN→DMN,Kraków,eyes open,delta,-0.13947559390641276
L-ITG→R-IFG,CEN→CEN,Kraków,eyes open,delta,0.08436959962244435
L-ITG→L-mPFC,CEN→DMN,Kraków,eyes open,delta,0.08098582871985255
L-ITG→R-mPFC,CEN→DMN,Kraków,eyes open,delta,-0.11603232769803436
L-ITG→L-aSTG,CEN→DMN,Kraków,eyes open,delta,-0.1283098384152452
L-ITG→R-aSTG,CEN→DMN,Kraków,eyes open,delta,0.19918863762856526
L-ITG→L-PREC,CEN→DMN,Kraków,eyes open,delta,-0.0765782172453983
L-ITG→R-PREC,CEN→DMN,Kraków,eyes open,delta,-0.04463079513363856
L-ITG→L-ANG,CEN→DMN,Kraków,eyes open,delta,0.10433690542448655
L-ITG→R-ANG,CEN→DMN,Kraków,eyes open,delta,-0.12076834107346433
L-ITG→L-SFG,CEN→CEN,Kraków,eyes open,delta,0.18896693367965595
L-ITG→R-SFG,CEN→CEN,Kraków,eyes open,delta,-0.17557706052814975
L-ITG→L-pSTG,CEN→CEN,Kraków,eyes open,delta,0.19346614638631446
L-ITG→R-pSTG,CEN→CEN,Kraków,eyes open,delta,-0.08992023117655255
L-ITG→R-ITG,CEN→CEN,Kraków,eyes open,delta,0.07382339966963881
L-ITG→L-SUP,CEN→CEN,Kraków,eyes open,delta,0.0734082073191646
L-ITG→R-SUP,CEN→CEN,Kraków,eyes open,delta,-0.055453191798391886
R-ITG→L-ACC,CEN→SN,Kraków,eyes open,delta,0.2519559115728746
R-ITG→R-ACC,CEN→SN,Kraków,eyes open,delta,0.3306758204057069
R-ITG→L-INS,CEN→SN,Kraków,eyes open,delta,0.5264271137326367
R-ITG→R-INS,CEN→SN,Kraków,eyes open,delta,-0.16984932555571033
R-ITG→L-IFG,CEN→DMN,Kraków,eyes open,delta,0.27975183032705236
R-ITG→R-IFG,CEN→CEN,Kraków,eyes open,delta,0.109902504771342
R-ITG→L-mPFC,CEN→DMN,Kraków,eyes open,delta,0.27232076908722347
R-ITG→R-mPFC,CEN→DMN,Kraków,eyes open,delta,0.22674329898531922
R-ITG→L-aSTG,CEN→DMN,Kraków,eyes open,delta,-0.03149448894660933
R-ITG→R-aSTG,CEN→DMN,Kraków,eyes open,delta,0.09708827419631447
R-ITG→L-PREC,CEN→DMN,Kraków,eyes open,delta,0.6449917789877352
R-ITG→R-PREC,CEN→DMN,Kraków,eyes open,delta,0.04499212706658475
R-ITG→L-ANG,CEN→DMN,Kraków,eyes open,delta,0.07382339966963881
R-ITG→R-ANG,CEN→DMN,Kraków,eyes open,delta,0.282547215353711
R-ITG→L-SFG,CEN→CEN,Kraków,eyes open,delta,0.182336514954054
R-ITG→R-SFG,CEN→CEN,Kraków,eyes open,delta,0.047425866102039346
R-ITG→L-pSTG,CEN→CEN,Kraków,eyes open,delta,0.3197163775166313
R-ITG→R-pSTG,CEN→CEN,Kraków,eyes open,delta,0.058489765186560176
R-ITG→L-ITG,CEN→CEN,Kraków,eyes open,delta,0.08126289766298865
R-ITG→L-SUP,CEN→CEN,Kraków,eyes open,delta,0.22945984803958225
R-ITG→R-SUP,CEN→CEN,Kraków,eyes open,delta,0.2249606353329238
L-SUP→L-ACC,CEN→SN,Kraków,eyes open,delta,-0.12550435444889432
L-SUP→R-ACC,CEN→SN,Kraków,eyes open,delta,-0.029938962296890553
L-SUP→L-INS,CEN→SN,Kraków,eyes open,delta,-0.05920016719287467
L-SUP→R-INS,CEN→SN,Kraków,eyes open,delta,0.17034814990597025
L-SUP→L-IFG,CEN→DMN,Kraków,eyes open,delta,0.37177704997125294
L-SUP→R-IFG,CEN→CEN,Kraków,eyes open,delta,0.052730999764027724
L-SUP→L-mPFC,CEN→DMN,Kraków,eyes open,delta,0.1633924614523341
L-SUP→R-mPFC,CEN→DMN,Kraków,eyes open,delta,-0.31063486159323983
L-SUP→L-aSTG,CEN→DMN,Kraków,eyes open,delta,-0.08492466277785517
L-SUP→R-aSTG,CEN→DMN,Kraków,eyes open,delta,0.22290157067958494
L-SUP→L-PREC,CEN→DMN,Kraków,eyes open,delta,0.12550435444889432
L-SUP→R-PREC,CEN→DMN,Kraków,eyes open,delta,-0.07992909437915782
L-SUP→L-ANG,CEN→DMN,Kraków,eyes open,delta,-0.08368274087557231
L-SUP→R-ANG,CEN→DMN,Kraków,eyes open,delta,0.35648480441823355
L-SUP→L-SFG,CEN→CEN,Kraków,eyes open,delta,-0.2560996769510125
L-SUP→R-SFG,CEN→CEN,Kraków,eyes open,delta,0.20641742749307834
L-SUP→L-pSTG,CEN→CEN,Kraków,eyes open,delta,0.023712933051019673
L-SUP→R-pSTG,CEN→CEN,Kraków,eyes open,delta,-0.5466100334412914
L-SUP→L-ITG,CEN→CEN,Kraków,eyes open,delta,0.27894246958524105
L-SUP→R-ITG,CEN→CEN,Kraków,eyes open,delta,0.02958631677069693
L-SUP→R-SUP,CEN→CEN,Kraków,eyes open,delta,0.014986705196092092
R-SUP→L-ACC,CEN→SN,Kraków,eyes open,delta,0.17546929555968052
R-SUP→R-ACC,CEN→SN,Kraków,eyes open,delta,0.03078408694029483
R-SUP→L-INS,CEN→SN,Kraków,eyes open,delta,-0.20040958812467086
R-SUP→R-INS,CEN→SN,Kraków,eyes open,delta,-0.2636549988201386
R-SUP→L-IFG,CEN→DMN,Kraków,eyes open,delta,0.11989364156873673
R-SUP→R-IFG,CEN→CEN,Kraków,eyes open,delta,-0.061653625932651154
R-SUP→L-mPFC,CEN→DMN,Kraków,eyes open,delta,-0.02845551966122361
R-SUP→R-mPFC,CEN→DMN,Kraków,eyes open,delta,-0.23978728313747347
R-SUP→L-aSTG,CEN→DMN,Kraków,eyes open,delta,0.28929778322244
R-SUP→R-aSTG,CEN→DMN,Kraków,eyes open,delta,-0.116008199480861
R-SUP→L-PREC,CEN→DMN,Kraków,eyes open,delta,0.27981261000203217
R-SUP→R-PREC,CEN→DMN,Kraków,eyes open,delta,-0.08548504142651103
R-SUP→L-ANG,CEN→DMN,Kraków,eyes open,delta,-0.03996454718957891
R-SUP→R-ANG,CEN→DMN,Kraków,eyes open,delta,0.24557842082144976
R-SUP→L-SFG,CEN→CEN,Kraków,eyes open,delta,-0.0278942469585241
R-SUP→R-SFG,CEN→CEN,Kraków,eyes open,delta,-0.07198740330653561
R-SUP→L-pSTG,CEN→CEN,Kraków,eyes open,delta,0.09235226082088449
R-SUP→R-pSTG,CEN→CEN,Kraków,eyes open,delta,-0.23845827345289922
R-SUP→L-ITG,CEN→CEN,Kraków,eyes open,delta,-0.19918863762856526
R-SUP→R-ITG,CEN→CEN,Kraków,eyes open,delta,-0.2533767155855036
R-SUP→L-SUP,CEN→CEN,Kraków,eyes open,delta,-0.12550435444889432
L-ACC→R-ACC,SN→SN,Kraków,eyes open,gamma,0.10907949203469051
L-ACC→L-INS,SN→SN,Kraków,eyes open,gamma,-0.31564510129635664
L-ACC→R-INS,SN→SN,Kraków,eyes open,gamma,-0.3197163775166313
L-ACC→L-IFG,SN→DMN,Kraków,eyes open,gamma,0.21146299721294834
L-ACC→R-IFG,SN→CEN,Kraków,eyes open,gamma,-0.182336514954054
L-ACC→L-mPFC,SN→DMN,Kraków,eyes open,gamma,-0.10348189225314494
L-ACC→R-mPFC,SN→DMN,Kraków,eyes open,gamma,-0.232016398961722
L-ACC→L-aSTG,SN→DMN,Kraków,eyes open,gamma,-0.219805009542684
L-ACC→R-aSTG,SN→DMN,Kraków,eyes open,gamma,-0.03347309635022892
L-ACC→L-PREC,SN→DMN,Kraków,eyes open,gamma,0.09491579957524991
L-ACC→R-PREC,SN→DMN,Kraków,eyes open,gamma,-0.45631208697635955
L-ACC→L-ANG,SN→DMN,Kraków,eyes open,gamma,-0.3059464640527763
L-ACC→R-ANG,SN→DMN,Kraków,eyes open,gamma,-0.2533767155855036
L-ACC→L-SFG,SN→CEN,Kraków,eyes open,gamma,0.058489765186560176
L-ACC→R-SFG,SN→CEN,Kraków,eyes open,gamma,-0.25811272896093357
L-ACC→L-pSTG,SN→CEN,Kraków,eyes open,gamma,-0.07648661601319408
L-ACC→R-pSTG,SN→CEN,Kraków,eyes open,gamma,-0.521793342888664
L-ACC→L-ITG,SN→CEN,Kraków,eyes open,gamma,-0.2733636201935362
L-ACC→R-ITG,SN→CEN,Kraków,eyes open,gamma,-0.24295748615955767
L-ACC→L-SUP,SN→CEN,Kraków,eyes open,gamma,0.015917863499175334
L-ACC→R-SUP,SN→CEN,Kraków,eyes open,gamma,-0.30352554305305185
R-ACC→L-ACC,SN→SN,Kraków,eyes open,gamma,0.24745669886621613
R-ACC→L-INS,SN→SN,Kraków,eyes open,gamma,-0.04949133977324323
R-ACC→R-INS,SN→SN,Kraków,eyes open,gamma,-0.1798404623531051
R-ACC→L-IFG,SN→DMN,Kraków,eyes open,gamma,0.16346609926848596
R-ACC→R-IFG,SN→CEN,Kraków,eyes open,gamma,-0.3406410353329787
R-ACC→L-mPFC,SN→DMN,Kraków,eyes open,gamma,-0.16791512356486687
R-ACC→R-mPFC,SN→DMN,Kraków,eyes open,gamma,-0.042769946138415074
R-ACC→L-aSTG,SN→DMN,Kraków,eyes open,gamma,0.2086738108489731
R-ACC→R-aSTG,SN→DMN,Kraków,eyes open,gamma,-0.10348189225314494
R-ACC→L-PREC,SN→DMN,Kraków,eyes open,gamma,0.03691169983481941
R-ACC→R-PREC,SN→DMN,Kraków,eyes open,gamma,0.34968978790881544
R-ACC→L-ANG,SN→DMN,Kraków,eyes open,gamma,-0.15297323202638816
R-ACC→R-ANG,SN→DMN,Kraków,eyes open,gamma,0.042184799811222175
R-ACC→L-SFG,SN→CEN,Kraków,eyes open,gamma,-0.1124803176664619
R-ACC→R-SFG,SN→CEN,Kraków,eyes open,gamma,0.31903873477324707
R-ACC→L-pSTG,SN→CEN,Kraków,eyes open,gamma,0.20037779910330536
R-ACC→R-pSTG,SN→CEN,Kraków,eyes open,gamma,-0.2437886929889659
R-ACC→L-ITG,SN→CEN,Kraków,eyes open,gamma,0.07382339966963881
R-ACC→R-ITG,SN→CEN,Kraków,eyes open,gamma,-0.14227759830611802
R-ACC→L-SUP,SN→CEN,Kraków,eyes open,gamma,-0.19346614638631446
R-ACC→R-SUP,SN→CEN,Kraków,eyes open,gamma,-0.14702018491632196
L-INS→L-ACC,SN→SN,Kraków,eyes open,gamma,0.21596220991960682
L-INS→R-ACC,SN→SN,Kraków,eyes open,gamma,-0.15650535813672986
L-INS→R-INS,SN→SN,Kraków,eyes open,gamma,-0.0544641538174447
L-INS→L-IFG,SN→DMN,Kraków,eyes open,gamma,0.11715583722580122
L-INS→R-IFG,SN→CEN,Kraków,eyes open,gamma,0.017996850826633902
L-INS→L-mPFC,SN→DMN,Kraków,eyes open,gamma,0.07198740330653561
L-INS→R-mPFC,SN→DMN,Kraków,eyes open,gamma,0.01897034644081574
L-INS→L-aSTG,SN→DMN,Kraków,eyes open,gamma,-0.12804983847550624
L-INS→R-aSTG,SN→DMN,Kraków,eyes open,gamma,0.02249606353329238
L-INS→L-PREC,SN→DMN,Kraków,eyes open,gamma,-0.13987591516352618
L-INS→R-PREC,SN→DMN,Kraków,eyes open,gamma,-0.10264787073219617
L-INS→L-ANG,SN→DMN,Kraków,eyes open,gamma,0.013497638119975426
L-INS→R-ANG,SN→DMN,Kraków,eyes open,gamma,0.3557270189212908
L-INS→L-SFG,SN→CEN,Kraków,eyes open,gamma,-0.07588138576326296
L-INS→R-SFG,SN→CEN,Kraków,eyes open,gamma,0.03432816635138545
L-INS→L-pSTG,SN→CEN,Kraków,eyes open,gamma,0.12550435444889432
L-INS→R-pSTG,SN→CEN,Kraków,eyes open,gamma,-0.1844677209729975
L-INS→L-ITG,SN→CEN,Kraków,eyes open,gamma,-0.21480944114398665
L-INS→R-ITG,SN→CEN,Kraków,eyes open,gamma,-0.14472191657304856
L-INS→L-SUP,SN→CEN,Kraków,eyes open,gamma,-0.13947123479262052
L-INS→R-SUP,SN→CEN,Kraków,eyes open,gamma,-0.15985818875831564
R-INS→L-ACC,SN→SN,Kraków,eyes open,gamma,0.08998425413316952
R-INS→R-ACC,SN→SN,Kraków,eyes open,gamma,0.1302403678243243
R-INS→L-INS,SN→SN,Kraków,eyes open,gamma,0.19180854170491396
R-INS→L-IFG,SN→DMN,Kraków,eyes open,gamma,0.1293907808629144
R-INS→R-IFG,SN→CEN,Kraków,eyes open,gamma,-0.004995568398697364
R-INS→L-mPFC,SN→DMN,Kraków,eyes open,gamma,0.02497784199348682
R-INS→R-mPFC,SN→DMN,Kraków,eyes open,gamma,-0.1927658572039337
R-INS→L-aSTG,SN→DMN,Kraków,eyes open,gamma,0.06694619270045785
R-INS→R-aSTG,SN→DMN,Kraków,eyes open,gamma,0.035993701653267804
R-INS→L-PREC,SN→DMN,Kraków,eyes open,gamma,0.22973465173619492
R-INS→R-PREC,SN→DMN,Kraków,eyes open,gamma,-0.06494238918306573
R-INS→L-ANG,SN→DMN,Kraków,eyes open,gamma,0.21596220991960682
R-INS→R-ANG,SN→DMN,Kraków,eyes open,gamma,0.1259779557864373
R-INS→L-SFG,SN→CEN,Kraków,eyes open,gamma,0.040492914359926274
R-INS→R-SFG,SN→CEN,Kraków,eyes open,gamma,-0.047753590497526
R-INS→L-pSTG,SN→CEN,Kraków,eyes open,gamma,0.07252504209216266
R-INS→R-pSTG,SN→CEN,Kraków,eyes open,gamma,-0.06993795758176309
R-INS→L-ITG,SN→CEN,Kraków,eyes open,gamma,0.042184799811222175
R-INS→R-ITG,SN→CEN,Kraków,eyes open,gamma,-0.3007368493398033
R-INS→L-SUP,SN→CEN,Kraków,eyes open,gamma,0.19796535909297291
R-INS→R-SUP,SN→CEN,Kraków,eyes open,gamma,0.09491579957524991
L-IFG→L-ACC,DMN→SN,Kraków,eyes open,gamma,0.38733467847993314
L-IFG→R-ACC,DMN→SN,Kraków,eyes open,gamma,-0.16346609926848596
L-IFG→L-INS,DMN→SN,Kraków,eyes open,gamma,0.047425866102039346
L-IFG→R-INS,DMN→SN,Kraków,eyes open,gamma,0.12330725186530231
L-IFG→R-IFG,DMN→CEN,Kraków,eyes open,gamma,0.00948517322040787
L-IFG→L-mPFC,DMN→DMN,Kraków,eyes open,gamma,0.22764415728978887
L-IFG→R-mPFC,DMN→DMN,Kraków,eyes open,gamma,0.11697953037312035
L-IFG→L-aSTG,DMN→DMN,Kraków,eyes open,gamma,0.09959431881428263
L-IFG→R-aSTG,DMN→DMN,Kraków,eyes open,gamma,-0.09991136797394728
L-IFG→L-PREC,DMN→DMN,Kraków,eyes open,gamma,-0.04972814044201473
L-IFG→R-PREC,DMN→DMN,Kraków,eyes open,gamma,-0.17286448820319406
L-IFG→L-ANG,DMN→DMN,Kraków,eyes open,gamma,-0.14227759830611802
L-IFG→R-ANG,DMN→DMN,Kraków,eyes open,gamma,0.12076834107346433
L-IFG→L-SFG,DMN→CEN,Kraków,eyes open,gamma,-0.07992909437915782
L-IFG→R-SFG,DMN→CEN,Kraków,eyes open,gamma,-0.1399532935864176
L-IFG→L-pSTG,DMN→CEN,Kraków,eyes open,gamma,0.1318274994100693
L-IFG→R-pSTG,DMN→CEN,Kraków,eyes open,gamma,-0.3936346886469266
L-IFG→L-ITG,DMN→CEN,Kraków,eyes open,gamma,-0.11382207864489444
L-IFG→R-ITG,DMN→CEN,Kraków,eyes open,gamma,-0.3374783984897774
L-IFG→L-SUP,DMN→CEN,Kraków,eyes open,gamma,-0.052168452712243275
L-IFG→R-SUP,DMN→CEN,Kraków,eyes open,gamma,-0.1302403678243243
R-IFG→L-ACC,CEN→SN,Kraków,eyes open,gamma,0.058489765186560176
R-IFG→R-ACC,CEN→SN,Kraków,eyes open,gamma,-0.17425700158795646
R-IFG→L-INS,CEN→SN,Kraków,eyes open,gamma,0.285583663077656
R-IFG→R-INS,CEN→SN,Kraków,eyes open,gamma,-0.09837087611835467
R-IFG→L-IFG,CEN→DMN,Kraków,eyes open,gamma,0.2983043586505695
R-IFG→L-mPFC,CEN→DMN,Kraków,eyes open,gamma,-0.34194016570604413
R-IFG→R-mPFC,CEN→DMN,Kraków,eyes open,gamma,-0.04499212706658476
R-IFG→L-aSTG,CEN→DMN,Kraków,eyes open,gamma,0.06748819059987714
R-IFG→R-aSTG,CEN→DMN,Kraków,eyes open,gamma,-0.02231539756681928
R-IFG→L-PREC,CEN→DMN,Kraków,eyes open,gamma,-0.14487148356222354
R-IFG→R-PREC,CEN→DMN,Kraków,eyes open,gamma,0.04509215732805095
R-IFG→L-ANG,CEN→DMN,Kraków,eyes open,gamma,-0.047425866102039346
R-IFG→R-ANG,CEN→DMN,Kraków,eyes open,gamma,0.23712933051019675
R-IFG→L-SFG,CEN→CEN,Kraków,eyes open,gamma,0.12804983847550624
R-IFG→R-SFG,CEN→CEN,Kraków,eyes open,gamma,0.1802182911877495
R-IFG→L-pSTG,CEN→CEN,Kraków,eyes open,gamma,0.055600929979939595
R-IFG→R-pSTG,CEN→CEN,Kraków,eyes open,gamma,-0.26220592141012655
R-IFG→L-ITG,CEN→CEN,Kraków,eyes open,gamma,0.12804983847550624
R-IFG→R-ITG,CEN→CEN,Kraków,eyes open,gamma,-0.5149224952707817
R-IFG→L-SUP,CEN→CEN,Kraków,eyes open,gamma,0.02845551966122361
R-IFG→R-SUP,CEN→CEN,Kraków,eyes open,gamma,-0.08548504142651103
L-mPFC→L-ACC,DMN→SN,Kraków,eyes open,gamma,0.24864070221007362
L-mPFC→R-ACC,DMN→SN,Kraków,eyes open,gamma,0.03691169983481941
L-mPFC→L-INS,DMN→SN,Kraków,eyes open,gamma,0.4251411371210044
L-mPFC→R-INS,DMN→SN,Kraków,eyes open,gamma,0.0806239723734669
L-mPFC→L-IFG,DMN→DMN,Kraków,eyes open,gamma,0.24977841993486818
L-mPFC→R-IFG,DMN→CEN,Kraków,eyes open,gamma,-0.07588138576326296
L-mPFC→R-mPFC,DMN→DMN,Kraków,eyes open,gamma,-0.04463079513363856
L-mPFC→L-aSTG,DMN→DMN,Kraków,eyes open,gamma,0.11856466525509837
L-mPFC→R-aSTG,DMN→DMN,Kraków,eyes open,gamma,0.2897429671244471
L-mPFC→L-PREC,DMN→DMN,Kraków,eyes open,gamma,0.025661967683049042
L-mPFC→R-PREC,DMN→DMN,Kraków,eyes open,gamma,0.134672037224666
L-mPFC→L-ANG,DMN→DMN,Kraków,eyes open,gamma,0.04025611369115478
L-mPFC→R-ANG,DMN→DMN,Kraków,eyes open,gamma,0.3512035480564819
L-mPFC→L-SFG,DMN→CEN,Kraków,eyes open,gamma,-0.12550435444889432
L-mPFC→R-SFG,DMN→CEN,Kraków,eyes open,gamma,-0.04489067907488867
L-mPFC→L-pSTG,DMN→CEN,Kraków,eyes open,gamma,0.15865644807690413
L-mPFC→R-pSTG,DMN→CEN,Kraków,eyes open,gamma,-0.21917213901269172
L-mPFC→L-ITG,DMN→CEN,Kraków,eyes open,gamma,0.34968978790881544
L-mPFC→R-ITG,DMN→CEN,Kraków,eyes open,gamma,-0.2566196768304904
L-mPFC→L-SUP,DMN→CEN,Kraków,eyes open,gamma,0.09010914559387476
L-mPFC→R-SUP,DMN→CEN,Kraków,eyes open,gamma,0.219805009542684
R-mPFC→L-ACC,DMN→SN,Kraków,eyes open,gamma,0.4094283563059212
R-mPFC→R-ACC,DMN→SN,Kraków,eyes open,gamma,0.2719847026302078
R-mPFC→L-INS,DMN→SN,Kraków,eyes open,gamma,0.06494238918306573
R-mPFC→R-INS,DMN→SN,Kraków,eyes open,gamma,0.040492914359926274
R-mPFC→L-IFG,DMN→DMN,Kraków,eyes open,gamma,0.3554378038260195
R-mPFC→R-IFG,DMN→CEN,Kraków,eyes open,gamma,0.03149448894660933
R-mPFC→L-mPFC,DMN→DMN,Kraków,eyes open,gamma,0.02131206018943488
R-mPFC→L-aSTG,DMN→DMN,Kraków,eyes open,gamma,-0.08714072996890153
R-mPFC→R-aSTG,DMN→DMN,Kraków,eyes open,gamma,0.1633924614523341
R-mPFC→L-PREC,DMN→DMN,Kraków,eyes open,gamma,0.10018889955165268
R-mPFC→R-PREC,DMN→DMN,Kraków,eyes open,gamma,0.005273099976402772
R-mPFC→L-ANG,DMN→DMN,Kraków,eyes open,gamma,0.10337279755217754
R-mPFC→R-ANG,DMN→DMN,Kraków,eyes open,gamma,0.24478285153617083
R-mPFC→L-SFG,DMN→CEN,Kraków,eyes open,gamma,-0.10182428757174444
R-mPFC→R-SFG,DMN→CEN,Kraków,eyes open,gamma,-0.05017193543664027
R-mPFC→L-pSTG,DMN→CEN,Kraków,eyes open,gamma,0.03163859985841663
R-mPFC→R-pSTG,DMN→CEN,Kraków,eyes open,gamma,-0.29473853552314444
R-mPFC→L-ITG,DMN→CEN,Kraków,eyes open,gamma,-0.09959431881428263
R-mPFC→R-ITG,DMN→CEN,Kraków,eyes open,gamma,-0.12655439943366653
R-mPFC→L-SUP,DMN→CEN,Kraków,eyes open,gamma,-0.2878284717154626
R-mPFC→R-SUP,DMN→CEN,Kraków,eyes open,gamma,0.12988477836613146
L-aSTG→L-ACC,DMN→SN,Kraków,eyes open,gamma,0.18983159915049982
L-aSTG→R-ACC,DMN→SN,Kraków,eyes open,gamma,0.20332836992743689
L-aSTG→L-INS,DMN→SN,Kraków,eyes open,gamma,0.18968087931796387
L-aSTG→R-INS,DMN→SN,Kraków,eyes open,gamma,0.0901843146561019
L-aSTG→L-IFG,DMN→DMN,Kraków,eyes open,gamma,0.04972814044201473
L-aSTG→R-IFG,DMN→CEN,Kraków,eyes open,gamma,-0.24067834377630917
L-aSTG→L-mPFC,DMN→DMN,Kraków,eyes open,gamma,0.274756261928355
L-aSTG→R-mPFC,DMN→DMN,Kraków,eyes open,gamma,-0.2060165818312039
L-aSTG→R-aSTG,DMN→DMN,Kraków,eyes open,gamma,0.11882826813941116
L-aSTG→L-PREC,DMN→DMN,Kraków,eyes open,gamma,0.11547885457372069
L-aSTG→R-PREC,DMN→DMN,Kraków,eyes open,gamma,0.29560414248388955
L-aSTG→L-ANG,DMN→DMN,Kraków,eyes open,gamma,-0.07493352598046045
L-aSTG→R-ANG,DMN→DMN,Kraków,eyes open,gamma,0.21596220991960682
L-aSTG→L-SFG,DMN→CEN,Kraków,eyes open,gamma,0.02497784199348682
L-aSTG→R-SFG,DMN→CEN,Kraków,eyes open,gamma,-0.004995568398697364
L-aSTG→L-pSTG,DMN→CEN,Kraków,eyes open,gamma,-0.15650535813672986
L-aSTG→R-pSTG,DMN→CEN,Kraków,eyes open,gamma,0.1124803176664619
L-aSTG→L-ITG,DMN→CEN,Kraków,eyes open,gamma,0.047425866102039346
L-aSTG→R-ITG,DMN→CEN,Kraków,eyes open,gamma,-0.06494238918306573
L-aSTG→L-SUP,DMN→CEN,Kraków,eyes open,gamma,-0.1505158063099208
L-aSTG→R-SUP,DMN→CEN,Kraków,eyes open,gamma,0.03163859985841663
R-aSTG→L-ACC,DMN→SN,Kraków,eyes open,gamma,-0.109902504771342
R-aSTG→R-ACC,DMN→SN,Kraków,eyes open,gamma,-0.2249606353329238
R-aSTG→L-INS,DMN→SN,Kraków,eyes open,gamma,-0.16984932555571033
R-aSTG→R-INS,DMN→SN,Kraków,eyes open,gamma,-0.11697953037312035
R-aSTG→L-IFG,DMN→DMN,Kraków,eyes open,gamma,-0.09991136797394728
R-aSTG→R-IFG,DMN→CEN,Kraków,eyes open,gamma,0.02958631677069693
R-aSTG→L-mPFC,DMN→DMN,Kraków,eyes open,gamma,-0.05920016719287467
R-aSTG→R-mPFC,DMN→DMN,Kraków,eyes open,gamma,-0.18220334448043043
R-aSTG→L-aSTG,DMN→DMN,Kraków,eyes open,gamma,-0.1687391992448887
R-aSTG→L-PREC,DMN→DMN,Kraków,eyes open,gamma,-0.0734082073191646
R-aSTG→R-PREC,DMN→DMN,Kraków,eyes open,gamma,-0.17852318053455424
R-aSTG→L-ANG,DMN→DMN,Kraków,eyes open,gamma,-0.06694619270045785
R-aSTG→R-ANG,DMN→DMN,Kraków,eyes open,gamma,0.004995568398697364
R-aSTG→L-SFG,DMN→CEN,Kraków,eyes open,gamma,0.011840033438574935
R-aSTG→R-SFG,DMN→CEN,Kraków,eyes open,gamma,-0.08964269959884713
R-aSTG→L-pSTG,DMN→CEN,Kraków,eyes open,gamma,-0.06855029969323605
R-aSTG→R-pSTG,DMN→CEN,Kraków,eyes open,gamma,-0.09708827419631447
R-aSTG→L-ITG,DMN→CEN,Kraków,eyes open,gamma,-0.21480944114398665
R-aSTG→R-ITG,DMN→CEN,Kraków,eyes open,gamma,-0.4463079513363856
R-aSTG→L-SUP,DMN→CEN,Kraków,eyes open,gamma,-0.26545354969285007
R-aSTG→R-SUP,DMN→CEN,Kraków,eyes open,gamma,-0.30547286271523333
L-PREC→L-ACC,DMN→SN,Kraków,eyes open,gamma,0.3338889429678132
L-PREC→R-ACC,DMN→SN,Kraków,eyes open,gamma,-0.1302403678243243
L-PREC→L-INS,DMN→SN,Kraków,eyes open,gamma,-0.282547215353711
L-PREC→R-INS,DMN→SN,Kraków,eyes open,gamma,0.06012287643740127
L-PREC→L-IFG,DMN→DMN,Kraków,eyes open,gamma,-0.11073509950445821
L-PREC→R-IFG,DMN→CEN,Kraków,eyes open,gamma,-0.09491579957524991
L-PREC→L-mPFC,DMN→DMN,Kraków,eyes open,gamma,-0.0044992127066584755
L-PREC→R-mPFC,DMN→DMN,Kraków,eyes open,gamma,0.011840033438574935
L-PREC→L-aSTG,DMN→DMN,Kraków,eyes open,gamma,0.026048073564864858
L-PREC→R-aSTG,DMN→DMN,Kraków,eyes open,gamma,0.1619716574397051
L-PREC→R-PREC,DMN→DMN,Kraków,eyes open,gamma,0.03849295152457357
L-PREC→L-ANG,DMN→DMN,Kraków,eyes open,gamma,-0.047046940752256586
L-PREC→R-ANG,DMN→DMN,Kraków,eyes open,gamma,0.25310879886733306
L-PREC→L-SFG,DMN→CEN,Kraków,eyes open,gamma,-0.14918442132604418
L-PREC→R-SFG,DMN→CEN,Kraków,eyes open,gamma,-0.4505457279693738
L-PREC→L-pSTG,DMN→CEN,Kraków,eyes open,gamma,-0.019982273594789456
L-PREC→R-pSTG,DMN→CEN,Kraków,eyes open,gamma,-0.4146321770918812
L-PREC→L-ITG,DMN→CEN,Kraków,eyes open,gamma,-0.13497638119975428
L-PREC→R-ITG,DMN→CEN,Kraków,eyes open,gamma,0.029046909989633843
L-PREC→L-SUP,DMN→CEN,Kraków,eyes open,gamma,0.061653625932651154
L-PREC→R-SUP,DMN→CEN,Kraków,eyes open,gamma,0.18496087779795345
R-PREC→L-ACC,DMN→SN,Kraków,eyes open,gamma,0.3480969830941031
R-PREC→R-ACC,DMN→SN,Kraków,eyes open,gamma,0.11120185995987919
R-PREC→L-INS,DMN→SN,Kraków,eyes open,gamma,-0.02131206018943488
R-PREC→R-INS,DMN→SN,Kraków,eyes open,gamma,-0.10433690542448655
R-PREC→L-IFG,DMN→DMN,Kraków,eyes open,gamma,0.16984932555571033
R-PREC→R-IFG,DMN→CEN,Kraków,eyes open,gamma,-0.14702018491632196
R-PREC→L-mPFC,DMN→DMN,Kraków,eyes open,gamma,0.04025611369115478
R-PREC→R-mPFC,DMN→DMN,Kraków,eyes open,gamma,0.029973410392184183
R-PREC→L-aSTG,DMN→DMN,Kraków,eyes open,gamma,0.10348189225314494
R-PREC→R-aSTG,DMN→DMN,Kraków,eyes open,gamma,-0.026995276239950853
R-PREC→L-PREC,DMN→DMN,Kraków,eyes open,gamma,0.21812672530591687
R-PREC→L-ANG,DMN→DMN,Kraków,eyes open,gamma,0.1612479447469338
R-PREC→R-ANG,DMN→DMN,Kraków,eyes open,gamma,0.2969480386394594
R-PREC→L-SFG,DMN→CEN,Kraków,eyes open,gamma,0.27975183032705236
R-PREC→R-SFG,DMN→CEN,Kraków,eyes open,gamma,0.06748819059987714
R-PREC→L-pSTG,DMN→CEN,Kraków,eyes open,gamma,0.21075259520663386
R-PREC→R-pSTG,DMN→CEN,Kraków,eyes open,gamma,-0.04268327949183541
R-PREC→L-ITG,DMN→CEN,Kraków,eyes open,gamma,-0.019982273594789456
R-PREC→R-ITG,DMN→CEN,Kraków,eyes open,gamma,-0.00557884939170482
R-PREC→L-SUP,DMN→CEN,Kraków,eyes open,gamma,0.013497638119975426
R-PREC→R-SUP,DMN→CEN,Kraków,eyes open,gamma,-0.01897034644081574
L-ANG→L-ACC,DMN→SN,Kraków,eyes open,gamma,0.13026623228103607
L-ANG→R-ACC,DMN→SN,Kraków,eyes open,gamma,-0.10490693637264464
L-ANG→L-INS,DMN→SN,Kraków,eyes open,gamma,0.13971239457518422
L-ANG→R-INS,DMN→SN,Kraków,eyes open,gamma,-0.2705529439683057
L-ANG→L-IFG,DMN→DMN,Kraków,eyes open,gamma,-0.09235226082088449
L-ANG→R-IFG,DMN→CEN,Kraków,eyes open,gamma,0.06748819059987714
L-ANG→L-mPFC,DMN→DMN,Kraków,eyes open,gamma,-0.06897670235034455
L-ANG→R-mPFC,DMN→DMN,Kraków,eyes open,gamma,0.116008199480861
L-ANG→L-aSTG,DMN→DMN,Kraków,eyes open,gamma,-0.13497638119975428
L-ANG→R-aSTG,DMN→DMN,Kraków,eyes open,gamma,0.09991136797394728
L-ANG→L-PREC,DMN→DMN,Kraków,eyes open,gamma,0.4032525419791084
L-ANG→R-PREC,DMN→DMN,Kraków,eyes open,gamma,0.10798110495980341
L-ANG→R-ANG,DMN→DMN,Kraków,eyes open,gamma,0.26284874233636357
L-ANG→L-SFG,DMN→CEN,Kraków,eyes open,gamma,-0.07814422069459458
L-ANG→R-SFG,DMN→CEN,Kraków,eyes open,gamma,-0.013203140904379018
L-ANG→L-pSTG,DMN→CEN,Kraków,eyes open,gamma,0.04949133977324323
L-ANG→R-pSTG,DMN→CEN,Kraków,eyes open,gamma,-0.07648661601319408
L-ANG→L-ITG,DMN→CEN,Kraków,eyes open,gamma,-0.04995568398697364
L-ANG→R-ITG,DMN→CEN,Kraków,eyes open,gamma,-0.274451975106167
L-ANG→L-SUP,DMN→CEN,Kraków,eyes open,gamma,-0.13971239457518422
L-ANG→R-SUP,DMN→CEN,Kraków,eyes open,gamma,0.008998425413316951
R-ANG→L-ACC,DMN→SN,Kraków,eyes open,gamma,0.052730999764027724
R-ANG→R-ACC,DMN→SN,Kraków,eyes open,gamma,-0.12988477836613146
R-ANG→L-INS,DMN→SN,Kraków,eyes open,gamma,-0.08926159026727712
R-ANG→R-INS,DMN→SN,Kraków,eyes open,gamma,-0.14793158385348465
R-ANG→L-IFG,DMN→DMN,Kraków,eyes open,gamma,0.109902504771342
R-ANG→R-IFG,DMN→CEN,Kraków,eyes open,gamma,-0.21480944114398665
R-ANG→L-mPFC,DMN→DMN,Kraków,eyes open,gamma,-0.3946499034970918
R-ANG→R-mPFC,DMN→DMN,Kraków,eyes open,gamma,-0.15650535813672986
R-ANG→L-aSTG,DMN→DMN,Kraków,eyes open,gamma,-0.2339590607462407
R-ANG→R-aSTG,DMN→DMN,Kraków,eyes open,gamma,-0.04995568398697364
R-ANG→L-PREC,DMN→DMN,Kraków,eyes open,gamma,0.1293907808629144
R-ANG→R-PREC,DMN→DMN,Kraków,eyes open,gamma,-0.2109239990561109
R-ANG→L-ANG,DMN→DMN,Kraków,eyes open,gamma,-0.03996454718957891
R-ANG→L-SFG,DMN→CEN,Kraków,eyes open,gamma,-0.060734448160143485
R-ANG→R-SFG,DMN→CEN,Kraków,eyes open,gamma,-0.2161970990325137
R-ANG→L-pSTG,DMN→CEN,Kraków,eyes open,gamma,0.08517407495298512
R-ANG→R-pSTG,DMN→CEN,Kraków,eyes open,gamma,-0.182336514954054
R-ANG→L-ITG,DMN→CEN,Kraków,eyes open,gamma,0.0815179209594981
R-ANG→R-ITG,DMN→CEN,Kraków,eyes open,gamma,-0.14422401400526588
R-ANG→L-SUP,DMN→CEN,Kraków,eyes open,gamma,-0.22969664870835377
R-ANG→R-SUP,DMN→CEN,Kraków,eyes open,gamma,-0.13488034676482882
L-SFG→L-ACC,CEN→SN,Kraków,eyes open,gamma,0.3104456767594348
L-SFG→R-ACC,CEN→SN,Kraków,eyes open,gamma,0.004276994613841507
L-SFG→L-INS,CEN→SN,Kraków,eyes open,gamma,0.0544641538174447
L-SFG→R-INS,CEN→SN,Kraków,eyes open,gamma,-0.06748819059987714
L-SFG→L-IFG,CEN→DMN,Kraków,eyes open,gamma,0.17547570457754558
L-SFG→R-IFG,CEN→CEN,Kraków,eyes open,gamma,-0.1529198993156804
L-SFG→L-mPFC,CEN→DMN,Kraków,eyes open,gamma,-0.10656030094717442
L-SFG→R-mPFC,CEN→DMN,Kraków,eyes open,gamma,-0.31423475352422064
L-SFG→L-aSTG,CEN→DMN,Kraków,eyes open,gamma,-0.06748819059987714
L-SFG→R-aSTG,CEN→DMN,Kraków,eyes open,gamma,-0.1402867116872696
L-SFG→L-PREC,CEN→DMN,Kraków,eyes open,gamma,0.09491579957524991
L-SFG→R-PREC,CEN→DMN,Kraków,eyes open,gamma,-0.07382339966963881
L-SFG→L-ANG,CEN→DMN,Kraków,eyes open,gamma,0.05994682078436837
L-SFG→R-ANG,CEN→DMN,Kraków,eyes open,gamma,0.3313667478318056
L-SFG→R-SFG,CEN→CEN,Kraków,eyes open,gamma,0.1498670519609209
L-SFG→L-pSTG,CEN→CEN,Kraków,eyes open,gamma,-0.04496011558827628
L-SFG→R-pSTG,CEN→CEN,Kraków,eyes open,gamma,-0.3414662359346833
L-SFG→L-ITG,CEN→CEN,Kraków,eyes open,gamma,-0.00792188454262741
L-SFG→R-ITG,CEN→CEN,Kraków,eyes open,gamma,-0.37940692881631477
L-SFG→L-SUP,CEN→CEN,Kraków,eyes open,gamma,0.04025611369115478
L-SFG→R-SUP,CEN→CEN,Kraków,eyes open,gamma,-0.012830983841524521
R-SFG→L-ACC,CEN→SN,Kraków,eyes open,gamma,-0.004742586610203935
R-SFG→R-ACC,CEN→SN,Kraków,eyes open,gamma,0.12076834107346433
R-SFG→L-INS,CEN→SN,Kraków,eyes open,gamma,-0.109902504771342
R-SFG→R-INS,CEN→SN,Kraków,eyes open,gamma,-0.17073311796734164
R-SFG→L-IFG,CEN→DMN,Kraków,eyes open,gamma,-0.08016383524986835
R-SFG→R-IFG,CEN→CEN,Kraków,eyes open,gamma,0.08536655898367082
R-SFG→L-mPFC,CEN→DMN,Kraków,eyes open,gamma,-0.026995276239950853
R-SFG→R-mPFC,CEN→DMN,Kraków,eyes open,gamma,0.034968978790881546
R-SFG→L-aSTG,CEN→DMN,Kraków,eyes open,gamma,0.09708827419631447
R-SFG→R-aSTG,CEN→DMN,Kraków,eyes open,gamma,0.02131206018943488
R-SFG→L-PREC,CEN→DMN,Kraków,eyes open,gamma,0.05920016719287467
R-SFG→R-PREC,CEN→DMN,Kraków,eyes open,gamma,0.10264787073219617
R-SFG→L-ANG,CEN→DMN,Kraków,eyes open,gamma,-0.1452345499481692
R-SFG→R-ANG,CEN→DMN,Kraków,eyes open,gamma,0.23047102634337152
R-SFG→L-SFG,CEN→CEN,Kraków,eyes open,gamma,-0.06843191382146412
R-SFG→L-pSTG,CEN→CEN,Kraków,eyes open,gamma,0.15819299929208316
R-SFG→R-pSTG,CEN→CEN,Kraków,eyes open,gamma,-0.2564551242795331
R-SFG→L-ITG,CEN→CEN,Kraków,eyes open,gamma,-0.06508989689553325
R-SFG→R-ITG,CEN→CEN,Kraków,eyes open,gamma,-0.06327719971683327
R-SFG→L-SUP,CEN→CEN,Kraków,eyes open,gamma,0.2161970990325137
R-SFG→R-SUP,CEN→CEN,Kraków,eyes open,gamma,0.0071040200631449614
L-pSTG→L-ACC,CEN→SN,Kraków,eyes open,gamma,-0.13987591516352618
L-pSTG→R-ACC,CEN→SN,Kraków,eyes open,gamma,0.05994682078436837
L-pSTG→L-INS,CEN→SN,Kraków,eyes open,gamma,0.07588138576326296
L-pSTG→R-INS,CEN→SN,Kraków,eyes open,gamma,-0.1529198993156804
L-pSTG→L-IFG,CEN→DMN,Kraków,eyes open,gamma,0.029973410392184183
L-pSTG→R-IFG,CEN→CEN,Kraków,eyes open,gamma,-0.14541781687061126
L-pSTG→L-mPFC,CEN→DMN,Kraków,eyes open,gamma,-0.1444484079506142
L-pSTG→R-mPFC,CEN→DMN,Kraków,eyes open,gamma,-0.32970751431402595
L-pSTG→L-aSTG,CEN→DMN,Kraków,eyes open,gamma,-0.21199627688478317
L-pSTG→R-aSTG,CEN→DMN,Kraków,eyes open,gamma,-0.04430262752236181
L-pSTG→L-PREC,CEN→DMN,Kraków,eyes open,gamma,-0.04995568398697364
L-pSTG→R-PREC,CEN→DMN,Kraków,eyes open,gamma,-0.08875895031209079
L-pSTG→L-ANG,CEN→DMN,Kraków,eyes open,gamma,-0.337284011185945
L-pSTG→R-ANG,CEN→DMN,Kraków,eyes open,gamma,-0.00886052550447236
L-pSTG→L-SFG,CEN→CEN,Kraków,eyes open,gamma,-0.06327719971683327
L-pSTG→R-SFG,CEN→CEN,Kraków,eyes open,gamma,-0.10656030094717442
L-pSTG→R-pSTG,CEN→CEN,Kraków,eyes open,gamma,-0.2759068094013782
L-pSTG→L-ITG,CEN→CEN,Kraków,eyes open,gamma,0.10798110495980341
L-pSTG→R-ITG,CEN→CEN,Kraków,eyes open,gamma,-0.35329769841898573
L-pSTG→L-SUP,CEN→CEN,Kraków,eyes open,gamma,-0.22674329898531922
L-pSTG→R-SUP,CEN→CEN,Kraków,eyes open,gamma,-0.0278942469585241
R-pSTG→L-ACC,CEN→SN,Kraków,eyes open,gamma,0.36230502322039304
R-pSTG→R-ACC,CEN→SN,Kraków,eyes open,gamma,0.08998425413316952
R-pSTG→L-INS,CEN→SN,Kraków,eyes open,gamma,0.17928539919769426
R-pSTG→R-INS,CEN→SN,Kraków,eyes open,gamma,0.0029535085014907874
R-pSTG→L-IFG,CEN→DMN,Kraków,eyes open,gamma,0.4634189087858229
R-pSTG→R-IFG,CEN→CEN,Kraków,eyes open,gamma,0.15579706267167243
R-pSTG→L-mPFC,CEN→DMN,Kraków,eyes open,gamma,0.11022527346856899
R-pSTG→R-mPFC,CEN→DMN,Kraków,eyes open,gamma,0.20541982782778764
R-pSTG→L-aSTG,CEN→DMN,Kraków,eyes open,gamma,0.26284874233636357
R-pSTG→R-aSTG,CEN→DMN,Kraków,eyes open,gamma,0.33969865111142067
R-pSTG→L-PREC,CEN→DMN,Kraków,eyes open,gamma,0.30547286271523333
R-pSTG→R-PREC,CEN→DMN,Kraków,eyes open,gamma,0.07648661601319408
R-pSTG→L-ANG,CEN→DMN,Kraków,eyes open,gamma,0.03849295152457357
R-pSTG→R-ANG,CEN→DMN,Kraków,eyes open,gamma,0.42235171571318253
R-pSTG→L-SFG,CEN→CEN,Kraków,eyes open,gamma,0.19796535909297291
R-pSTG→R-SFG,CEN→CEN,Kraków,eyes open,gamma,0.3406410353329787
R-pSTG→L-pSTG,CEN→CEN,Kraków,eyes open,gamma,0.04489067907488867
R-pSTG→L-ITG,CEN→CEN,Kraków,eyes open,gamma,0.12541218609153557
R-pSTG→R-ITG,CEN→CEN,Kraków,eyes open,gamma,0.04025611369115478
R-pSTG→L-SUP,CEN→CEN,Kraków,eyes open,gamma,0.43589085417115914
R-pSTG→R-SUP,CEN→CEN,Kraków,eyes open,gamma,0.17996850826633903
L-ITG→L-ACC,CEN→SN,Kraków,eyes open,gamma,-0.11354701177765956
L-ITG→R-ACC,CEN→SN,Kraków,eyes open,gamma,-0.011840033438574935
L-ITG→L-INS,CEN→SN,Kraków,eyes open,gamma,-0.2510482226267169
L-ITG→R-INS,CEN→SN,Kraków,eyes open,gamma,-0.1259779557864373
L-ITG→L-IFG,CEN→DMN,Kraków,eyes open,gamma,0.10490693637264464
L-ITG→R-IFG,CEN→CEN,Kraków,eyes open,gamma,0.2703274367816243
L-ITG→L-mPFC,CEN→DMN,Kraków,eyes open,gamma,0.02497784199348682
L-ITG→R-mPFC,CEN→DMN,Kraków,eyes open,gamma,-0.13488034676482882
L-ITG→L-aSTG,CEN→DMN,Kraków,eyes open,gamma,0.02845551966122361
L-ITG→R-aSTG,CEN→DMN,Kraków,eyes open,gamma,0.029973410392184183
L-ITG→L-PREC,CEN→DMN,Kraków,eyes open,gamma,0.09708827419631447
L-ITG→R-PREC,CEN→DMN,Kraków,eyes open,gamma,0.019982273594789456
L-ITG→L-ANG,CEN→DMN,Kraków,eyes open,gamma,-0.018484397266130628
L-ITG→R-ANG,CEN→DMN,Kraków,eyes open,gamma,0.3239433148794102
L-ITG→L-SFG,CEN→CEN,Kraków,eyes open,gamma,0.0712969608836467
L-ITG→R-SFG,CEN→CEN,Kraków,eyes open,gamma,-0.02497784199348682
L-ITG→L-pSTG,CEN→CEN,Kraków,eyes open,gamma,0.14397480661307122
L-ITG→R-pSTG,CEN→CEN,Kraków,eyes open,gamma,-0.2249606353329238
L-ITG→R-ITG,CEN→CEN,Kraków,eyes open,gamma,0.026995276239950853
L-ITG→L-SUP,CEN→CEN,Kraków,eyes open,gamma,0.109902504771342
L-ITG→R-SUP,CEN→CEN,Kraków,eyes open,gamma,-0.09409388150451317
R-ITG→L-ACC,CEN→SN,Kraków,eyes open,gamma,0.35093859111936104
R-ITG→R-ACC,CEN→SN,Kraków,eyes open,gamma,0.3464393784127026
R-ITG→L-INS,CEN→SN,Kraków,eyes open,gamma,0.22240371991975838
R-ITG→R-INS,CEN→SN,Kraków,eyes open,gamma,-0.2339590607462407
R-ITG→L-IFG,CEN→DMN,Kraków,eyes open,gamma,0.2347917147387761
R-ITG→R-IFG,CEN→CEN,Kraków,eyes open,gamma,-0.1498670519609209
R-ITG→L-mPFC,CEN→DMN,Kraków,eyes open,gamma,-0.11073509950445821
R-ITG→R-mPFC,CEN→DMN,Kraków,eyes open,gamma,0.12076834107346433
R-ITG→L-aSTG,CEN→DMN,Kraków,eyes open,gamma,0.012830983841524521
R-ITG→R-aSTG,CEN→DMN,Kraków,eyes open,gamma,0.18983159915049982
R-ITG→L-PREC,CEN→DMN,Kraków,eyes open,gamma,0.32844252758606873
R-ITG→R-PREC,CEN→DMN,Kraków,eyes open,gamma,0.14487148356222354
R-ITG→L-ANG,CEN→DMN,Kraków,eyes open,gamma,0.008553989227683014
R-ITG→R-ANG,CEN→DMN,Kraków,eyes open,gamma,0.20565089907970813
R-ITG→L-SFG,CEN→CEN,Kraków,eyes open,gamma,-0.01673654817511446
R-ITG→R-SFG,CEN→CEN,Kraków,eyes open,gamma,0.1753567791675018
R-ITG→L-pSTG,CEN→CEN,Kraków,eyes open,gamma,0.21075259520663386
R-ITG→R-pSTG,CEN→CEN,Kraków,eyes open,gamma,0.18537886901532055
R-ITG→L-ITG,CEN→CEN,Kraków,eyes open,gamma,0.3585707983953885
R-ITG→L-SUP,CEN→CEN,Kraków,eyes open,gamma,0.286558639127381
R-ITG→R-SUP,CEN→CEN,Kraków,eyes open,gamma,0.12410952450116279
L-SUP→L-ACC,CEN→SN,Kraków,eyes open,gamma,0.3480969830941031
L-SUP→R-ACC,CEN→SN,Kraków,eyes open,gamma,-0.04025611369115478
L-SUP→L-INS,CEN→SN,Kraków,eyes open,gamma,-0.0071040200631449614
L-SUP→R-INS,CEN→SN,Kraków,eyes open,gamma,0.11382207864489444
L-SUP→L-IFG,CEN→DMN,Kraków,eyes open,gamma,0.2609543369861916
L-SUP→R-IFG,CEN→CEN,Kraków,eyes open,gamma,-0.2039312242387692
L-SUP→L-mPFC,CEN→DMN,Kraków,eyes open,gamma,0.014986705196092092
L-SUP→R-mPFC,CEN→DMN,Kraków,eyes open,gamma,-0.14918442132604418
L-SUP→L-aSTG,CEN→DMN,Kraków,eyes open,gamma,-0.1633924614523341
L-SUP→R-aSTG,CEN→DMN,Kraków,eyes open,gamma,0.1498670519609209
L-SUP→L-PREC,CEN→DMN,Kraków,eyes open,gamma,0.16599053135713773
L-SUP→R-PREC,CEN→DMN,Kraków,eyes open,gamma,0.04995568398697364
L-SUP→L-ANG,CEN→DMN,Kraków,eyes open,gamma,-0.06601570452189509
L-SUP→R-ANG,CEN→DMN,Kraków,eyes open,gamma,0.21341639745917704
L-SUP→L-SFG,CEN→CEN,Kraków,eyes open,gamma,0.08492466277785517
L-SUP→R-SFG,CEN→CEN,Kraków,eyes open,gamma,0.1798404623531051
L-SUP→L-pSTG,CEN→CEN,Kraków,eyes open,gamma,-0.014986705196092092
L-SUP→R-pSTG,CEN→CEN,Kraków,eyes open,gamma,-0.2647651251309603
L-SUP→L-ITG,CEN→CEN,Kraków,eyes open,gamma,-0.22045054693713798
L-SUP→R-ITG,CEN→CEN,Kraków,eyes open,gamma,-0.04268327949183541
L-SUP→R-SUP,CEN→CEN,Kraków,eyes open,gamma,0.1124803176664619
R-SUP→L-ACC,CEN→SN,Kraków,eyes open,gamma,0.2647651251309603
R-SUP→R-ACC,CEN→SN,Kraków,eyes open,gamma,-0.06843191382146412
R-SUP→L-INS,CEN→SN,Kraków,eyes open,gamma,0.14227759830611802
R-SUP→R-INS,CEN→SN,Kraków,eyes open,gamma,-0.24745669886621613
R-SUP→L-IFG,CEN→DMN,Kraków,eyes open,gamma,0.11489807317003937
R-SUP→R-IFG,CEN→CEN,Kraków,eyes open,gamma,0.023712933051019673
R-SUP→L-mPFC,CEN→DMN,Kraków,eyes open,gamma,-0.16812847482776408
R-SUP→R-mPFC,CEN→DMN,Kraków,eyes open,gamma,-0.10656030094717442
R-SUP→L-aSTG,CEN→DMN,Kraków,eyes open,gamma,0.13527647198415285
R-SUP→R-aSTG,CEN→DMN,Kraków,eyes open,gamma,-0.11354701177765956
R-SUP→L-PREC,CEN→DMN,Kraków,eyes open,gamma,-0.08548504142651103
R-SUP→R-PREC,CEN→DMN,Kraków,eyes open,gamma,0.1498670519609209
R-SUP→L-ANG,CEN→DMN,Kraków,eyes open,gamma,0.06748819059987714
R-SUP→R-ANG,CEN→DMN,Kraków,eyes open,gamma,0.5096412389090301
R-SUP→L-SFG,CEN→CEN,Kraków,eyes open,gamma,0.17509649849092868
R-SUP→R-SFG,CEN→CEN,Kraków,eyes open,gamma,-0.06601570452189509
R-SUP→L-pSTG,CEN→CEN,Kraków,eyes open,gamma,-0.034968978790881546
R-SUP→R-pSTG,CEN→CEN,Kraków,eyes open,gamma,-0.12076834107346433
R-SUP→L-ITG,CEN→CEN,Kraków,eyes open,gamma,0.15384884720762404
R-SUP→R-ITG,CEN→CEN,Kraków,eyes open,gamma,-0.26995276239950855
R-SUP→L-SUP,CEN→CEN,Kraków,eyes open,gamma,0.07648661601319408
L-ACC→R-ACC,SN→SN,Kraków,eyes open,theta,-0.055453191798391886
L-ACC→L-INS,SN→SN,Kraków,eyes open,theta,-0.14487148356222354
L-ACC→R-INS,SN→SN,Kraków,eyes open,theta,-0.17097008285302207
L-ACC→L-IFG,SN→DMN,Kraków,eyes open,theta,0.08998425413316952
L-ACC→R-IFG,SN→CEN,Kraków,eyes open,theta,-0.2339590607462407
L-ACC→L-mPFC,SN→DMN,Kraków,eyes open,theta,-0.17286448820319406
L-ACC→R-mPFC,SN→DMN,Kraków,eyes open,theta,-0.24478285153617083
L-ACC→L-aSTG,SN→DMN,Kraków,eyes open,theta,0.21341639745917704
L-ACC→R-aSTG,SN→DMN,Kraków,eyes open,theta,0.053990552479901706
L-ACC→L-PREC,SN→DMN,Kraków,eyes open,theta,0.1259779557864373
L-ACC→R-PREC,SN→DMN,Kraków,eyes open,theta,-0.28794961322614243
L-ACC→L-ANG,SN→DMN,Kraków,eyes open,theta,-0.11120185995987919
L-ACC→R-ANG,SN→DMN,Kraków,eyes open,theta,-0.015819299929208316
L-ACC→L-SFG,SN→CEN,Kraków,eyes open,theta,-0.10692486534603769
L-ACC→R-SFG,SN→CEN,Kraków,eyes open,theta,-0.4709625320929766
L-ACC→L-pSTG,SN→CEN,Kraków,eyes open,theta,-0.15985818875831564
L-ACC→R-pSTG,SN→CEN,Kraków,eyes open,theta,-0.219805009542684
L-ACC→L-ITG,SN→CEN,Kraków,eyes open,theta,-0.08492466277785517
L-ACC→R-ITG,SN→CEN,Kraków,eyes open,theta,-0.24745669886621613
L-ACC→L-SUP,SN→CEN,Kraków,eyes open,theta,-0.29010016836865066
L-ACC→R-SUP,SN→CEN,Kraków,eyes open,theta,-0.19796535909297291
R-ACC→L-ACC,SN→SN,Kraków,eyes open,theta,0.3059464640527763
R-ACC→L-INS,SN→SN,Kraków,eyes open,theta,0.011840033438574935
R-ACC→R-INS,SN→SN,Kraków,eyes open,theta,-0.1740122992212915
R-ACC→L-IFG,SN→DMN,Kraków,eyes open,theta,0.15650535813672986
R-ACC→R-IFG,SN→CEN,Kraków,eyes open,theta,-0.047425866102039346
R-ACC→L-mPFC,SN→DMN,Kraków,eyes open,theta,-0.25310879886733306
R-ACC→R-mPFC,SN→DMN,Kraków,eyes open,theta,0.04499212706658476
R-ACC→L-aSTG,SN→DMN,Kraków,eyes open,theta,0.1124803176664619
R-ACC→R-aSTG,SN→DMN,Kraków,eyes open,theta,0.0712969608836467
R-ACC→L-PREC,SN→DMN,Kraków,eyes open,theta,0.26220592141012655
R-ACC→R-PREC,SN→DMN,Kraków,eyes open,theta,0.02497784199348682
R-ACC→L-ANG,SN→DMN,Kraków,eyes open,theta,0.08714072996890153
R-ACC→R-ANG,SN→DMN,Kraków,eyes open,theta,-0.0712969608836467
R-ACC→L-SFG,SN→CEN,Kraków,eyes open,theta,-0.24806568760280742
R-ACC→R-SFG,SN→CEN,Kraków,eyes open,theta,0.04499212706658475
R-ACC→L-pSTG,SN→CEN,Kraków,eyes open,theta,0.17484489395440772
R-ACC→R-pSTG,SN→CEN,Kraków,eyes open,theta,-0.3406410353329787
R-ACC→L-ITG,SN→CEN,Kraków,eyes open,theta,0.042184799811222175
R-ACC→R-ITG,SN→CEN,Kraków,eyes open,theta,0.005273099976402772
R-ACC→L-SUP,SN→CEN,Kraków,eyes open,theta,-0.14237369936287486
R-ACC→R-SUP,SN→CEN,Kraków,eyes open,theta,-0.06298897789321865
L-INS→L-ACC,SN→SN,Kraków,eyes open,theta,0.1948271675491972
L-INS→R-ACC,SN→SN,Kraków,eyes open,theta,0.2248005779413814
L-INS→R-INS,SN→SN,Kraków,eyes open,theta,-0.058489765186560176
L-INS→L-IFG,SN→DMN,Kraków,eyes open,theta,0.21828966063432695
L-INS→R-IFG,SN→CEN,Kraków,eyes open,theta,0.3149448894660933
L-INS→L-mPFC,SN→DMN,Kraków,eyes open,theta,0.1124803176664619
L-INS→R-mPFC,SN→DMN,Kraków,eyes open,theta,-0.04489067907488867
L-INS→L-aSTG,SN→DMN,Kraków,eyes open,theta,0.12128129945726378
L-INS→R-aSTG,SN→DMN,Kraków,eyes open,theta,0.02497784199348682
L-INS→L-PREC,SN→DMN,Kraków,eyes open,theta,-0.052730999764027724
L-INS→R-PREC,SN→DMN,Kraków,eyes open,theta,-0.10020479406233543
L-INS→L-ANG,SN→DMN,Kraków,eyes open,theta,0.2719847026302078
L-INS→R-ANG,SN→DMN,Kraków,eyes open,theta,0.15620778296773496
L-INS→L-SFG,SN→CEN,Kraków,eyes open,theta,0.014227759830611805
L-INS→R-SFG,SN→CEN,Kraków,eyes open,theta,0.16107831903342404
L-INS→L-pSTG,SN→CEN,Kraków,eyes open,theta,-0.02845551966122361
L-INS→R-pSTG,SN→CEN,Kraków,eyes open,theta,0.023712933051019673
L-INS→L-ITG,SN→CEN,Kraków,eyes open,theta,-0.13971239457518422
L-INS→R-ITG,SN→CEN,Kraków,eyes open,theta,-0.11989364156873673
L-INS→L-SUP,SN→CEN,Kraków,eyes open,theta,-0.19444605101836132
L-INS→R-SUP,SN→CEN,Kraków,eyes open,theta,-0.008998425413316951
R-INS→L-ACC,SN→SN,Kraków,eyes open,theta,-0.08998425413316952
R-INS→R-ACC,SN→SN,Kraków,eyes open,theta,0.15650535813672986
R-INS→L-INS,SN→SN,Kraków,eyes open,theta,0.31472080911793393
R-INS→L-IFG,SN→DMN,Kraków,eyes open,theta,0.10018889955165268
R-INS→R-IFG,SN→CEN,Kraków,eyes open,theta,0.08761624744545451
R-INS→L-mPFC,SN→DMN,Kraków,eyes open,theta,0.0828416869579514
R-INS→R-mPFC,SN→DMN,Kraków,eyes open,theta,0.12128129945726378
R-INS→L-aSTG,SN→DMN,Kraków,eyes open,theta,-0.08185947360714992
R-INS→R-aSTG,SN→DMN,Kraków,eyes open,theta,0.18970346440815739
R-INS→L-PREC,SN→DMN,Kraków,eyes open,theta,-0.060734448160143485
R-INS→R-PREC,SN→DMN,Kraków,eyes open,theta,-0.015819299929208316
R-INS→L-ANG,SN→DMN,Kraków,eyes open,theta,-0.023765653627882233
R-INS→R-ANG,SN→DMN,Kraków,eyes open,theta,0.17073311796734164
R-INS→L-SFG,SN→CEN,Kraków,eyes open,theta,-0.00886052550447236
R-INS→R-SFG,SN→CEN,Kraków,eyes open,theta,0.18983159915049982
R-INS→L-pSTG,SN→CEN,Kraków,eyes open,theta,0.13947559390641276
R-INS→R-pSTG,SN→CEN,Kraków,eyes open,theta,0.009991136797394728
R-INS→L-ITG,SN→CEN,Kraków,eyes open,theta,0.20641742749307834
R-INS→R-ITG,SN→CEN,Kraków,eyes open,theta,-0.1664708701463636
R-INS→L-SUP,SN→CEN,Kraków,eyes open,theta,0.11989364156873673
R-INS→R-SUP,SN→CEN,Kraków,eyes open,theta,-0.035993701653267804
L-IFG→L-ACC,DMN→SN,Kraków,eyes open,theta,0.12550435444889432
L-IFG→R-ACC,DMN→SN,Kraków,eyes open,theta,0.1529198993156804
L-IFG→L-INS,DMN→SN,Kraków,eyes open,theta,0.35648480441823355
L-IFG→R-INS,DMN→SN,Kraków,eyes open,theta,-0.23989052384330728
L-IFG→R-IFG,DMN→CEN,Kraków,eyes open,theta,0.1798404623531051
L-IFG→L-mPFC,DMN→DMN,Kraków,eyes open,theta,0.0278942469585241
L-IFG→R-mPFC,DMN→DMN,Kraków,eyes open,theta,0.1952597287096687
L-IFG→L-aSTG,DMN→DMN,Kraków,eyes open,theta,0.03839561051938023
L-IFG→R-aSTG,DMN→DMN,Kraków,eyes open,theta,0.004995568398697364
L-IFG→L-PREC,DMN→DMN,Kraków,eyes open,theta,-0.1796337737813433
L-IFG→R-PREC,DMN→DMN,Kraków,eyes open,theta,-0.15062893357603013
L-IFG→L-ANG,DMN→DMN,Kraków,eyes open,theta,-0.17425700158795646
L-IFG→R-ANG,DMN→DMN,Kraków,eyes open,theta,0.10018889955165268
L-IFG→L-SFG,DMN→CEN,Kraków,eyes open,theta,-0.3414662359346833
L-IFG→R-SFG,DMN→CEN,Kraków,eyes open,theta,0.27981261000203217
L-IFG→L-pSTG,DMN→CEN,Kraków,eyes open,theta,0.29010016836865066
L-IFG→R-pSTG,DMN→CEN,Kraków,eyes open,theta,-0.1710797845536603
L-IFG→L-ITG,DMN→CEN,Kraków,eyes open,theta,0.16984932555571033
L-IFG→R-ITG,DMN→CEN,Kraków,eyes open,theta,-0.260896671444332
L-IFG→L-SUP,DMN→CEN,Kraków,eyes open,theta,0.1259779557864373
L-IFG→R-SUP,DMN→CEN,Kraków,eyes open,theta,-0.1687391992448887
R-IFG→L-ACC,CEN→SN,Kraków,eyes open,theta,-0.12804983847550624
R-IFG→R-ACC,CEN→SN,Kraków,eyes open,theta,-0.2703274367816243
R-IFG→L-INS,CEN→SN,Kraków,eyes open,theta,0.15865644807690413
R-IFG→R-INS,CEN→SN,Kraków,eyes open,theta,0.21341639745917704
R-IFG→L-IFG,CEN→DMN,Kraków,eyes open,theta,0.14487148356222354
R-IFG→L-mPFC,CEN→DMN,Kraków,eyes open,theta,-0.026048073564864858
R-IFG→R-mPFC,CEN→DMN,Kraków,eyes open,theta,-0.03996454718957891
R-IFG→L-aSTG,CEN→DMN,Kraków,eyes open,theta,0.24187191712040068
R-IFG→R-aSTG,CEN→DMN,Kraków,eyes open,theta,-0.09448346683982797
R-IFG→L-PREC,CEN→DMN,Kraków,eyes open,theta,-0.07493352598046045
R-IFG→R-PREC,CEN→DMN,Kraków,eyes open,theta,-0.08761624744545451
R-IFG→L-ANG,CEN→DMN,Kraków,eyes open,theta,0.03691169983481941
R-IFG→R-ANG,CEN→DMN,Kraków,eyes open,theta,0.1505158063099208
R-IFG→L-SFG,CEN→CEN,Kraków,eyes open,theta,0.109902504771342
R-IFG→R-SFG,CEN→CEN,Kraków,eyes open,theta,0.06298897789321865
R-IFG→L-pSTG,CEN→CEN,Kraków,eyes open,theta,0.04995568398697364
R-IFG→R-pSTG,CEN→CEN,Kraków,eyes open,theta,-0.1371005993864721
R-IFG→L-ITG,CEN→CEN,Kraków,eyes open,theta,0.08368274087557231
R-IFG→R-ITG,CEN→CEN,Kraków,eyes open,theta,-0.4712333308552824
R-IFG→L-SUP,CEN→CEN,Kraków,eyes open,theta,-0.12550435444889432
R-IFG→R-SUP,CEN→CEN,Kraków,eyes open,theta,-0.18983159915049982
L-mPFC→L-ACC,DMN→SN,Kraków,eyes open,theta,0.14541781687061126
L-mPFC→R-ACC,DMN→SN,Kraków,eyes open,theta,0.08288023407002454
L-mPFC→L-INS,DMN→SN,Kraków,eyes open,theta,0.5589485974986939
L-mPFC→R-INS,DMN→SN,Kraków,eyes open,theta,0.002368006687714987
L-mPFC→L-IFG,DMN→DMN,Kraków,eyes open,theta,0.27975183032705236
L-mPFC→R-IFG,DMN→CEN,Kraków,eyes open,theta,-0.035520100315724806
L-mPFC→R-mPFC,DMN→DMN,Kraków,eyes open,theta,-0.19654455508034394
L-mPFC→L-aSTG,DMN→DMN,Kraków,eyes open,theta,0.026048073564864858
L-mPFC→R-aSTG,DMN→DMN,Kraków,eyes open,theta,-0.004995568398697364
L-mPFC→L-PREC,DMN→DMN,Kraków,eyes open,theta,-0.02497784199348682
L-mPFC→R-PREC,DMN→DMN,Kraków,eyes open,theta,-0.10798110495980341
L-mPFC→L-ANG,DMN→DMN,Kraków,eyes open,theta,0.13279242508571018
L-mPFC→R-ANG,DMN→DMN,Kraków,eyes open,theta,0.21075259520663386
L-mPFC→L-SFG,DMN→CEN,Kraków,eyes open,theta,0.017996850826633902
L-mPFC→R-SFG,DMN→CEN,Kraków,eyes open,theta,-0.07814422069459458
L-mPFC→L-pSTG,DMN→CEN,Kraków,eyes open,theta,0.28345040051948395
L-mPFC→R-pSTG,DMN→CEN,Kraków,eyes open,theta,-0.14397480661307122
L-mPFC→L-ITG,DMN→CEN,Kraków,eyes open,theta,0.5317312246220784
L-mPFC→R-ITG,DMN→CEN,Kraków,eyes open,theta,-0.005273099976402772
L-mPFC→L-SUP,DMN→CEN,Kraków,eyes open,theta,0.052168452712243275
L-mPFC→R-SUP,DMN→CEN,Kraków,eyes open,theta,-0.07270890843530563
R-mPFC→L-ACC,DMN→SN,Kraków,eyes open,theta,0.3130107162734597
R-mPFC→R-ACC,DMN→SN,Kraków,eyes open,theta,0.08288023407002454
R-mPFC→L-INS,DMN→SN,Kraków,eyes open,theta,0.3849406080276326
R-mPFC→R-INS,DMN→SN,Kraków,eyes open,theta,0.1498670519609209
R-mPFC→L-IFG,DMN→DMN,Kraków,eyes open,theta,0.5096412389090301
R-mPFC→R-IFG,DMN→CEN,Kraków,eyes open,theta,0.15176277152652592
R-mPFC→L-mPFC,DMN→DMN,Kraków,eyes open,theta,0.054951252385671
R-mPFC→L-aSTG,DMN→DMN,Kraków,eyes open,theta,0.19510469912690256
R-mPFC→R-aSTG,DMN→DMN,Kraków,eyes open,theta,0.39964547189578914
R-mPFC→L-PREC,DMN→DMN,Kraków,eyes open,theta,0.14764679933927763
R-mPFC→R-PREC,DMN→DMN,Kraków,eyes open,theta,0.06694619270045785
R-mPFC→L-ANG,DMN→DMN,Kraków,eyes open,theta,0.03163859985841663
R-mPFC→R-ANG,DMN→DMN,Kraków,eyes open,theta,-0.00792188454262741
R-mPFC→L-SFG,DMN→CEN,Kraków,eyes open,theta,0.17073311796734164
R-mPFC→R-SFG,DMN→CEN,Kraków,eyes open,theta,0.026048073564864858
R-mPFC→L-pSTG,DMN→CEN,Kraków,eyes open,theta,0.013203140904379018
R-mPFC→R-pSTG,DMN→CEN,Kraków,eyes open,theta,-0.1304771684930958
R-mPFC→L-ITG,DMN→CEN,Kraków,eyes open,theta,0.18483603075180247
R-mPFC→R-ITG,DMN→CEN,Kraków,eyes open,theta,-0.07382339966963881
R-mPFC→L-SUP,DMN→CEN,Kraków,eyes open,theta,0.14227759830611802
R-mPFC→R-SUP,DMN→CEN,Kraków,eyes open,theta,0.12128129945726378
L-aSTG→L-ACC,DMN→SN,Kraków,eyes open,theta,0.32783944366547735
L-aSTG→R-ACC,DMN→SN,Kraków,eyes open,theta,0.12128129945726378
L-aSTG→L-INS,DMN→SN,Kraków,eyes open,theta,0.4046410402944865
L-aSTG→R-INS,DMN→SN,Kraków,eyes open,theta,0.03432816635138545
L-aSTG→L-IFG,DMN→DMN,Kraków,eyes open,theta,0.2231539756681928
L-aSTG→R-IFG,DMN→CEN,Kraków,eyes open,theta,0.03996454718957891
L-aSTG→L-mPFC,DMN→DMN,Kraków,eyes open,theta,0.09235226082088449
L-aSTG→R-mPFC,DMN→DMN,Kraków,eyes open,theta,0.17852318053455424
L-aSTG→R-aSTG,DMN→DMN,Kraków,eyes open,theta,0.2845213189769458
L-aSTG→L-PREC,DMN→DMN,Kraków,eyes open,theta,0.2956790177603555
L-aSTG→R-PREC,DMN→DMN,Kraków,eyes open,theta,-0.27556318367142246
L-aSTG→L-ANG,DMN→DMN,Kraków,eyes open,theta,0.15486262035961829
L-aSTG→R-ANG,DMN→DMN,Kraków,eyes open,theta,0.26866419770378697
L-aSTG→L-SFG,DMN→CEN,Kraków,eyes open,theta,0.18983159915049982
L-aSTG→R-SFG,DMN→CEN,Kraków,eyes open,theta,0.24661450373060462
L-aSTG→L-pSTG,DMN→CEN,Kraków,eyes open,theta,0.08098582871985255
L-aSTG→R-pSTG,DMN→CEN,Kraków,eyes open,theta,0.05994682078436837
L-aSTG→L-ITG,DMN→CEN,Kraków,eyes open,theta,0.17928539919769426
L-aSTG→R-ITG,DMN→CEN,Kraków,eyes open,theta,-0.12488920996743409
L-aSTG→L-SUP,DMN→CEN,Kraków,eyes open,theta,-0.04995568398697364
L-aSTG→R-SUP,DMN→CEN,Kraków,eyes open,theta,0.3082681296632558
R-aSTG→L-ACC,DMN→SN,Kraków,eyes open,theta,0.11856466525509837
R-aSTG→R-ACC,DMN→SN,Kraków,eyes open,theta,-0.07252504209216266
R-aSTG→L-INS,DMN→SN,Kraków,eyes open,theta,0.11697953037312035
R-aSTG→R-INS,DMN→SN,Kraków,eyes open,theta,-0.134672037224666
R-aSTG→L-IFG,DMN→DMN,Kraków,eyes open,theta,-0.060734448160143485
R-aSTG→R-IFG,DMN→CEN,Kraków,eyes open,theta,0.060734448160143485
R-aSTG→L-mPFC,DMN→DMN,Kraków,eyes open,theta,0.04489067907488867
R-aSTG→R-mPFC,DMN→DMN,Kraków,eyes open,theta,0.052168452712243275
R-aSTG→L-aSTG,DMN→DMN,Kraków,eyes open,theta,0.27894246958524105
R-aSTG→L-PREC,DMN→DMN,Kraków,eyes open,theta,-0.11382207864489444
R-aSTG→R-PREC,DMN→DMN,Kraków,eyes open,theta,0.011840033438574935
R-aSTG→L-ANG,DMN→DMN,Kraków,eyes open,theta,-0.12831353600921086
R-aSTG→R-ANG,DMN→DMN,Kraków,eyes open,theta,0.047046940752256586
R-aSTG→L-SFG,DMN→CEN,Kraków,eyes open,theta,0.2805734233745392
R-aSTG→R-SFG,DMN→CEN,Kraków,eyes open,theta,0.05994682078436837
R-aSTG→L-pSTG,DMN→CEN,Kraków,eyes open,theta,-0.09235226082088449
R-aSTG→R-pSTG,DMN→CEN,Kraków,eyes open,theta,0.017996850826633902
R-aSTG→L-ITG,DMN→CEN,Kraków,eyes open,theta,-0.06993795758176309
R-aSTG→R-ITG,DMN→CEN,Kraków,eyes open,theta,-0.30972524071923657
R-aSTG→L-SUP,DMN→CEN,Kraków,eyes open,theta,-0.37966319830099965
R-aSTG→R-SUP,DMN→CEN,Kraków,eyes open,theta,0.09242198633065313
L-PREC→L-ACC,DMN→SN,Kraków,eyes open,theta,0.04499212706658475
L-PREC→R-ACC,DMN→SN,Kraków,eyes open,theta,0.014986705196092092
L-PREC→L-INS,DMN→SN,Kraków,eyes open,theta,0.015819299929208316
L-PREC→R-INS,DMN→SN,Kraków,eyes open,theta,-0.17996850826633903
L-PREC→L-IFG,DMN→DMN,Kraków,eyes open,theta,-0.10656030094717442
L-PREC→R-IFG,DMN→CEN,Kraków,eyes open,theta,-0.2323867438999928
L-PREC→L-mPFC,DMN→DMN,Kraków,eyes open,theta,-0.02845551966122361
L-PREC→R-mPFC,DMN→DMN,Kraków,eyes open,theta,0.13686382764292823
L-PREC→L-aSTG,DMN→DMN,Kraków,eyes open,theta,0.026365499882013862
L-PREC→R-aSTG,DMN→DMN,Kraków,eyes open,theta,-0.2109239990561109
L-PREC→R-PREC,DMN→DMN,Kraków,eyes open,theta,-0.01657604681400491
L-PREC→L-ANG,DMN→DMN,Kraków,eyes open,theta,0.1633924614523341
L-PREC→R-ANG,DMN→DMN,Kraków,eyes open,theta,0.12988477836613146
L-PREC→L-SFG,DMN→CEN,Kraków,eyes open,theta,-0.13971239457518422
L-PREC→R-SFG,DMN→CEN,Kraków,eyes open,theta,-0.017996850826633902
L-PREC→L-pSTG,DMN→CEN,Kraków,eyes open,theta,-0.32723847610407153
L-PREC→R-pSTG,DMN→CEN,Kraków,eyes open,theta,-0.08548504142651103
L-PREC→L-ITG,DMN→CEN,Kraków,eyes open,theta,0.053990552479901706
L-PREC→R-ITG,DMN→CEN,Kraków,eyes open,theta,-0.02131206018943488
L-PREC→L-SUP,DMN→CEN,Kraków,eyes open,theta,0.256140933544953
L-PREC→R-SUP,DMN→CEN,Kraków,eyes open,theta,-0.03078408694029483
R-PREC→L-ACC,DMN→SN,Kraków,eyes open,theta,0.04499212706658476
R-PREC→R-ACC,DMN→SN,Kraków,eyes open,theta,0.2086738108489731
R-PREC→L-INS,DMN→SN,Kraków,eyes open,theta,0.06748819059987714
R-PREC→R-INS,DMN→SN,Kraków,eyes open,theta,0.10907949203469051
R-PREC→L-IFG,DMN→DMN,Kraków,eyes open,theta,0.021092399905611087
R-PREC→R-IFG,DMN→CEN,Kraków,eyes open,theta,0.1612479447469338
R-PREC→L-mPFC,DMN→DMN,Kraków,eyes open,theta,-0.1484740193197297
R-PREC→R-mPFC,DMN→DMN,Kraków,eyes open,theta,0.07270890843530563
R-PREC→L-aSTG,DMN→DMN,Kraków,eyes open,theta,0.22290157067958494
R-PREC→R-aSTG,DMN→DMN,Kraków,eyes open,theta,0.23951169837512443
R-PREC→L-PREC,DMN→DMN,Kraków,eyes open,theta,0.26558485017142036
R-PREC→L-ANG,DMN→DMN,Kraków,eyes open,theta,0.013497638119975426
R-PREC→R-ANG,DMN→DMN,Kraków,eyes open,theta,-0.0071040200631449614
R-PREC→L-SFG,DMN→CEN,Kraków,eyes open,theta,0.4126050350877423
R-PREC→R-SFG,DMN→CEN,Kraków,eyes open,theta,0.15486262035961829
R-PREC→L-pSTG,DMN→CEN,Kraków,eyes open,theta,0.4218479981122218
R-PREC→R-pSTG,DMN→CEN,Kraków,eyes open,theta,-0.051323935366098083
R-PREC→L-ITG,DMN→CEN,Kraków,eyes open,theta,0.01673654817511446
R-PREC→R-ITG,DMN→CEN,Kraków,eyes open,theta,-0.16107831903342404
R-PREC→L-SUP,DMN→CEN,Kraków,eyes open,theta,0.116008199480861
R-PREC→R-SUP,DMN→CEN,Kraków,eyes open,theta,0.025661967683049042
L-ANG→L-ACC,DMN→SN,Kraków,eyes open,theta,0.14487148356222354
L-ANG→R-ACC,DMN→SN,Kraków,eyes open,theta,0.042184799811222175
L-ANG→L-INS,DMN→SN,Kraków,eyes open,theta,0.2647651251309603
L-ANG→R-INS,DMN→SN,Kraków,eyes open,theta,0.011840033438574935
L-ANG→L-IFG,DMN→DMN,Kraków,eyes open,theta,-0.08536655898367082
L-ANG→R-IFG,DMN→CEN,Kraków,eyes open,theta,0.04496011558827628
L-ANG→L-mPFC,DMN→DMN,Kraków,eyes open,theta,-0.13279242508571018
L-ANG→R-mPFC,DMN→DMN,Kraków,eyes open,theta,0.2012805684557739
L-ANG→L-aSTG,DMN→DMN,Kraków,eyes open,theta,0.06494238918306573
L-ANG→R-aSTG,DMN→DMN,Kraków,eyes open,theta,0.0071040200631449614
L-ANG→L-PREC,DMN→DMN,Kraków,eyes open,theta,-0.0026406281808758034
L-ANG→R-PREC,DMN→DMN,Kraków,eyes open,theta,-0.2086738108489731
L-ANG→R-ANG,DMN→DMN,Kraków,eyes open,theta,0.06393618056830465
L-ANG→L-SFG,DMN→CEN,Kraków,eyes open,theta,-0.24478285153617083
L-ANG→R-SFG,DMN→CEN,Kraków,eyes open,theta,-0.10182428757174444
L-ANG→L-pSTG,DMN→CEN,Kraków,eyes open,theta,-0.0544641538174447
L-ANG→R-pSTG,DMN→CEN,Kraków,eyes open,theta,-0.09491579957524991
L-ANG→L-ITG,DMN→CEN,Kraków,eyes open,theta,0.2719847026302078
L-ANG→R-ITG,DMN→CEN,Kraków,eyes open,theta,-0.3464365637211621
L-ANG→L-SUP,DMN→CEN,Kraków,eyes open,theta,0.02845551966122361
L-ANG→R-SUP,DMN→CEN,Kraków,eyes open,theta,-0.2912648225889434
R-ANG→L-ACC,DMN→SN,Kraków,eyes open,theta,-0.09746578054919597
R-ANG→R-ACC,DMN→SN,Kraków,eyes open,theta,-0.12831353600921086
R-ANG→L-INS,DMN→SN,Kraków,eyes open,theta,-0.1444484079506142
R-ANG→R-INS,DMN→SN,Kraków,eyes open,theta,-0.3347030827127233
R-ANG→L-IFG,DMN→DMN,Kraków,eyes open,theta,-0.034968978790881546
R-ANG→R-IFG,DMN→CEN,Kraków,eyes open,theta,-0.04496011558827628
R-ANG→L-mPFC,DMN→DMN,Kraków,eyes open,theta,-0.2231539756681928
R-ANG→R-mPFC,DMN→DMN,Kraków,eyes open,theta,-0.18983159915049982
R-ANG→L-aSTG,DMN→DMN,Kraków,eyes open,theta,-0.20969910360584587
R-ANG→R-aSTG,DMN→DMN,Kraków,eyes open,theta,0.134672037224666
R-ANG→L-PREC,DMN→DMN,Kraków,eyes open,theta,0.026995276239950853
R-ANG→R-PREC,DMN→DMN,Kraków,eyes open,theta,-0.013203140904379018
R-ANG→L-ANG,DMN→DMN,Kraków,eyes open,theta,-0.30144725134611783
R-ANG→L-SFG,DMN→CEN,Kraków,eyes open,theta,-0.07814422069459458
R-ANG→R-SFG,DMN→CEN,Kraków,eyes open,theta,-0.3511541210562995
R-ANG→L-pSTG,DMN→CEN,Kraków,eyes open,theta,-0.3723285735034883
R-ANG→R-pSTG,DMN→CEN,Kraków,eyes open,theta,-0.37940692881631477
R-ANG→L-ITG,DMN→CEN,Kraków,eyes open,theta,-0.15486262035961829
R-ANG→R-ITG,DMN→CEN,Kraków,eyes open,theta,-0.21480944114398665
R-ANG→L-SUP,DMN→CEN,Kraków,eyes open,theta,-0.1112963143226044
R-ANG→R-SUP,DMN→CEN,Kraków,eyes open,theta,-0.1302403678243243
L-SFG→L-ACC,CEN→SN,Kraków,eyes open,theta,0.2997341039218418
L-SFG→R-ACC,CEN→SN,Kraków,eyes open,theta,0.03347309635022892
L-SFG→L-INS,CEN→SN,Kraków,eyes open,theta,-0.08288023407002454
L-SFG→R-INS,CEN→SN,Kraków,eyes open,theta,-0.07814422069459458
L-SFG→L-IFG,CEN→DMN,Kraków,eyes open,theta,-0.09485173220407869
L-SFG→R-IFG,CEN→CEN,Kraków,eyes open,theta,0.1329078825670854
L-SFG→L-mPFC,CEN→DMN,Kraków,eyes open,theta,-0.09991136797394728
L-SFG→R-mPFC,CEN→DMN,Kraków,eyes open,theta,-0.20332836992743689
L-SFG→L-aSTG,CEN→DMN,Kraków,eyes open,theta,0.12488920996743409
L-SFG→R-aSTG,CEN→DMN,Kraków,eyes open,theta,0.31472080911793393
L-SFG→L-PREC,CEN→DMN,Kraków,eyes open,theta,0.2847473987257497
L-SFG→R-PREC,CEN→DMN,Kraków,eyes open,theta,0.11603232769803436
L-SFG→L-ANG,CEN→DMN,Kraków,eyes open,theta,-0.04496011558827628
L-SFG→R-ANG,CEN→DMN,Kraków,eyes open,theta,0.11603232769803436
L-SFG→R-SFG,CEN→CEN,Kraków,eyes open,theta,-0.04463079513363856
L-SFG→L-pSTG,CEN→CEN,Kraków,eyes open,theta,0.0557884939170482
L-SFG→R-pSTG,CEN→CEN,Kraków,eyes open,theta,-0.35093859111936104
L-SFG→L-ITG,CEN→CEN,Kraków,eyes open,theta,-0.116008199480861
L-SFG→R-ITG,CEN→CEN,Kraków,eyes open,theta,-0.2533767155855036
L-SFG→L-SUP,CEN→CEN,Kraków,eyes open,theta,0.014986705196092092
L-SFG→R-SUP,CEN→CEN,Kraków,eyes open,theta,0.009991136797394728
R-SFG→L-ACC,CEN→SN,Kraków,eyes open,theta,0.0641549192076226
R-SFG→R-ACC,CEN→SN,Kraków,eyes open,theta,0.18983159915049982
R-SFG→L-INS,CEN→SN,Kraków,eyes open,theta,0.30547286271523333
R-SFG→R-INS,CEN→SN,Kraków,eyes open,theta,0.035993701653267804
R-SFG→L-IFG,CEN→DMN,Kraków,eyes open,theta,0.14969481148445277
R-SFG→R-IFG,CEN→CEN,Kraków,eyes open,theta,-0.034968978790881546
R-SFG→L-mPFC,CEN→DMN,Kraków,eyes open,theta,-0.1293907808629144
R-SFG→R-mPFC,CEN→DMN,Kraków,eyes open,theta,0.06867219394373462
R-SFG→L-aSTG,CEN→DMN,Kraków,eyes open,theta,0.07198740330653561
R-SFG→R-aSTG,CEN→DMN,Kraków,eyes open,theta,0.09770324269240473
R-SFG→L-PREC,CEN→DMN,Kraków,eyes open,theta,0.035993701653267804
R-SFG→R-PREC,CEN→DMN,Kraków,eyes open,theta,-0.02497784199348682
R-SFG→L-ANG,CEN→DMN,Kraków,eyes open,theta,-0.034968978790881546
R-SFG→R-ANG,CEN→DMN,Kraków,eyes open,theta,0.11354701177765956
R-SFG→L-SFG,CEN→CEN,Kraków,eyes open,theta,0.03421595691073206
R-SFG→L-pSTG,CEN→CEN,Kraków,eyes open,theta,-0.03149448894660933
R-SFG→R-pSTG,CEN→CEN,Kraków,eyes open,theta,0.11382207864489444
R-SFG→L-ITG,CEN→CEN,Kraków,eyes open,theta,0.13497638119975428
R-SFG→R-ITG,CEN→CEN,Kraków,eyes open,theta,-0.08098582871985255
R-SFG→L-SUP,CEN→CEN,Kraków,eyes open,theta,0.009991136797394728
R-SFG→R-SUP,CEN→CEN,Kraków,eyes open,theta,0.22290157067958494
L-pSTG→L-ACC,CEN→SN,Kraków,eyes open,theta,-0.2060165818312039
L-pSTG→R-ACC,CEN→SN,Kraków,eyes open,theta,0.21917213901269172
L-pSTG→L-INS,CEN→SN,Kraków,eyes open,theta,-0.03691169983481941
L-pSTG→R-INS,CEN→SN,Kraków,eyes open,theta,0.10599813844239159
L-pSTG→L-IFG,CEN→DMN,Kraków,eyes open,theta,0.3960983068110422
L-pSTG→R-IFG,CEN→CEN,Kraków,eyes open,theta,-0.00557884939170482
L-pSTG→L-mPFC,CEN→DMN,Kraków,eyes open,theta,0.20693222548927934
L-pSTG→R-mPFC,CEN→DMN,Kraków,eyes open,theta,-0.0901843146561019
L-pSTG→L-aSTG,CEN→DMN,Kraków,eyes open,theta,-0.16791512356486687
L-pSTG→R-aSTG,CEN→DMN,Kraków,eyes open,theta,0.17294433114284943
L-pSTG→L-PREC,CEN→DMN,Kraków,eyes open,theta,-0.30125786715206027
L-pSTG→R-PREC,CEN→DMN,Kraków,eyes open,theta,-0.06494238918306573
L-pSTG→L-ANG,CEN→DMN,Kraków,eyes open,theta,-0.18983159915049982
L-pSTG→R-ANG,CEN→DMN,Kraków,eyes open,theta,0.019982273594789456
L-pSTG→L-SFG,CEN→CEN,Kraków,eyes open,theta,-0.026365499882013862
L-pSTG→R-SFG,CEN→CEN,Kraków,eyes open,theta,-0.08185947360714992
L-pSTG→R-pSTG,CEN→CEN,Kraków,eyes open,theta,-0.14505008418432533
L-pSTG→L-ITG,CEN→CEN,Kraków,eyes open,theta,0.014986705196092092
L-pSTG→R-ITG,CEN→CEN,Kraków,eyes open,theta,-0.26220592141012655
L-pSTG→L-SUP,CEN→CEN,Kraków,eyes open,theta,0.09959431881428263
L-pSTG→R-SUP,CEN→CEN,Kraków,eyes open,theta,0.03432816635138545
R-pSTG→L-ACC,CEN→SN,Kraków,eyes open,theta,0.3149448894660933
R-pSTG→R-ACC,CEN→SN,Kraków,eyes open,theta,0.14969481148445277
R-pSTG→L-INS,CEN→SN,Kraków,eyes open,theta,0.45459672428146014
R-pSTG→R-INS,CEN→SN,Kraków,eyes open,theta,0.18455849917409703
R-pSTG→L-IFG,CEN→DMN,Kraków,eyes open,theta,0.18707252832948398
R-pSTG→R-IFG,CEN→CEN,Kraków,eyes open,theta,0.24745669886621613
R-pSTG→L-mPFC,CEN→DMN,Kraków,eyes open,theta,0.04489067907488867
R-pSTG→R-mPFC,CEN→DMN,Kraków,eyes open,theta,0.2924488259328009
R-pSTG→L-aSTG,CEN→DMN,Kraków,eyes open,theta,0.21075259520663386
R-pSTG→R-aSTG,CEN→DMN,Kraków,eyes open,theta,0.4673911880150173
R-pSTG→L-PREC,CEN→DMN,Kraków,eyes open,theta,0.2647651251309603
R-pSTG→R-PREC,CEN→DMN,Kraków,eyes open,theta,0.5962185246708959
R-pSTG→L-ANG,CEN→DMN,Kraków,eyes open,theta,0.37760982986523994
R-pSTG→R-ANG,CEN→DMN,Kraków,eyes open,theta,0.19444605101836132
R-pSTG→L-SFG,CEN→CEN,Kraków,eyes open,theta,0.20040958812467086
R-pSTG→R-SFG,CEN→CEN,Kraków,eyes open,theta,0.18707252832948398
R-pSTG→L-pSTG,CEN→CEN,Kraków,eyes open,theta,0.28649032464460633
R-pSTG→L-ITG,CEN→CEN,Kraków,eyes open,theta,0.217575126276488
R-pSTG→R-ITG,CEN→CEN,Kraków,eyes open,theta,0.12550435444889432
R-pSTG→L-SUP,CEN→CEN,Kraków,eyes open,theta,0.16680278993981879
R-pSTG→R-SUP,CEN→CEN,Kraków,eyes open,theta,-0.12804983847550624
L-ITG→L-ACC,CEN→SN,Kraków,eyes open,theta,0.0765782172453983
L-ITG→R-ACC,CEN→SN,Kraków,eyes open,theta,-0.2039312242387692
L-ITG→L-INS,CEN→SN,Kraków,eyes open,theta,-0.15392043470147415
L-ITG→R-INS,CEN→SN,Kraków,eyes open,theta,0.2566270720184217
L-ITG→L-IFG,CEN→DMN,Kraków,eyes open,theta,0.00948517322040787
L-ITG→R-IFG,CEN→CEN,Kraków,eyes open,theta,0.2689280987965414
L-ITG→L-mPFC,CEN→DMN,Kraków,eyes open,theta,0.09770324269240473
L-ITG→R-mPFC,CEN→DMN,Kraków,eyes open,theta,-0.03078408694029483
L-ITG→L-aSTG,CEN→DMN,Kraków,eyes open,theta,-0.051323935366098083
L-ITG→R-aSTG,CEN→DMN,Kraków,eyes open,theta,0.109902504771342
L-ITG→L-PREC,CEN→DMN,Kraków,eyes open,theta,0.12488920996743409
L-ITG→R-PREC,CEN→DMN,Kraków,eyes open,theta,-0.16107831903342404
L-ITG→L-ANG,CEN→DMN,Kraków,eyes open,theta,0.00557884939170482
L-ITG→R-ANG,CEN→DMN,Kraków,eyes open,theta,0.11194341570991125
L-ITG→L-SFG,CEN→CEN,Kraków,eyes open,theta,0.058489765186560176
L-ITG→R-SFG,CEN→CEN,Kraków,eyes open,theta,-0.2647651251309603
L-ITG→L-pSTG,CEN→CEN,Kraków,eyes open,theta,0.2086738108489731
L-ITG→R-pSTG,CEN→CEN,Kraków,eyes open,theta,-0.1844677209729975
L-ITG→R-ITG,CEN→CEN,Kraków,eyes open,theta,0.19197805259690115
L-ITG→L-SUP,CEN→CEN,Kraków,eyes open,theta,0.11073509950445821
L-ITG→R-SUP,CEN→CEN,Kraków,eyes open,theta,0.34588866228569887
R-ITG→L-ACC,CEN→SN,Kraków,eyes open,theta,0.26545354969285007
R-ITG→R-ACC,CEN→SN,Kraków,eyes open,theta,0.5029673851018478
R-ITG→L-INS,CEN→SN,Kraków,eyes open,theta,0.4647734877999856
R-ITG→R-INS,CEN→SN,Kraków,eyes open,theta,0.08126289766298865
R-ITG→L-IFG,CEN→DMN,Kraków,eyes open,theta,0.09448346683982797
R-ITG→R-IFG,CEN→CEN,Kraków,eyes open,theta,0.16485375715701298
R-ITG→L-mPFC,CEN→DMN,Kraków,eyes open,theta,0.3414662359346833
R-ITG→R-mPFC,CEN→DMN,Kraków,eyes open,theta,0.13497638119975428
R-ITG→L-aSTG,CEN→DMN,Kraków,eyes open,theta,-0.013497638119975426
R-ITG→R-aSTG,CEN→DMN,Kraków,eyes open,theta,0.08492466277785517
R-ITG→L-PREC,CEN→DMN,Kraków,eyes open,theta,0.4851251978290551
R-ITG→R-PREC,CEN→DMN,Kraków,eyes open,theta,0.22945984803958225
R-ITG→L-ANG,CEN→DMN,Kraków,eyes open,theta,-0.040492914359926274
R-ITG→R-ANG,CEN→DMN,Kraków,eyes open,theta,0.37466434220611083
R-ITG→L-SFG,CEN→CEN,Kraków,eyes open,theta,0.28794961322614243
R-ITG→R-SFG,CEN→CEN,Kraków,eyes open,theta,0.12804983847550624
R-ITG→L-pSTG,CEN→CEN,Kraków,eyes open,theta,0.11354701177765956
R-ITG→R-pSTG,CEN→CEN,Kraków,eyes open,theta,0.14227759830611802
R-ITG→L-ITG,CEN→CEN,Kraków,eyes open,theta,0.15747244473304664
R-ITG→L-SUP,CEN→CEN,Kraków,eyes open,theta,0.06494238918306573
R-ITG→R-SUP,CEN→CEN,Kraków,eyes open,theta,0.0580040997404305
L-SUP→L-ACC,CEN→SN,Kraków,eyes open,theta,0.0
L-SUP→R-ACC,CEN→SN,Kraków,eyes open,theta,-0.17073311796734164
L-SUP→L-INS,CEN→SN,Kraków,eyes open,theta,0.09898267954648646
L-SUP→R-INS,CEN→SN,Kraków,eyes open,theta,0.19804711356568527
L-SUP→L-IFG,CEN→DMN,Kraków,eyes open,theta,0.40602869818301346
L-SUP→R-IFG,CEN→CEN,Kraków,eyes open,theta,-0.2071042173948785
L-SUP→L-mPFC,CEN→DMN,Kraków,eyes open,theta,0.2997341039218418
L-SUP→R-mPFC,CEN→DMN,Kraków,eyes open,theta,-0.15486262035961829
L-SUP→L-aSTG,CEN→DMN,Kraków,eyes open,theta,-0.05920016719287467
L-SUP→R-aSTG,CEN→DMN,Kraków,eyes open,theta,0.18970346440815739
L-SUP→L-PREC,CEN→DMN,Kraków,eyes open,theta,0.1687391992448887
L-SUP→R-PREC,CEN→DMN,Kraków,eyes open,theta,0.14487148356222354
L-SUP→L-ANG,CEN→DMN,Kraków,eyes open,theta,-0.11989364156873673
L-SUP→R-ANG,CEN→DMN,Kraków,eyes open,theta,0.24256259891452756
L-SUP→L-SFG,CEN→CEN,Kraków,eyes open,theta,-0.34030981289399403
L-SUP→R-SFG,CEN→CEN,Kraków,eyes open,theta,-0.14505008418432533
L-SUP→L-pSTG,CEN→CEN,Kraków,eyes open,theta,0.10546199952805545
L-SUP→R-pSTG,CEN→CEN,Kraków,eyes open,theta,-0.29473853552314444
L-SUP→L-ITG,CEN→CEN,Kraków,eyes open,theta,-0.009991136797394728
L-SUP→R-ITG,CEN→CEN,Kraków,eyes open,theta,0.04995568398697364
L-SUP→R-SUP,CEN→CEN,Kraków,eyes open,theta,0.04499212706658476
R-SUP→L-ACC,CEN→SN,Kraków,eyes open,theta,0.21548860858206384
R-SUP→R-ACC,CEN→SN,Kraków,eyes open,theta,-0.06993795758176309
R-SUP→L-INS,CEN→SN,Kraków,eyes open,theta,-0.0544641538174447
R-SUP→R-INS,CEN→SN,Kraków,eyes open,theta,-0.2505119851558386
R-SUP→L-IFG,CEN→DMN,Kraków,eyes open,theta,0.014227759830611805
R-SUP→R-IFG,CEN→CEN,Kraków,eyes open,theta,-0.042184799811222175
R-SUP→L-mPFC,CEN→DMN,Kraków,eyes open,theta,-0.16599053135713773
R-SUP→R-mPFC,CEN→DMN,Kraków,eyes open,theta,-0.15392043470147415
R-SUP→L-aSTG,CEN→DMN,Kraków,eyes open,theta,0.3699217555959069
R-SUP→R-aSTG,CEN→DMN,Kraków,eyes open,theta,-0.1452345499481692
R-SUP→L-PREC,CEN→DMN,Kraków,eyes open,theta,0.182336514954054
R-SUP→R-PREC,CEN→DMN,Kraków,eyes open,theta,0.2354812660464883
R-SUP→L-ANG,CEN→DMN,Kraków,eyes open,theta,-0.09235226082088449
R-SUP→R-ANG,CEN→DMN,Kraków,eyes open,theta,0.2008385781013735
R-SUP→L-SFG,CEN→CEN,Kraków,eyes open,theta,-0.004995568398697364
R-SUP→R-SFG,CEN→CEN,Kraków,eyes open,theta,-0.06867219394373462
R-SUP→L-pSTG,CEN→CEN,Kraków,eyes open,theta,0.11989364156873673
R-SUP→R-pSTG,CEN→CEN,Kraków,eyes open,theta,-0.2789511878128255
R-SUP→L-ITG,CEN→CEN,Kraków,eyes open,theta,-0.14397480661307122
R-SUP→R-ITG,CEN→CEN,Kraków,eyes open,theta,-0.49093874647002417
R-SUP→L-SUP,CEN→CEN,Kraków,eyes open,theta,-0.029973410392184183
L-ACC→R-ACC,SN→SN,Warszawa,eyes closed,alpha,0.1677389875443465
L-ACC→L-INS,SN→SN,Warszawa,eyes closed,alpha,0.05019636681929995
L-ACC→R-INS,SN→SN,Warszawa,eyes closed,alpha,0.10199204770284384
L-ACC→L-IFG,SN→DMN,Warszawa,eyes closed,alpha,0.10547862636016918
L-ACC→R-IFG,SN→CEN,Warszawa,eyes closed,alpha,0.003577823256175765
L-ACC→L-mPFC,SN→DMN,Warszawa,eyes closed,alpha,-0.03995947188605647
L-ACC→R-mPFC,SN→DMN,Warszawa,eyes closed,alpha,0.1347309254003188
L-ACC→L-aSTG,SN→DMN,Warszawa,eyes closed,alpha,0.010957823306917107
L-ACC→R-aSTG,SN→DMN,Warszawa,eyes closed,alpha,0.012318000224220454
L-ACC→L-PREC,SN→DMN,Warszawa,eyes closed,alpha,0.29708998663111547
L-ACC→R-PREC,SN→DMN,Warszawa,eyes closed,alpha,0.10312222550359396
L-ACC→L-ANG,SN→DMN,Warszawa,eyes closed,alpha,0.19662335113779028
L-ACC→R-ANG,SN→DMN,Warszawa,eyes closed,alpha,0.20737876550156328
L-ACC→L-SFG,SN→CEN,Warszawa,eyes closed,alpha,-0.05559578697190465
L-ACC→R-SFG,SN→CEN,Warszawa,eyes closed,alpha,-0.09481535954756656
L-ACC→L-pSTG,SN→CEN,Warszawa,eyes closed,alpha,-0.1575116934972058
L-ACC→R-pSTG,SN→CEN,Warszawa,eyes closed,alpha,0.08842660272375089
L-ACC→L-ITG,SN→CEN,Warszawa,eyes closed,alpha,0.09295623485055544
L-ACC→R-ITG,SN→CEN,Warszawa,eyes closed,alpha,0.3081010006517154
L-ACC→L-SUP,SN→CEN,Warszawa,eyes closed,alpha,-0.03582002957666619
L-ACC→R-SUP,SN→CEN,Warszawa,eyes closed,alpha,-0.008062710168617938
R-ACC→L-ACC,SN→SN,Warszawa,eyes closed,alpha,0.07250586318343324
R-ACC→L-INS,SN→SN,Warszawa,eyes closed,alpha,0.06827566829694505
R-ACC→R-INS,SN→SN,Warszawa,eyes closed,alpha,0.19836323051098034
R-ACC→L-IFG,SN→DMN,Warszawa,eyes closed,alpha,0.02600782433051497
R-ACC→R-IFG,SN→CEN,Warszawa,eyes closed,alpha,0.3112658781274409
R-ACC→L-mPFC,SN→DMN,Warszawa,eyes closed,alpha,0.16605316857405156
R-ACC→R-mPFC,SN→DMN,Warszawa,eyes closed,alpha,-0.14966969666417954
R-ACC→L-aSTG,SN→DMN,Warszawa,eyes closed,alpha,-0.002704580163081261
R-ACC→R-aSTG,SN→DMN,Warszawa,eyes closed,alpha,0.21260680160664472
R-ACC→L-PREC,SN→DMN,Warszawa,eyes closed,alpha,0.25329413975259935
R-ACC→R-PREC,SN→DMN,Warszawa,eyes closed,alpha,0.01585146390669726
R-ACC→L-ANG,SN→DMN,Warszawa,eyes closed,alpha,0.2436348214466397
R-ACC→R-ANG,SN→DMN,Warszawa,eyes closed,alpha,-0.01697702798293506
R-ACC→L-SFG,SN→CEN,Warszawa,eyes closed,alpha,-0.07018362291689512
R-ACC→R-SFG,SN→CEN,Warszawa,eyes closed,alpha,-0.09265393735129752
R-ACC→L-pSTG,SN→CEN,Warszawa,eyes closed,alpha,-0.04746896094609881
R-ACC→R-pSTG,SN→CEN,Warszawa,eyes closed,alpha,0.11154748182066655
R-ACC→L-ITG,SN→CEN,Warszawa,eyes closed,alpha,-0.07651667097285499
R-ACC→R-ITG,SN→CEN,Warszawa,eyes closed,alpha,0.08622779225620404
R-ACC→L-SUP,SN→CEN,Warszawa,eyes closed,alpha,-0.08614023749225726
R-ACC→R-SUP,SN→CEN,Warszawa,eyes closed,alpha,0.11496800209272423
L-INS→L-ACC,SN→SN,Warszawa,eyes closed,alpha,-0.10070952131447794
L-INS→R-ACC,SN→SN,Warszawa,eyes closed,alpha,0.07991894377211294
L-INS→R-INS,SN→SN,Warszawa,eyes closed,alpha,0.1375752275788221
L-INS→L-IFG,SN→DMN,Warszawa,eyes closed,alpha,-0.029625537928794753
L-INS→R-IFG,SN→CEN,Warszawa,eyes closed,alpha,0.09536202254522155
L-INS→L-mPFC,SN→DMN,Warszawa,eyes closed,alpha,0.13941429613550474
L-INS→R-mPFC,SN→DMN,Warszawa,eyes closed,alpha,0.0813595521186466
L-INS→L-aSTG,SN→DMN,Warszawa,eyes closed,alpha,-0.14289965353889236
L-INS→R-aSTG,SN→DMN,Warszawa,eyes closed,alpha,0.2968973279007439
L-INS→L-PREC,SN→DMN,Warszawa,eyes closed,alpha,0.11413745748974166
L-INS→R-PREC,SN→DMN,Warszawa,eyes closed,alpha,-0.05917058335901571
L-INS→L-ANG,SN→DMN,Warszawa,eyes closed,alpha,0.006528709108548383
L-INS→R-ANG,SN→DMN,Warszawa,eyes closed,alpha,0.21005572599931127
L-INS→L-SFG,SN→CEN,Warszawa,eyes closed,alpha,-0.08176222005930457
L-INS→R-SFG,SN→CEN,Warszawa,eyes closed,alpha,0.0034747366857440405
L-INS→L-pSTG,SN→CEN,Warszawa,eyes closed,alpha,-0.06796446936605856
L-INS→R-pSTG,SN→CEN,Warszawa,eyes closed,alpha,0.09853360894158879
L-INS→L-ITG,SN→CEN,Warszawa,eyes closed,alpha,-0.02311027928283266
L-INS→R-ITG,SN→CEN,Warszawa,eyes closed,alpha,0.0738536489639505
L-INS→L-SUP,SN→CEN,Warszawa,eyes closed,alpha,-0.12215603902962238
L-INS→R-SUP,SN→CEN,Warszawa,eyes closed,alpha,0.014387074473496849
R-INS→L-ACC,SN→SN,Warszawa,eyes closed,alpha,-0.025943102458363308
R-INS→R-ACC,SN→SN,Warszawa,eyes closed,alpha,0.17038855027411945
R-INS→L-INS,SN→SN,Warszawa,eyes closed,alpha,-0.1735244279245246
R-INS→L-IFG,SN→DMN,Warszawa,eyes closed,alpha,0.03233542209607652
R-INS→R-IFG,SN→CEN,Warszawa,eyes closed,alpha,0.12440141489322447
R-INS→L-mPFC,SN→DMN,Warszawa,eyes closed,alpha,0.24431374139834056
R-INS→R-mPFC,SN→DMN,Warszawa,eyes closed,alpha,0.07469115167314312
R-INS→L-aSTG,SN→DMN,Warszawa,eyes closed,alpha,-0.0191694657186319
R-INS→R-aSTG,SN→DMN,Warszawa,eyes closed,alpha,0.06949473371488081
R-INS→L-PREC,SN→DMN,Warszawa,eyes closed,alpha,0.2154336745161305
R-INS→R-PREC,SN→DMN,Warszawa,eyes closed,alpha,0.09520985394955862
R-INS→L-ANG,SN→DMN,Warszawa,eyes closed,alpha,0.1475091599008072
R-INS→R-ANG,SN→DMN,Warszawa,eyes closed,alpha,0.14687085106387762
R-INS→L-SFG,SN→CEN,Warszawa,eyes closed,alpha,0.16032644055583042
R-INS→R-SFG,SN→CEN,Warszawa,eyes closed,alpha,-0.07544931822417852
R-INS→L-pSTG,SN→CEN,Warszawa,eyes closed,alpha,0.06740498124159525
R-INS→R-pSTG,SN→CEN,Warszawa,eyes closed,alpha,0.41506597146295715
R-INS→L-ITG,SN→CEN,Warszawa,eyes closed,alpha,-0.06775736537200878
R-INS→R-ITG,SN→CEN,Warszawa,eyes closed,alpha,-0.0026875700562059793
R-INS→L-SUP,SN→CEN,Warszawa,eyes closed,alpha,-0.01437129870936734
R-INS→R-SUP,SN→CEN,Warszawa,eyes closed,alpha,0.011771773894935469
L-IFG→L-ACC,DMN→SN,Warszawa,eyes closed,alpha,0.03634541871210613
L-IFG→R-ACC,DMN→SN,Warszawa,eyes closed,alpha,0.0
L-IFG→L-INS,DMN→SN,Warszawa,eyes closed,alpha,0.05763286560734438
L-IFG→R-INS,DMN→SN,Warszawa,eyes closed,alpha,0.16167711048038255
L-IFG→R-IFG,DMN→CEN,Warszawa,eyes closed,alpha,0.27262270360697244
L-IFG→L-mPFC,DMN→DMN,Warszawa,eyes closed,alpha,-0.0834480390295995
L-IFG→R-mPFC,DMN→DMN,Warszawa,eyes closed,alpha,0.23533001636589018
L-IFG→L-aSTG,DMN→DMN,Warszawa,eyes closed,alpha,0.13941429613550474
L-IFG→R-aSTG,DMN→DMN,Warszawa,eyes closed,alpha,0.004795691491165616
L-IFG→L-PREC,DMN→DMN,Warszawa,eyes closed,alpha,0.15810051920135385
L-IFG→R-PREC,DMN→DMN,Warszawa,eyes closed,alpha,0.13095824926938507
L-IFG→L-ANG,DMN→DMN,Warszawa,eyes closed,alpha,-0.0009548611830618564
L-IFG→R-ANG,DMN→DMN,Warszawa,eyes closed,alpha,0.23526162472866421
L-IFG→L-SFG,DMN→CEN,Warszawa,eyes closed,alpha,0.22033889743577223
L-IFG→R-SFG,DMN→CEN,Warszawa,eyes closed,alpha,-0.03867868565478797
L-IFG→L-pSTG,DMN→CEN,Warszawa,eyes closed,alpha,-0.12509052068678547
L-IFG→R-pSTG,DMN→CEN,Warszawa,eyes closed,alpha,0.18223003060758589
L-IFG→L-ITG,DMN→CEN,Warszawa,eyes closed,alpha,-0.21120935163989346
L-IFG→R-ITG,DMN→CEN,Warszawa,eyes closed,alpha,0.08339368045785697
L-IFG→L-SUP,DMN→CEN,Warszawa,eyes closed,alpha,-0.1442015724583777
L-IFG→R-SUP,DMN→CEN,Warszawa,eyes closed,alpha,-0.15742422327173367
R-IFG→L-ACC,CEN→SN,Warszawa,eyes closed,alpha,0.1389809060269463
R-IFG→R-ACC,CEN→SN,Warszawa,eyes closed,alpha,0.24994401522715606
R-IFG→L-INS,CEN→SN,Warszawa,eyes closed,alpha,-0.03513253386941558
R-IFG→R-INS,CEN→SN,Warszawa,eyes closed,alpha,0.21783483771172615
R-IFG→L-IFG,CEN→DMN,Warszawa,eyes closed,alpha,0.04204204962476953
R-IFG→L-mPFC,CEN→DMN,Warszawa,eyes closed,alpha,0.034853574033876185
R-IFG→R-mPFC,CEN→DMN,Warszawa,eyes closed,alpha,0.17616808239582119
R-IFG→L-aSTG,CEN→DMN,Warszawa,eyes closed,alpha,0.09166420044763908
R-IFG→R-aSTG,CEN→DMN,Warszawa,eyes closed,alpha,0.30359368523538505
R-IFG→L-PREC,CEN→DMN,Warszawa,eyes closed,alpha,0.306947401174894
R-IFG→R-PREC,CEN→DMN,Warszawa,eyes closed,alpha,0.08152295837158137
R-IFG→L-ANG,CEN→DMN,Warszawa,eyes closed,alpha,0.19232971555834355
R-IFG→R-ANG,CEN→DMN,Warszawa,eyes closed,alpha,0.3011782009157997
R-IFG→L-SFG,CEN→CEN,Warszawa,eyes closed,alpha,-0.004507633605135434
R-IFG→R-SFG,CEN→CEN,Warszawa,eyes closed,alpha,-0.14020983005723625
R-IFG→L-pSTG,CEN→CEN,Warszawa,eyes closed,alpha,-0.05850743619222052
R-IFG→R-pSTG,CEN→CEN,Warszawa,eyes closed,alpha,0.042483102223286995
R-IFG→L-ITG,CEN→CEN,Warszawa,eyes closed,alpha,0.03539961627023944
R-IFG→R-ITG,CEN→CEN,Warszawa,eyes closed,alpha,0.14872997576088873
R-IFG→L-SUP,CEN→CEN,Warszawa,eyes closed,alpha,0.029501831980161444
R-IFG→R-SUP,CEN→CEN,Warszawa,eyes closed,alpha,0.3119887703182409
L-mPFC→L-ACC,DMN→SN,Warszawa,eyes closed,alpha,-0.03455928889104626
L-mPFC→R-ACC,DMN→SN,Warszawa,eyes closed,alpha,0.2385209849931255
L-mPFC→L-INS,DMN→SN,Warszawa,eyes closed,alpha,-0.05003312616970067
L-mPFC→R-INS,DMN→SN,Warszawa,eyes closed,alpha,0.07185500130795264
L-mPFC→L-IFG,DMN→DMN,Warszawa,eyes closed,alpha,-0.20215072939648185
L-mPFC→R-IFG,DMN→CEN,Warszawa,eyes closed,alpha,-0.15089863644835705
L-mPFC→R-mPFC,DMN→DMN,Warszawa,eyes closed,alpha,0.3023594872837273
L-mPFC→L-aSTG,DMN→DMN,Warszawa,eyes closed,alpha,0.04782291935803437
L-mPFC→R-aSTG,DMN→DMN,Warszawa,eyes closed,alpha,0.056474935504880475
L-mPFC→L-PREC,DMN→DMN,Warszawa,eyes closed,alpha,0.23801946297346677
L-mPFC→R-PREC,DMN→DMN,Warszawa,eyes closed,alpha,0.05949440778848947
L-mPFC→L-ANG,DMN→DMN,Warszawa,eyes closed,alpha,0.20012015621390297
L-mPFC→R-ANG,DMN→DMN,Warszawa,eyes closed,alpha,0.01050347301368042
L-mPFC→L-SFG,DMN→CEN,Warszawa,eyes closed,alpha,0.14568060428285495
L-mPFC→R-SFG,DMN→CEN,Warszawa,eyes closed,alpha,0.03772465911208926
L-mPFC→L-pSTG,DMN→CEN,Warszawa,eyes closed,alpha,0.15616647454893318
L-mPFC→R-pSTG,DMN→CEN,Warszawa,eyes closed,alpha,-0.13893763118249855
L-mPFC→L-ITG,DMN→CEN,Warszawa,eyes closed,alpha,-0.07003024042960712
L-mPFC→R-ITG,DMN→CEN,Warszawa,eyes closed,alpha,0.04746896094609881
L-mPFC→L-SUP,DMN→CEN,Warszawa,eyes closed,alpha,-0.012574886370696422
L-mPFC→R-SUP,DMN→CEN,Warszawa,eyes closed,alpha,0.0779395316299734
R-mPFC→L-ACC,DMN→SN,Warszawa,eyes closed,alpha,-0.14464233224058617
R-mPFC→R-ACC,DMN→SN,Warszawa,eyes closed,alpha,0.07612480715073282
R-mPFC→L-INS,DMN→SN,Warszawa,eyes closed,alpha,-0.11466631062955333
R-mPFC→R-INS,DMN→SN,Warszawa,eyes closed,alpha,-0.14311259099587528
R-mPFC→L-IFG,DMN→DMN,Warszawa,eyes closed,alpha,-0.024444375069276623
R-mPFC→R-IFG,DMN→CEN,Warszawa,eyes closed,alpha,-0.04681408379492694
R-mPFC→L-mPFC,DMN→DMN,Warszawa,eyes closed,alpha,0.08681967697018939
R-mPFC→L-aSTG,DMN→DMN,Warszawa,eyes closed,alpha,-0.1963226227445383
R-mPFC→R-aSTG,DMN→DMN,Warszawa,eyes closed,alpha,-0.033146697359873745
R-mPFC→L-PREC,DMN→DMN,Warszawa,eyes closed,alpha,0.21762179658000752
R-mPFC→R-PREC,DMN→DMN,Warszawa,eyes closed,alpha,0.04850313314411477
R-mPFC→L-ANG,DMN→DMN,Warszawa,eyes closed,alpha,0.17775322757276854
R-mPFC→R-ANG,DMN→DMN,Warszawa,eyes closed,alpha,0.009629283034513608
R-mPFC→L-SFG,DMN→CEN,Warszawa,eyes closed,alpha,0.02285048187991934
R-mPFC→R-SFG,DMN→CEN,Warszawa,eyes closed,alpha,-0.06726727939963124
R-mPFC→L-pSTG,DMN→CEN,Warszawa,eyes closed,alpha,-0.021991610954656148
R-mPFC→R-pSTG,DMN→CEN,Warszawa,eyes closed,alpha,-0.005559236241077852
R-mPFC→L-ITG,DMN→CEN,Warszawa,eyes closed,alpha,0.07639662592320777
R-mPFC→R-ITG,DMN→CEN,Warszawa,eyes closed,alpha,-0.07390800134532272
R-mPFC→L-SUP,DMN→CEN,Warszawa,eyes closed,alpha,-0.11856321435228055
R-mPFC→R-SUP,DMN→CEN,Warszawa,eyes closed,alpha,-0.020383866217285457
L-aSTG→L-ACC,DMN→SN,Warszawa,eyes closed,alpha,0.3226546942951613
L-aSTG→R-ACC,DMN→SN,Warszawa,eyes closed,alpha,0.3006318854844011
L-aSTG→L-INS,DMN→SN,Warszawa,eyes closed,alpha,0.2688881460233153
L-aSTG→R-INS,DMN→SN,Warszawa,eyes closed,alpha,-0.005547242189907722
L-aSTG→L-IFG,DMN→DMN,Warszawa,eyes closed,alpha,0.09729262720083313
L-aSTG→R-IFG,DMN→CEN,Warszawa,eyes closed,alpha,0.17360403198019533
L-aSTG→L-mPFC,DMN→DMN,Warszawa,eyes closed,alpha,0.048300613958372825
L-aSTG→R-mPFC,DMN→DMN,Warszawa,eyes closed,alpha,0.17065917217373716
L-aSTG→R-aSTG,DMN→DMN,Warszawa,eyes closed,alpha,0.056438971180325564
L-aSTG→L-PREC,DMN→DMN,Warszawa,eyes closed,alpha,0.10258260108443766
L-aSTG→R-PREC,DMN→DMN,Warszawa,eyes closed,alpha,0.03995947188605647
L-aSTG→L-ANG,DMN→DMN,Warszawa,eyes closed,alpha,0.14237921620763155
L-aSTG→R-ANG,DMN→DMN,Warszawa,eyes closed,alpha,0.20735300377437763
L-aSTG→L-SFG,DMN→CEN,Warszawa,eyes closed,alpha,0.005117147082380885
L-aSTG→R-SFG,DMN→CEN,Warszawa,eyes closed,alpha,0.03161907145883271
L-aSTG→L-pSTG,DMN→CEN,Warszawa,eyes closed,alpha,0.12084310530572209
L-aSTG→R-pSTG,DMN→CEN,Warszawa,eyes closed,alpha,0.217724393698919
L-aSTG→L-ITG,DMN→CEN,Warszawa,eyes closed,alpha,0.0259798438766578
L-aSTG→R-ITG,DMN→CEN,Warszawa,eyes closed,alpha,0.07123210205775284
L-aSTG→L-SUP,DMN→CEN,Warszawa,eyes closed,alpha,-0.16519098466970117
L-aSTG→R-SUP,DMN→CEN,Warszawa,eyes closed,alpha,0.14063404536020216
R-aSTG→L-ACC,DMN→SN,Warszawa,eyes closed,alpha,-0.046227018249231026
R-aSTG→R-ACC,DMN→SN,Warszawa,eyes closed,alpha,0.33150311770608354
R-aSTG→L-INS,DMN→SN,Warszawa,eyes closed,alpha,0.16706634749639532
R-aSTG→R-INS,DMN→SN,Warszawa,eyes closed,alpha,0.08513385799989445
R-aSTG→L-IFG,DMN→DMN,Warszawa,eyes closed,alpha,-0.09853360894158879
R-aSTG→R-IFG,DMN→CEN,Warszawa,eyes closed,alpha,0.14919497887110214
R-aSTG→L-mPFC,DMN→DMN,Warszawa,eyes closed,alpha,0.11137756499759688
R-aSTG→R-mPFC,DMN→DMN,Warszawa,eyes closed,alpha,0.07628961803617725
R-aSTG→L-aSTG,DMN→DMN,Warszawa,eyes closed,alpha,0.15058910045789986
R-aSTG→L-PREC,DMN→DMN,Warszawa,eyes closed,alpha,0.16706634749639532
R-aSTG→R-PREC,DMN→DMN,Warszawa,eyes closed,alpha,0.06426226598161927
R-aSTG→L-ANG,DMN→DMN,Warszawa,eyes closed,alpha,0.042620811181596864
R-aSTG→R-ANG,DMN→DMN,Warszawa,eyes closed,alpha,0.39430102022838653
R-aSTG→L-SFG,DMN→CEN,Warszawa,eyes closed,alpha,-0.11898398060871099
R-aSTG→R-SFG,DMN→CEN,Warszawa,eyes closed,alpha,0.0034996710463817333
R-aSTG→L-pSTG,DMN→CEN,Warszawa,eyes closed,alpha,-0.07622411257745547
R-aSTG→R-pSTG,DMN→CEN,Warszawa,eyes closed,alpha,0.2848640745752376
R-aSTG→L-ITG,DMN→CEN,Warszawa,eyes closed,alpha,-0.025896734052294326
R-aSTG→R-ITG,DMN→CEN,Warszawa,eyes closed,alpha,0.05559578697190465
R-aSTG→L-SUP,DMN→CEN,Warszawa,eyes closed,alpha,0.008982061693354587
R-aSTG→R-SUP,DMN→CEN,Warszawa,eyes closed,alpha,0.1812771383660603
L-PREC→L-ACC,DMN→SN,Warszawa,eyes closed,alpha,0.2448705627588886
L-PREC→R-ACC,DMN→SN,Warszawa,eyes closed,alpha,0.12440141489322447
L-PREC→L-INS,DMN→SN,Warszawa,eyes closed,alpha,-0.13199785348778872
L-PREC→R-INS,DMN→SN,Warszawa,eyes closed,alpha,0.08813757296540317
L-PREC→L-IFG,DMN→DMN,Warszawa,eyes closed,alpha,-0.008686841714360101
L-PREC→R-IFG,DMN→CEN,Warszawa,eyes closed,alpha,0.10747856732750513
L-PREC→L-mPFC,DMN→DMN,Warszawa,eyes closed,alpha,0.07968238612211587
L-PREC→R-mPFC,DMN→DMN,Warszawa,eyes closed,alpha,0.17360403198019533
L-PREC→L-aSTG,DMN→DMN,Warszawa,eyes closed,alpha,0.01691662381127396
L-PREC→R-aSTG,DMN→DMN,Warszawa,eyes closed,alpha,0.08860578548647303
L-PREC→R-PREC,DMN→DMN,Warszawa,eyes closed,alpha,0.14689595494233862
L-PREC→L-ANG,DMN→DMN,Warszawa,eyes closed,alpha,0.16168493184831204
L-PREC→R-ANG,DMN→DMN,Warszawa,eyes closed,alpha,0.2599264788211764
L-PREC→L-SFG,DMN→CEN,Warszawa,eyes closed,alpha,0.14454014226802414
L-PREC→R-SFG,DMN→CEN,Warszawa,eyes closed,alpha,-0.13870839642941316
L-PREC→L-pSTG,DMN→CEN,Warszawa,eyes closed,alpha,-0.20104045878904042
L-PREC→R-pSTG,DMN→CEN,Warszawa,eyes closed,alpha,0.021713110916250732
L-PREC→L-ITG,DMN→CEN,Warszawa,eyes closed,alpha,0.059281607176140276
L-PREC→R-ITG,DMN→CEN,Warszawa,eyes closed,alpha,0.0834480390295995
L-PREC→L-SUP,DMN→CEN,Warszawa,eyes closed,alpha,-0.010090091909944688
L-PREC→R-SUP,DMN→CEN,Warszawa,eyes closed,alpha,0.25882434431249157
R-PREC→L-ACC,DMN→SN,Warszawa,eyes closed,alpha,0.23177626732527662
R-PREC→R-ACC,DMN→SN,Warszawa,eyes closed,alpha,0.022758556098981683
R-PREC→L-INS,DMN→SN,Warszawa,eyes closed,alpha,-0.020530000373700754
R-PREC→R-INS,DMN→SN,Warszawa,eyes closed,alpha,0.14987036834566758
R-PREC→L-IFG,DMN→DMN,Warszawa,eyes closed,alpha,-0.15319149320374084
R-PREC→R-IFG,DMN→CEN,Warszawa,eyes closed,alpha,-0.0830729229263815
R-PREC→L-mPFC,DMN→DMN,Warszawa,eyes closed,alpha,-0.010424210057232122
R-PREC→R-mPFC,DMN→DMN,Warszawa,eyes closed,alpha,0.11340660651767766
R-PREC→L-aSTG,DMN→DMN,Warszawa,eyes closed,alpha,-0.15319149320374084
R-PREC→R-aSTG,DMN→DMN,Warszawa,eyes closed,alpha,0.12273236590007305
R-PREC→L-PREC,DMN→DMN,Warszawa,eyes closed,alpha,0.3143721592674105
R-PREC→L-ANG,DMN→DMN,Warszawa,eyes closed,alpha,0.09564583871606874
R-PREC→R-ANG,DMN→DMN,Warszawa,eyes closed,alpha,0.27099600493285
R-PREC→L-SFG,DMN→CEN,Warszawa,eyes closed,alpha,-0.16206911925752424
R-PREC→R-SFG,DMN→CEN,Warszawa,eyes closed,alpha,-0.05559578697190465
R-PREC→L-pSTG,DMN→CEN,Warszawa,eyes closed,alpha,-0.15636315085848182
R-PREC→R-pSTG,DMN→CEN,Warszawa,eyes closed,alpha,0.09060495576849281
R-PREC→L-ITG,DMN→CEN,Warszawa,eyes closed,alpha,0.03577814774896882
R-PREC→R-ITG,DMN→CEN,Warszawa,eyes closed,alpha,0.203533388309315
R-PREC→L-SUP,DMN→CEN,Warszawa,eyes closed,alpha,0.012943565109784687
R-PREC→R-SUP,DMN→CEN,Warszawa,eyes closed,alpha,0.10329750581335424
L-ANG→L-ACC,DMN→SN,Warszawa,eyes closed,alpha,-0.06558559741464047
L-ANG→R-ACC,DMN→SN,Warszawa,eyes closed,alpha,0.039172254651290296
L-ANG→L-INS,DMN→SN,Warszawa,eyes closed,alpha,0.0638375681688915
L-ANG→R-INS,DMN→SN,Warszawa,eyes closed,alpha,-0.04204204962476953
L-ANG→L-IFG,DMN→DMN,Warszawa,eyes closed,alpha,-0.19600255737673952
L-ANG→R-IFG,DMN→CEN,Warszawa,eyes closed,alpha,-0.03706157494051901
L-ANG→L-mPFC,DMN→DMN,Warszawa,eyes closed,alpha,0.17949590627446235
L-ANG→R-mPFC,DMN→DMN,Warszawa,eyes closed,alpha,0.16484990499084667
L-ANG→L-aSTG,DMN→DMN,Warszawa,eyes closed,alpha,-0.2154336745161305
L-ANG→R-aSTG,DMN→DMN,Warszawa,eyes closed,alpha,-0.2236672892424287
L-ANG→L-PREC,DMN→DMN,Warszawa,eyes closed,alpha,0.17111062548493636
L-ANG→R-PREC,DMN→DMN,Warszawa,eyes closed,alpha,-0.029535261828824346
L-ANG→R-ANG,DMN→DMN,Warszawa,eyes closed,alpha,-0.03135498398906976
L-ANG→L-SFG,DMN→CEN,Warszawa,eyes closed,alpha,-0.03135498398906976
L-ANG→R-SFG,DMN→CEN,Warszawa,eyes closed,alpha,-0.0016816819849907812
L-ANG→L-pSTG,DMN→CEN,Warszawa,eyes closed,alpha,0.13998684185526936
L-ANG→R-pSTG,DMN→CEN,Warszawa,eyes closed,alpha,-0.04472279070219706
L-ANG→L-ITG,DMN→CEN,Warszawa,eyes closed,alpha,-0.0016816819849907812
L-ANG→R-ITG,DMN→CEN,Warszawa,eyes closed,alpha,-0.01636860722279269
L-ANG→L-SUP,DMN→CEN,Warszawa,eyes closed,alpha,-0.054023039752508085
L-ANG→R-SUP,DMN→CEN,Warszawa,eyes closed,alpha,0.14454014226802414
R-ANG→L-ACC,DMN→SN,Warszawa,eyes closed,alpha,0.09356295285136915
R-ANG→R-ACC,DMN→SN,Warszawa,eyes closed,alpha,-0.07282190812544191
R-ANG→L-INS,DMN→SN,Warszawa,eyes closed,alpha,-0.06646725653082394
R-ANG→R-INS,DMN→SN,Warszawa,eyes closed,alpha,0.14987036834566758
R-ANG→L-IFG,DMN→DMN,Warszawa,eyes closed,alpha,-0.0871534928992802
R-ANG→R-IFG,DMN→CEN,Warszawa,eyes closed,alpha,0.019760535725380092
R-ANG→L-mPFC,DMN→DMN,Warszawa,eyes closed,alpha,0.24168621061144419
R-ANG→R-mPFC,DMN→DMN,Warszawa,eyes closed,alpha,0.026141903085600094
R-ANG→L-aSTG,DMN→DMN,Warszawa,eyes closed,alpha,-0.06827566829694505
R-ANG→R-aSTG,DMN→DMN,Warszawa,eyes closed,alpha,-0.04487847560390725
R-ANG→L-PREC,DMN→DMN,Warszawa,eyes closed,alpha,0.4304595387049532
R-ANG→R-PREC,DMN→DMN,Warszawa,eyes closed,alpha,0.12894200489383056
R-ANG→L-ANG,DMN→DMN,Warszawa,eyes closed,alpha,0.03772465911208926
R-ANG→L-SFG,DMN→CEN,Warszawa,eyes closed,alpha,-0.1849652616175574
R-ANG→R-SFG,DMN→CEN,Warszawa,eyes closed,alpha,-0.06726727939963124
R-ANG→L-pSTG,DMN→CEN,Warszawa,eyes closed,alpha,-0.21866329214906216
R-ANG→R-pSTG,DMN→CEN,Warszawa,eyes closed,alpha,0.2622076690747464
R-ANG→L-ITG,DMN→CEN,Warszawa,eyes closed,alpha,-0.26248600882278394
R-ANG→R-ITG,DMN→CEN,Warszawa,eyes closed,alpha,0.11137756499759688
R-ANG→L-SUP,DMN→CEN,Warszawa,eyes closed,alpha,-0.10724668233821598
R-ANG→R-SUP,DMN→CEN,Warszawa,eyes closed,alpha,0.0764442070863689
L-SFG→L-ACC,CEN→SN,Warszawa,eyes closed,alpha,-0.1446246507092072
L-SFG→R-ACC,CEN→SN,Warszawa,eyes closed,alpha,0.14855950085986339
L-SFG→L-INS,CEN→SN,Warszawa,eyes closed,alpha,-0.012468797877030603
L-SFG→R-INS,CEN→SN,Warszawa,eyes closed,alpha,-0.0025287284554424095
L-SFG→L-IFG,CEN→DMN,Warszawa,eyes closed,alpha,-0.15462578251560982
L-SFG→R-IFG,CEN→CEN,Warszawa,eyes closed,alpha,-0.022060180859361834
L-SFG→L-mPFC,CEN→DMN,Warszawa,eyes closed,alpha,-0.05072468450143122
L-SFG→R-mPFC,CEN→DMN,Warszawa,eyes closed,alpha,0.11294338983726958
L-SFG→L-aSTG,CEN→DMN,Warszawa,eyes closed,alpha,-0.19580894491512998
L-SFG→R-aSTG,CEN→DMN,Warszawa,eyes closed,alpha,-0.029733287245226826
L-SFG→L-PREC,CEN→DMN,Warszawa,eyes closed,alpha,0.1760424809674653
L-SFG→R-PREC,CEN→DMN,Warszawa,eyes closed,alpha,-0.018530787470259505
L-SFG→L-ANG,CEN→DMN,Warszawa,eyes closed,alpha,0.061532392415765295
L-SFG→R-ANG,CEN→DMN,Warszawa,eyes closed,alpha,0.03592824677341835
L-SFG→R-SFG,CEN→CEN,Warszawa,eyes closed,alpha,-0.12161578400104142
L-SFG→L-pSTG,CEN→CEN,Warszawa,eyes closed,alpha,-0.27861142916001985
L-SFG→R-pSTG,CEN→CEN,Warszawa,eyes closed,alpha,0.05464725780952158
L-SFG→L-ITG,CEN→CEN,Warszawa,eyes closed,alpha,-0.2134287323471208
L-SFG→R-ITG,CEN→CEN,Warszawa,eyes closed,alpha,0.013898946742976162
L-SFG→L-SUP,CEN→CEN,Warszawa,eyes closed,alpha,-0.011926049249656272
L-SFG→R-SUP,CEN→CEN,Warszawa,eyes closed,alpha,0.1707825127659933
R-SFG→L-ACC,CEN→SN,Warszawa,eyes closed,alpha,0.03961674580193108
R-SFG→R-ACC,CEN→SN,Warszawa,eyes closed,alpha,0.09705729891056206
R-SFG→L-INS,CEN→SN,Warszawa,eyes closed,alpha,0.2233993664007157
R-SFG→R-INS,CEN→SN,Warszawa,eyes closed,alpha,0.17760076404233616
R-SFG→L-IFG,CEN→DMN,Warszawa,eyes closed,alpha,0.05748519483746936
R-SFG→R-IFG,CEN→CEN,Warszawa,eyes closed,alpha,0.09410464989146569
R-SFG→L-mPFC,CEN→DMN,Warszawa,eyes closed,alpha,0.2152297693524766
R-SFG→R-mPFC,CEN→DMN,Warszawa,eyes closed,alpha,0.2957222034192565
R-SFG→L-aSTG,CEN→DMN,Warszawa,eyes closed,alpha,0.016677708723233556
R-SFG→R-aSTG,CEN→DMN,Warszawa,eyes closed,alpha,0.26947467057139346
R-SFG→L-PREC,CEN→DMN,Warszawa,eyes closed,alpha,0.34280247602868447
R-SFG→R-PREC,CEN→DMN,Warszawa,eyes closed,alpha,0.3139146269251436
R-SFG→L-ANG,CEN→DMN,Warszawa,eyes closed,alpha,0.3605285447696684
R-SFG→R-ANG,CEN→DMN,Warszawa,eyes closed,alpha,0.23688036264903475
R-SFG→L-SFG,CEN→CEN,Warszawa,eyes closed,alpha,0.0520959578214566
R-SFG→L-pSTG,CEN→CEN,Warszawa,eyes closed,alpha,-0.04567488429043969
R-SFG→R-pSTG,CEN→CEN,Warszawa,eyes closed,alpha,0.12754527604563515
R-SFG→L-ITG,CEN→CEN,Warszawa,eyes closed,alpha,-0.013013872879077763
R-SFG→R-ITG,CEN→CEN,Warszawa,eyes closed,alpha,0.17418940222043933
R-SFG→L-SUP,CEN→CEN,Warszawa,eyes closed,alpha,0.12697495784434332
R-SFG→R-SUP,CEN→CEN,Warszawa,eyes closed,alpha,0.10059909096557137
L-pSTG→L-ACC,CEN→SN,Warszawa,eyes closed,alpha,0.14153969520125267
L-pSTG→R-ACC,CEN→SN,Warszawa,eyes closed,alpha,0.17721157097294607
L-pSTG→L-INS,CEN→SN,Warszawa,eyes closed,alpha,0.12415627605073867
L-pSTG→R-INS,CEN→SN,Warszawa,eyes closed,alpha,0.3443306490656913
L-pSTG→L-IFG,CEN→DMN,Warszawa,eyes closed,alpha,0.0375400773741532
L-pSTG→R-IFG,CEN→CEN,Warszawa,eyes closed,alpha,-0.03557145539118679
L-pSTG→L-mPFC,CEN→DMN,Warszawa,eyes closed,alpha,0.26069429545198003
L-pSTG→R-mPFC,CEN→DMN,Warszawa,eyes closed,alpha,0.1963226227445383
L-pSTG→L-aSTG,CEN→DMN,Warszawa,eyes closed,alpha,0.10978875820670998
L-pSTG→R-aSTG,CEN→DMN,Warszawa,eyes closed,alpha,0.06121333677828399
L-pSTG→L-PREC,CEN→DMN,Warszawa,eyes closed,alpha,0.2822498322418651
L-pSTG→R-PREC,CEN→DMN,Warszawa,eyes closed,alpha,0.18937314937305022
L-pSTG→L-ANG,CEN→DMN,Warszawa,eyes closed,alpha,0.18421079180984226
L-pSTG→R-ANG,CEN→DMN,Warszawa,eyes closed,alpha,0.2863052033397108
L-pSTG→L-SFG,CEN→CEN,Warszawa,eyes closed,alpha,-0.014322917745927847
L-pSTG→R-SFG,CEN→CEN,Warszawa,eyes closed,alpha,-0.2013329627103601
L-pSTG→R-pSTG,CEN→CEN,Warszawa,eyes closed,alpha,0.14012016241633157
L-pSTG→L-ITG,CEN→CEN,Warszawa,eyes closed,alpha,-0.09753755512946531
L-pSTG→R-ITG,CEN→CEN,Warszawa,eyes closed,alpha,-0.10123180545042522
L-pSTG→L-SUP,CEN→CEN,Warszawa,eyes closed,alpha,-0.13868105474769307
L-pSTG→R-SUP,CEN→CEN,Warszawa,eyes closed,alpha,-0.06695208710124811
R-pSTG→L-ACC,CEN→SN,Warszawa,eyes closed,alpha,0.026027745758155526
R-pSTG→R-ACC,CEN→SN,Warszawa,eyes closed,alpha,0.057445441157804464
R-pSTG→L-INS,CEN→SN,Warszawa,eyes closed,alpha,-0.2065874189471555
R-pSTG→R-INS,CEN→SN,Warszawa,eyes closed,alpha,0.034747366857440405
R-pSTG→L-IFG,CEN→DMN,Warszawa,eyes closed,alpha,-0.038496381510199074
R-pSTG→R-IFG,CEN→CEN,Warszawa,eyes closed,alpha,-0.03300999851456839
R-pSTG→L-mPFC,CEN→DMN,Warszawa,eyes closed,alpha,-0.19979735943028235
R-pSTG→R-mPFC,CEN→DMN,Warszawa,eyes closed,alpha,0.04461899272826662
R-pSTG→L-aSTG,CEN→DMN,Warszawa,eyes closed,alpha,-0.050450459549723436
R-pSTG→R-aSTG,CEN→DMN,Warszawa,eyes closed,alpha,0.07077267814675746
R-pSTG→L-PREC,CEN→DMN,Warszawa,eyes closed,alpha,0.07123210205775284
R-pSTG→R-PREC,CEN→DMN,Warszawa,eyes closed,alpha,0.18299332159920065
R-pSTG→L-ANG,CEN→DMN,Warszawa,eyes closed,alpha,-0.006528709108548383
R-pSTG→R-ANG,CEN→DMN,Warszawa,eyes closed,alpha,0.21957012742769763
R-pSTG→L-SFG,CEN→CEN,Warszawa,eyes closed,alpha,-0.10747856732750513
R-pSTG→R-SFG,CEN→CEN,Warszawa,eyes closed,alpha,-0.2236672892424287
R-pSTG→L-pSTG,CEN→CEN,Warszawa,eyes closed,alpha,-0.38234792000958295
R-pSTG→L-ITG,CEN→CEN,Warszawa,eyes closed,alpha,-0.16918034742801094
R-pSTG→R-ITG,CEN→CEN,Warszawa,eyes closed,alpha,0.0916170292722168
R-pSTG→L-SUP,CEN→CEN,Warszawa,eyes closed,alpha,0.03890823476593011
R-pSTG→R-SUP,CEN→CEN,Warszawa,eyes closed,alpha,-0.034747366857440405
L-ITG→L-ACC,CEN→SN,Warszawa,eyes closed,alpha,0.08802420459487496
L-ITG→R-ACC,CEN→SN,Warszawa,eyes closed,alpha,0.1723363234734134
L-ITG→L-INS,CEN→SN,Warszawa,eyes closed,alpha,0.035653701640614634
L-ITG→R-INS,CEN→SN,Warszawa,eyes closed,alpha,0.23514107097670806
L-ITG→L-IFG,CEN→DMN,Warszawa,eyes closed,alpha,0.15628787346436981
L-ITG→R-IFG,CEN→CEN,Warszawa,eyes closed,alpha,-0.003952383932354088
L-ITG→L-mPFC,CEN→DMN,Warszawa,eyes closed,alpha,0.23734480473049405
L-ITG→R-mPFC,CEN→DMN,Warszawa,eyes closed,alpha,0.20894612248652422
L-ITG→L-aSTG,CEN→DMN,Warszawa,eyes closed,alpha,0.02054006671011436
L-ITG→R-aSTG,CEN→DMN,Warszawa,eyes closed,alpha,0.03557145539118679
L-ITG→L-PREC,CEN→DMN,Warszawa,eyes closed,alpha,0.31464920288969567
L-ITG→R-PREC,CEN→DMN,Warszawa,eyes closed,alpha,0.09615219795840053
L-ITG→L-ANG,CEN→DMN,Warszawa,eyes closed,alpha,0.5219839714746833
L-ITG→R-ANG,CEN→DMN,Warszawa,eyes closed,alpha,0.13943435227583317
L-ITG→L-SFG,CEN→CEN,Warszawa,eyes closed,alpha,0.11489088231560893
L-ITG→R-SFG,CEN→CEN,Warszawa,eyes closed,alpha,-0.08240241726454828
L-ITG→L-pSTG,CEN→CEN,Warszawa,eyes closed,alpha,0.19073207202780446
L-ITG→R-pSTG,CEN→CEN,Warszawa,eyes closed,alpha,0.14602463972052487
L-ITG→R-ITG,CEN→CEN,Warszawa,eyes closed,alpha,0.0034853574033876186
L-ITG→L-SUP,CEN→CEN,Warszawa,eyes closed,alpha,0.1832340585444336
L-ITG→R-SUP,CEN→CEN,Warszawa,eyes closed,alpha,-0.007651667097285499
R-ITG→L-ACC,CEN→SN,Warszawa,eyes closed,alpha,0.2784439124939922
R-ITG→R-ACC,CEN→SN,Warszawa,eyes closed,alpha,0.1896546341581807
R-ITG→L-INS,CEN→SN,Warszawa,eyes closed,alpha,0.07662977128730239
R-ITG→R-INS,CEN→SN,Warszawa,eyes closed,alpha,0.2047307562133314
R-ITG→L-IFG,CEN→DMN,Warszawa,eyes closed,alpha,0.21195893783038647
R-ITG→R-IFG,CEN→CEN,Warszawa,eyes closed,alpha,0.31803252765195045
R-ITG→L-mPFC,CEN→DMN,Warszawa,eyes closed,alpha,0.08650539568826608
R-ITG→R-mPFC,CEN→DMN,Warszawa,eyes closed,alpha,0.08007640108900962
R-ITG→L-aSTG,CEN→DMN,Warszawa,eyes closed,alpha,0.1251830162034273
R-ITG→R-aSTG,CEN→DMN,Warszawa,eyes closed,alpha,0.14812768964397377
R-ITG→L-PREC,CEN→DMN,Warszawa,eyes closed,alpha,0.4912636563596178
R-ITG→R-PREC,CEN→DMN,Warszawa,eyes closed,alpha,0.26247532847863003
R-ITG→L-ANG,CEN→DMN,Warszawa,eyes closed,alpha,0.1198784156581694
R-ITG→R-ANG,CEN→DMN,Warszawa,eyes closed,alpha,0.4063557440564743
R-ITG→L-SFG,CEN→CEN,Warszawa,eyes closed,alpha,0.32342621998534893
R-ITG→R-SFG,CEN→CEN,Warszawa,eyes closed,alpha,0.22168519459378455
R-ITG→L-pSTG,CEN→CEN,Warszawa,eyes closed,alpha,-0.13973664175919848
R-ITG→R-pSTG,CEN→CEN,Warszawa,eyes closed,alpha,0.3789323733725367
R-ITG→L-ITG,CEN→CEN,Warszawa,eyes closed,alpha,-0.03975349749885424
R-ITG→L-SUP,CEN→CEN,Warszawa,eyes closed,alpha,0.1691662381127396
R-ITG→R-SUP,CEN→CEN,Warszawa,eyes closed,alpha,0.1799399723940136
L-SUP→L-ACC,CEN→SN,Warszawa,eyes closed,alpha,-0.012161578400104142
L-SUP→R-ACC,CEN→SN,Warszawa,eyes closed,alpha,-0.018932061141568826
L-SUP→L-INS,CEN→SN,Warszawa,eyes closed,alpha,-0.08384198505551908
L-SUP→R-INS,CEN→SN,Warszawa,eyes closed,alpha,0.19692269329140044
L-SUP→L-IFG,CEN→DMN,Warszawa,eyes closed,alpha,-0.0891291452045114
L-SUP→R-IFG,CEN→CEN,Warszawa,eyes closed,alpha,-0.03995947188605647
L-SUP→L-mPFC,CEN→DMN,Warszawa,eyes closed,alpha,-0.1048152321920332
L-SUP→R-mPFC,CEN→DMN,Warszawa,eyes closed,alpha,0.0982186869520388
L-SUP→L-aSTG,CEN→DMN,Warszawa,eyes closed,alpha,-0.01867278791828578
L-SUP→R-aSTG,CEN→DMN,Warszawa,eyes closed,alpha,0.10639594694815249
L-SUP→L-PREC,CEN→DMN,Warszawa,eyes closed,alpha,0.1376716174338109
L-SUP→R-PREC,CEN→DMN,Warszawa,eyes closed,alpha,0.15792024176602318
L-SUP→L-ANG,CEN→DMN,Warszawa,eyes closed,alpha,-0.039356055817933416
L-SUP→R-ANG,CEN→DMN,Warszawa,eyes closed,alpha,0.11605573408620791
L-SUP→L-SFG,CEN→CEN,Warszawa,eyes closed,alpha,-0.03493841073067773
L-SUP→R-SFG,CEN→CEN,Warszawa,eyes closed,alpha,-0.03532336924321108
L-SUP→L-pSTG,CEN→CEN,Warszawa,eyes closed,alpha,-0.09520985394955862
L-SUP→R-pSTG,CEN→CEN,Warszawa,eyes closed,alpha,0.04804584065340578
L-SUP→L-ITG,CEN→CEN,Warszawa,eyes closed,alpha,-0.20317754258623333
L-SUP→R-ITG,CEN→CEN,Warszawa,eyes closed,alpha,0.03118765095045638
L-SUP→R-SUP,CEN→CEN,Warszawa,eyes closed,alpha,-0.10536368564343372
R-SUP→L-ACC,CEN→SN,Warszawa,eyes closed,alpha,0.034853574033876185
R-SUP→R-ACC,CEN→SN,Warszawa,eyes closed,alpha,0.009564583871606873
R-SUP→L-INS,CEN→SN,Warszawa,eyes closed,alpha,0.1627347036567506
R-SUP→R-INS,CEN→SN,Warszawa,eyes closed,alpha,0.05875838197693545
R-SUP→L-IFG,CEN→DMN,Warszawa,eyes closed,alpha,-0.09285725226578996
R-SUP→R-IFG,CEN→CEN,Warszawa,eyes closed,alpha,0.23351894602697043
R-SUP→L-mPFC,CEN→DMN,Warszawa,eyes closed,alpha,0.17289322971673043
R-SUP→R-mPFC,CEN→DMN,Warszawa,eyes closed,alpha,0.1862829962175908
R-SUP→L-aSTG,CEN→DMN,Warszawa,eyes closed,alpha,0.018530787470259505
R-SUP→R-aSTG,CEN→DMN,Warszawa,eyes closed,alpha,0.19382824502082371
R-SUP→L-PREC,CEN→DMN,Warszawa,eyes closed,alpha,0.14418403864234033
R-SUP→R-PREC,CEN→DMN,Warszawa,eyes closed,alpha,-0.011230919439440032
R-SUP→L-ANG,CEN→DMN,Warszawa,eyes closed,alpha,0.16504999257284192
R-SUP→R-ANG,CEN→DMN,Warszawa,eyes closed,alpha,0.1366725229556894
R-SUP→L-SFG,CEN→CEN,Warszawa,eyes closed,alpha,0.056438971180325564
R-SUP→R-SFG,CEN→CEN,Warszawa,eyes closed,alpha,0.17690306386990137
R-SUP→L-pSTG,CEN→CEN,Warszawa,eyes closed,alpha,-0.22665174140670424
R-SUP→R-pSTG,CEN→CEN,Warszawa,eyes closed,alpha,0.022396417135049827
R-SUP→L-ITG,CEN→CEN,Warszawa,eyes closed,alpha,-0.1349828932877546
R-SUP→R-ITG,CEN→CEN,Warszawa,eyes closed,alpha,-0.059124150593193134
R-SUP→L-SUP,CEN→CEN,Warszawa,eyes closed,alpha,-0.02230949636413331
L-ACC→R-ACC,SN→SN,Warszawa,eyes closed,beta,0.18796881518788577
L-ACC→L-INS,SN→SN,Warszawa,eyes closed,beta,0.1721512266686643
L-ACC→R-INS,SN→SN,Warszawa,eyes closed,beta,0.13913316139373788
L-ACC→L-IFG,SN→DMN,Warszawa,eyes closed,beta,-0.03150233869944116
L-ACC→R-IFG,SN→CEN,Warszawa,eyes closed,beta,0.269556489587099
L-ACC→L-mPFC,SN→DMN,Warszawa,eyes closed,beta,-0.20075780508786278
L-ACC→R-mPFC,SN→DMN,Warszawa,eyes closed,beta,0.2497229017245031
L-ACC→L-aSTG,SN→DMN,Warszawa,eyes closed,beta,-0.08007640108900962
L-ACC→R-aSTG,SN→DMN,Warszawa,eyes closed,beta,-0.054789116534585534
L-ACC→L-PREC,SN→DMN,Warszawa,eyes closed,beta,0.09187713388107421
L-ACC→R-PREC,SN→DMN,Warszawa,eyes closed,beta,0.18937876065781611
L-ACC→L-ANG,SN→DMN,Warszawa,eyes closed,beta,-0.013437850281029897
L-ACC→R-ANG,SN→DMN,Warszawa,eyes closed,beta,0.19096474142504022
L-ACC→L-SFG,SN→CEN,Warszawa,eyes closed,beta,0.07839058211871469
L-ACC→R-SFG,SN→CEN,Warszawa,eyes closed,beta,-0.027796181205389257
L-ACC→L-pSTG,SN→CEN,Warszawa,eyes closed,beta,-0.17648376702419263
L-ACC→R-pSTG,SN→CEN,Warszawa,eyes closed,beta,0.07399400733959438
L-ACC→L-ITG,SN→CEN,Warszawa,eyes closed,beta,0.006528709108548383
L-ACC→R-ITG,SN→CEN,Warszawa,eyes closed,beta,0.16268153063346166
L-ACC→L-SUP,SN→CEN,Warszawa,eyes closed,beta,0.129899219383289
L-ACC→R-SUP,SN→CEN,Warszawa,eyes closed,beta,-0.005212105028616061
R-ACC→L-ACC,SN→SN,Warszawa,eyes closed,beta,-0.09956281390536284
R-ACC→L-INS,SN→SN,Warszawa,eyes closed,beta,0.17026209760145797
R-ACC→R-INS,SN→SN,Warszawa,eyes closed,beta,-0.015901398999541697
R-ACC→L-IFG,SN→DMN,Warszawa,eyes closed,beta,0.017373683428720203
R-ACC→R-IFG,SN→CEN,Warszawa,eyes closed,beta,0.35519877673460143
R-ACC→L-mPFC,SN→DMN,Warszawa,eyes closed,beta,0.1976053572538009
R-ACC→R-mPFC,SN→DMN,Warszawa,eyes closed,beta,-0.01437129870936734
R-ACC→L-aSTG,SN→DMN,Warszawa,eyes closed,beta,0.05949440778848947
R-ACC→R-aSTG,SN→DMN,Warszawa,eyes closed,beta,0.14464233224058617
R-ACC→L-PREC,SN→DMN,Warszawa,eyes closed,beta,0.1171644184354983
R-ACC→R-PREC,SN→DMN,Warszawa,eyes closed,beta,0.22424991895225987
R-ACC→L-ANG,SN→DMN,Warszawa,eyes closed,beta,0.2230628738168076
R-ACC→R-ANG,SN→DMN,Warszawa,eyes closed,beta,0.04059989714705751
R-ACC→L-SFG,SN→CEN,Warszawa,eyes closed,beta,0.03699700366979719
R-ACC→R-SFG,SN→CEN,Warszawa,eyes closed,beta,0.08923798545653323
R-ACC→L-pSTG,SN→CEN,Warszawa,eyes closed,beta,0.05228380617120019
R-ACC→R-pSTG,SN→CEN,Warszawa,eyes closed,beta,0.08894777985724563
R-ACC→L-ITG,SN→CEN,Warszawa,eyes closed,beta,-0.06588648830397124
R-ACC→R-ITG,SN→CEN,Warszawa,eyes closed,beta,-0.08487321841112899
R-ACC→L-SUP,SN→CEN,Warszawa,eyes closed,beta,-0.125593513286973
R-ACC→R-SUP,SN→CEN,Warszawa,eyes closed,beta,0.15684108315244283
L-INS→L-ACC,SN→SN,Warszawa,eyes closed,beta,0.03118765095045638
L-INS→R-ACC,SN→SN,Warszawa,eyes closed,beta,0.1967567922439214
L-INS→R-INS,SN→SN,Warszawa,eyes closed,beta,0.23110279282832658
L-INS→L-IFG,SN→DMN,Warszawa,eyes closed,beta,0.1154891445305972
L-INS→R-IFG,SN→CEN,Warszawa,eyes closed,beta,0.03135498398906976
L-INS→L-mPFC,SN→DMN,Warszawa,eyes closed,beta,0.10456072210162855
L-INS→R-mPFC,SN→DMN,Warszawa,eyes closed,beta,0.3305398703154488
L-INS→L-aSTG,SN→DMN,Warszawa,eyes closed,beta,-0.04850313314411477
L-INS→R-aSTG,SN→DMN,Warszawa,eyes closed,beta,0.18269953716175877
L-INS→L-PREC,SN→DMN,Warszawa,eyes closed,beta,0.2670208672314867
L-INS→R-PREC,SN→DMN,Warszawa,eyes closed,beta,-0.12094065252926907
L-INS→L-ANG,SN→DMN,Warszawa,eyes closed,beta,-0.003592824677341835
L-INS→R-ANG,SN→DMN,Warszawa,eyes closed,beta,0.15244822515491094
L-INS→L-SFG,SN→CEN,Warszawa,eyes closed,beta,0.08160886385685479
L-INS→R-SFG,SN→CEN,Warszawa,eyes closed,beta,0.1672971553626057
L-INS→L-pSTG,SN→CEN,Warszawa,eyes closed,beta,-0.25489861333972197
L-INS→R-pSTG,SN→CEN,Warszawa,eyes closed,beta,0.06254526034339274
L-INS→L-ITG,SN→CEN,Warszawa,eyes closed,beta,-0.21609215901003234
L-INS→R-ITG,SN→CEN,Warszawa,eyes closed,beta,0.10908473324427753
L-INS→L-SUP,SN→CEN,Warszawa,eyes closed,beta,-0.1285652573725295
L-INS→R-SUP,SN→CEN,Warszawa,eyes closed,beta,0.1307302393489203
R-INS→L-ACC,SN→SN,Warszawa,eyes closed,beta,0.2222061762276008
R-INS→R-ACC,SN→SN,Warszawa,eyes closed,beta,0.09295623485055544
R-INS→L-INS,SN→SN,Warszawa,eyes closed,beta,0.09880267862690045
R-INS→L-IFG,SN→DMN,Warszawa,eyes closed,beta,0.2408789641458866
R-INS→R-IFG,SN→CEN,Warszawa,eyes closed,beta,0.11458025055954885
R-INS→L-mPFC,SN→DMN,Warszawa,eyes closed,beta,0.2175175895502998
R-INS→R-mPFC,SN→DMN,Warszawa,eyes closed,beta,-0.03634541871210613
R-INS→L-aSTG,SN→DMN,Warszawa,eyes closed,beta,0.07724573056284945
R-INS→R-aSTG,SN→DMN,Warszawa,eyes closed,beta,0.10995805477328074
R-INS→L-PREC,SN→DMN,Warszawa,eyes closed,beta,0.05559578697190465
R-INS→R-PREC,SN→DMN,Warszawa,eyes closed,beta,0.0938178905150891
R-INS→L-ANG,SN→DMN,Warszawa,eyes closed,beta,0.17847597091306647
R-INS→R-ANG,SN→DMN,Warszawa,eyes closed,beta,0.2495759114843024
R-INS→L-SFG,SN→CEN,Warszawa,eyes closed,beta,0.07250586318343324
R-INS→R-SFG,SN→CEN,Warszawa,eyes closed,beta,0.06691926836262094
R-INS→L-pSTG,SN→CEN,Warszawa,eyes closed,beta,-0.08319197049476747
R-INS→R-pSTG,SN→CEN,Warszawa,eyes closed,beta,0.09821317359237537
R-INS→L-ITG,SN→CEN,Warszawa,eyes closed,beta,-0.07843282472935656
R-INS→R-ITG,SN→CEN,Warszawa,eyes closed,beta,-0.022396417135049827
R-INS→L-SUP,SN→CEN,Warszawa,eyes closed,beta,0.1087353235840236
R-INS→R-SUP,SN→CEN,Warszawa,eyes closed,beta,-0.04807609897920027
L-IFG→L-ACC,DMN→SN,Warszawa,eyes closed,beta,0.027730656831589158
L-IFG→R-ACC,DMN→SN,Warszawa,eyes closed,beta,0.30922366531229084
L-IFG→L-INS,DMN→SN,Warszawa,eyes closed,beta,0.03772465911208926
L-IFG→R-INS,DMN→SN,Warszawa,eyes closed,beta,0.0385218374722857
L-IFG→R-IFG,DMN→CEN,Warszawa,eyes closed,beta,0.08513385799989445
L-IFG→L-mPFC,DMN→DMN,Warszawa,eyes closed,beta,0.10281804339993474
L-IFG→R-mPFC,DMN→DMN,Warszawa,eyes closed,beta,0.21197665596316825
L-IFG→L-aSTG,DMN→DMN,Warszawa,eyes closed,beta,0.007651667097285499
L-IFG→R-aSTG,DMN→DMN,Warszawa,eyes closed,beta,-0.1352747485328944
L-IFG→L-PREC,DMN→DMN,Warszawa,eyes closed,beta,0.07628961803617725
L-IFG→R-PREC,DMN→DMN,Warszawa,eyes closed,beta,-0.01616771104803826
L-IFG→L-ANG,DMN→DMN,Warszawa,eyes closed,beta,-0.03143437240947709
L-IFG→R-ANG,DMN→DMN,Warszawa,eyes closed,beta,0.0017373683428720203
L-IFG→L-SFG,DMN→CEN,Warszawa,eyes closed,beta,0.16504999257284192
L-IFG→R-SFG,DMN→CEN,Warszawa,eyes closed,beta,-0.053053212446672056
L-IFG→L-pSTG,DMN→CEN,Warszawa,eyes closed,beta,-0.08176222005930457
L-IFG→R-pSTG,DMN→CEN,Warszawa,eyes closed,beta,0.10747856732750513
L-IFG→L-ITG,DMN→CEN,Warszawa,eyes closed,beta,-0.1087353235840236
L-IFG→R-ITG,DMN→CEN,Warszawa,eyes closed,beta,0.15462578251560982
L-IFG→L-SUP,DMN→CEN,Warszawa,eyes closed,beta,0.11292894228668131
L-IFG→R-SUP,DMN→CEN,Warszawa,eyes closed,beta,-0.016305351069963097
R-IFG→L-ACC,CEN→SN,Warszawa,eyes closed,beta,0.05823068455112955
R-IFG→R-ACC,CEN→SN,Warszawa,eyes closed,beta,0.4191434363278749
R-IFG→L-INS,CEN→SN,Warszawa,eyes closed,beta,0.08894777985724563
R-IFG→R-INS,CEN→SN,Warszawa,eyes closed,beta,0.2298893138619072
R-IFG→L-IFG,CEN→DMN,Warszawa,eyes closed,beta,0.07724573056284945
R-IFG→L-mPFC,CEN→DMN,Warszawa,eyes closed,beta,0.22166774738177872
R-IFG→R-mPFC,CEN→DMN,Warszawa,eyes closed,beta,0.3262059707520708
R-IFG→L-aSTG,CEN→DMN,Warszawa,eyes closed,beta,0.05053768234912046
R-IFG→R-aSTG,CEN→DMN,Warszawa,eyes closed,beta,0.16818393067066348
R-IFG→L-PREC,CEN→DMN,Warszawa,eyes closed,beta,0.228290909921889
R-IFG→R-PREC,CEN→DMN,Warszawa,eyes closed,beta,0.00988095983088522
R-IFG→L-ANG,CEN→DMN,Warszawa,eyes closed,beta,0.12971551229181652
R-IFG→R-ANG,CEN→DMN,Warszawa,eyes closed,beta,0.08709470111021966
R-IFG→L-SFG,CEN→CEN,Warszawa,eyes closed,beta,-0.08149118290228023
R-IFG→R-SFG,CEN→CEN,Warszawa,eyes closed,beta,-0.03027027572983406
R-IFG→L-pSTG,CEN→CEN,Warszawa,eyes closed,beta,-0.29030567460517087
R-IFG→R-pSTG,CEN→CEN,Warszawa,eyes closed,beta,0.19015307541661136
R-IFG→L-ITG,CEN→CEN,Warszawa,eyes closed,beta,-0.3500637697008116
R-IFG→R-ITG,CEN→CEN,Warszawa,eyes closed,beta,0.027826632278747578
R-IFG→L-SUP,CEN→CEN,Warszawa,eyes closed,beta,0.2795809426436849
R-IFG→R-SUP,CEN→CEN,Warszawa,eyes closed,beta,0.1528884141727378
L-mPFC→L-ACC,DMN→SN,Warszawa,eyes closed,beta,-0.12600935479776465
L-mPFC→R-ACC,DMN→SN,Warszawa,eyes closed,beta,0.06254526034339274
L-mPFC→L-INS,DMN→SN,Warszawa,eyes closed,beta,0.19276814004215706
L-mPFC→R-INS,DMN→SN,Warszawa,eyes closed,beta,-0.018530787470259505
L-mPFC→L-IFG,DMN→DMN,Warszawa,eyes closed,beta,-0.1442329263497209
L-mPFC→R-IFG,DMN→CEN,Warszawa,eyes closed,beta,-0.16100204652790942
L-mPFC→R-mPFC,DMN→DMN,Warszawa,eyes closed,beta,0.15602800284012575
L-mPFC→L-aSTG,DMN→DMN,Warszawa,eyes closed,beta,0.11727281762162002
L-mPFC→R-aSTG,DMN→DMN,Warszawa,eyes closed,beta,-0.1963226227445383
L-mPFC→L-PREC,DMN→DMN,Warszawa,eyes closed,beta,0.27910231439044336
L-mPFC→R-PREC,DMN→DMN,Warszawa,eyes closed,beta,-0.019111051771592225
L-mPFC→L-ANG,DMN→DMN,Warszawa,eyes closed,beta,0.22668275907107108
L-mPFC→R-ANG,DMN→DMN,Warszawa,eyes closed,beta,-0.005389237016012753
L-mPFC→L-SFG,DMN→CEN,Warszawa,eyes closed,beta,0.03413183443474743
L-mPFC→R-SFG,DMN→CEN,Warszawa,eyes closed,beta,-0.04690894525754455
L-mPFC→L-pSTG,DMN→CEN,Warszawa,eyes closed,beta,-0.006270996797813951
L-mPFC→R-pSTG,DMN→CEN,Warszawa,eyes closed,beta,0.023353360402721925
L-mPFC→L-ITG,DMN→CEN,Warszawa,eyes closed,beta,-0.062343989385153016
L-mPFC→R-ITG,DMN→CEN,Warszawa,eyes closed,beta,0.09729262720083313
L-mPFC→L-SUP,DMN→CEN,Warszawa,eyes closed,beta,0.10137141862207832
L-mPFC→R-SUP,DMN→CEN,Warszawa,eyes closed,beta,0.006935419821470659
R-mPFC→L-ACC,DMN→SN,Warszawa,eyes closed,beta,-0.1840533450040998
R-mPFC→R-ACC,DMN→SN,Warszawa,eyes closed,beta,-0.022654823122019517
R-mPFC→L-INS,DMN→SN,Warszawa,eyes closed,beta,0.1739946571582278
R-mPFC→R-INS,DMN→SN,Warszawa,eyes closed,beta,-0.1643673496037566
R-mPFC→L-IFG,DMN→DMN,Warszawa,eyes closed,beta,-0.11098805484532252
R-mPFC→R-IFG,DMN→CEN,Warszawa,eyes closed,beta,-0.1658092106331874
R-mPFC→L-mPFC,DMN→DMN,Warszawa,eyes closed,beta,-0.01907240450904431
R-mPFC→L-aSTG,DMN→DMN,Warszawa,eyes closed,beta,-0.20569174091988052
R-mPFC→R-aSTG,DMN→DMN,Warszawa,eyes closed,beta,0.052752606402821776
R-mPFC→L-PREC,DMN→DMN,Warszawa,eyes closed,beta,-0.051886204916726616
R-mPFC→R-PREC,DMN→DMN,Warszawa,eyes closed,beta,0.0034853574033876186
R-mPFC→L-ANG,DMN→DMN,Warszawa,eyes closed,beta,0.13941429613550474
R-mPFC→R-ANG,DMN→DMN,Warszawa,eyes closed,beta,-0.1375752275788221
R-mPFC→L-SFG,DMN→CEN,Warszawa,eyes closed,beta,-0.13790773598826614
R-mPFC→R-SFG,DMN→CEN,Warszawa,eyes closed,beta,0.0
R-mPFC→L-pSTG,DMN→CEN,Warszawa,eyes closed,beta,-0.08384198505551908
R-mPFC→R-pSTG,DMN→CEN,Warszawa,eyes closed,beta,0.03520849619349306
R-mPFC→L-ITG,DMN→CEN,Warszawa,eyes closed,beta,-0.10454607450741044
R-mPFC→R-ITG,DMN→CEN,Warszawa,eyes closed,beta,-0.21424667872399397
R-mPFC→L-SUP,DMN→CEN,Warszawa,eyes closed,beta,-0.08085092390161798
R-mPFC→R-SUP,DMN→CEN,Warszawa,eyes closed,beta,-0.07227007113401207
L-aSTG→L-ACC,DMN→SN,Warszawa,eyes closed,beta,0.10562548858047917
L-aSTG→R-ACC,DMN→SN,Warszawa,eyes closed,beta,0.3032260940947228
L-aSTG→L-INS,DMN→SN,Warszawa,eyes closed,beta,0.49767726512055854
L-aSTG→R-INS,DMN→SN,Warszawa,eyes closed,beta,0.15636315085848182
L-aSTG→L-IFG,DMN→DMN,Warszawa,eyes closed,beta,0.09406495196720926
L-aSTG→R-IFG,DMN→CEN,Warszawa,eyes closed,beta,0.15936477224423173
L-aSTG→L-mPFC,DMN→DMN,Warszawa,eyes closed,beta,0.13595728373467905
L-aSTG→R-mPFC,DMN→DMN,Warszawa,eyes closed,beta,0.2149419187126048
L-aSTG→R-aSTG,DMN→DMN,Warszawa,eyes closed,beta,0.14237921620763155
L-aSTG→L-PREC,DMN→DMN,Warszawa,eyes closed,beta,0.08084246592415602
L-aSTG→R-PREC,DMN→DMN,Warszawa,eyes closed,beta,0.14919497887110214
L-aSTG→L-ANG,DMN→DMN,Warszawa,eyes closed,beta,0.31891020240996704
L-aSTG→R-ANG,DMN→DMN,Warszawa,eyes closed,beta,0.18746584388349474
L-aSTG→L-SFG,DMN→CEN,Warszawa,eyes closed,beta,0.15983788754422587
L-aSTG→R-SFG,DMN→CEN,Warszawa,eyes closed,beta,0.29445545755756886
L-aSTG→L-pSTG,DMN→CEN,Warszawa,eyes closed,beta,0.12456135469974432
L-aSTG→R-pSTG,DMN→CEN,Warszawa,eyes closed,beta,0.3191878408444575
L-aSTG→L-ITG,DMN→CEN,Warszawa,eyes closed,beta,-0.04818004742267471
L-aSTG→R-ITG,DMN→CEN,Warszawa,eyes closed,beta,0.08495889281301557
L-aSTG→L-SUP,DMN→CEN,Warszawa,eyes closed,beta,0.012574886370696422
L-aSTG→R-SUP,DMN→CEN,Warszawa,eyes closed,beta,0.043346373884191616
R-aSTG→L-ACC,DMN→SN,Warszawa,eyes closed,beta,-0.026130194039571564
R-aSTG→R-ACC,DMN→SN,Warszawa,eyes closed,beta,0.2108641229049509
R-aSTG→L-INS,DMN→SN,Warszawa,eyes closed,beta,0.2947992377758574
R-aSTG→R-INS,DMN→SN,Warszawa,eyes closed,beta,-0.005900366396032288
R-aSTG→L-IFG,DMN→DMN,Warszawa,eyes closed,beta,0.0314970394174356
R-aSTG→R-IFG,DMN→CEN,Warszawa,eyes closed,beta,0.19940176959247183
R-aSTG→L-mPFC,DMN→DMN,Warszawa,eyes closed,beta,0.03793092683163614
R-aSTG→R-mPFC,DMN→DMN,Warszawa,eyes closed,beta,0.04210526421389368
R-aSTG→L-aSTG,DMN→DMN,Warszawa,eyes closed,beta,0.07319250547113999
R-aSTG→L-PREC,DMN→DMN,Warszawa,eyes closed,beta,-0.04748040432630563
R-aSTG→R-PREC,DMN→DMN,Warszawa,eyes closed,beta,-0.04681408379492694
R-aSTG→L-ANG,DMN→DMN,Warszawa,eyes closed,beta,-0.014824629976207605
R-aSTG→R-ANG,DMN→DMN,Warszawa,eyes closed,beta,0.2547000834905219
R-aSTG→L-SFG,DMN→CEN,Warszawa,eyes closed,beta,-0.03493841073067773
R-aSTG→R-SFG,DMN→CEN,Warszawa,eyes closed,beta,0.2486743700257272
R-aSTG→L-pSTG,DMN→CEN,Warszawa,eyes closed,beta,-0.1537326504729589
R-aSTG→R-pSTG,DMN→CEN,Warszawa,eyes closed,beta,0.22850481879919343
R-aSTG→L-ITG,DMN→CEN,Warszawa,eyes closed,beta,-0.2964925995241521
R-aSTG→R-ITG,DMN→CEN,Warszawa,eyes closed,beta,0.09764837870881724
R-aSTG→L-SUP,DMN→CEN,Warszawa,eyes closed,beta,0.05019636681929995
R-aSTG→R-SUP,DMN→CEN,Warszawa,eyes closed,beta,0.006970714806775237
L-PREC→L-ACC,DMN→SN,Warszawa,eyes closed,beta,-0.1450117263668665
L-PREC→R-ACC,DMN→SN,Warszawa,eyes closed,beta,-0.1565847007208551
L-PREC→L-INS,DMN→SN,Warszawa,eyes closed,beta,-0.25633084775906423
L-PREC→R-INS,DMN→SN,Warszawa,eyes closed,beta,-0.16121785099125768
L-PREC→L-IFG,DMN→DMN,Warszawa,eyes closed,beta,0.16752964195936607
L-PREC→R-IFG,DMN→CEN,Warszawa,eyes closed,beta,-0.0037182493940222184
L-PREC→L-mPFC,DMN→DMN,Warszawa,eyes closed,beta,-0.07412314988103802
L-PREC→R-mPFC,DMN→DMN,Warszawa,eyes closed,beta,-0.10199204770284384
L-PREC→L-aSTG,DMN→DMN,Warszawa,eyes closed,beta,-0.12721554522364806
L-PREC→R-aSTG,DMN→DMN,Warszawa,eyes closed,beta,-0.2644185443856015
L-PREC→R-PREC,DMN→DMN,Warszawa,eyes closed,beta,-0.01345345587992625
L-PREC→L-ANG,DMN→DMN,Warszawa,eyes closed,beta,0.09356295285136915
L-PREC→R-ANG,DMN→DMN,Warszawa,eyes closed,beta,0.01513513786491703
L-PREC→L-SFG,DMN→CEN,Warszawa,eyes closed,beta,0.03160511984918885
L-PREC→R-SFG,DMN→CEN,Warszawa,eyes closed,beta,-0.14730581177101523
L-PREC→L-pSTG,DMN→CEN,Warszawa,eyes closed,beta,-0.22168519459378455
L-PREC→R-pSTG,DMN→CEN,Warszawa,eyes closed,beta,-0.08289778273457032
L-PREC→L-ITG,DMN→CEN,Warszawa,eyes closed,beta,-0.12625250710521074
L-PREC→R-ITG,DMN→CEN,Warszawa,eyes closed,beta,-0.10367786667313879
L-PREC→L-SUP,DMN→CEN,Warszawa,eyes closed,beta,-0.08689809848399332
L-PREC→R-SUP,DMN→CEN,Warszawa,eyes closed,beta,0.004896531831411287
R-PREC→L-ACC,DMN→SN,Warszawa,eyes closed,beta,0.19041970789911725
R-PREC→R-ACC,DMN→SN,Warszawa,eyes closed,beta,0.1896546341581807
R-PREC→L-INS,DMN→SN,Warszawa,eyes closed,beta,-0.21514831842330973
R-PREC→R-INS,DMN→SN,Warszawa,eyes closed,beta,-0.08894777985724563
R-PREC→L-IFG,DMN→DMN,Warszawa,eyes closed,beta,-0.10782923242664433
R-PREC→R-IFG,DMN→CEN,Warszawa,eyes closed,beta,0.007923044809025472
R-PREC→L-mPFC,DMN→DMN,Warszawa,eyes closed,beta,-0.06321821138606024
R-PREC→R-mPFC,DMN→DMN,Warszawa,eyes closed,beta,0.18995197848462522
R-PREC→L-aSTG,DMN→DMN,Warszawa,eyes closed,beta,-0.07064673848642215
R-PREC→R-aSTG,DMN→DMN,Warszawa,eyes closed,beta,-0.08990708839310461
R-PREC→L-PREC,DMN→DMN,Warszawa,eyes closed,beta,0.03987866397345628
R-PREC→L-ANG,DMN→DMN,Warszawa,eyes closed,beta,-0.03136821663048857
R-PREC→R-ANG,DMN→DMN,Warszawa,eyes closed,beta,0.16327007823898176
R-PREC→L-SFG,DMN→CEN,Warszawa,eyes closed,beta,-0.3094817116592037
R-PREC→R-SFG,DMN→CEN,Warszawa,eyes closed,beta,-0.18552248022434012
R-PREC→L-pSTG,DMN→CEN,Warszawa,eyes closed,beta,-0.17338549553676647
R-PREC→R-pSTG,DMN→CEN,Warszawa,eyes closed,beta,0.0067139680876318625
R-PREC→L-ITG,DMN→CEN,Warszawa,eyes closed,beta,0.0009591382982331234
R-PREC→R-ITG,DMN→CEN,Warszawa,eyes closed,beta,-0.09417419115948375
R-PREC→L-SUP,DMN→CEN,Warszawa,eyes closed,beta,-0.029501831980161444
R-PREC→R-SUP,DMN→CEN,Warszawa,eyes closed,beta,0.13527435949570094
L-ANG→L-ACC,DMN→SN,Warszawa,eyes closed,beta,-0.16215006005776075
L-ANG→R-ACC,DMN→SN,Warszawa,eyes closed,beta,-0.04807609897920027
L-ANG→L-INS,DMN→SN,Warszawa,eyes closed,beta,-0.03592824677341835
L-ANG→R-INS,DMN→SN,Warszawa,eyes closed,beta,-0.20565433691927407
L-ANG→L-IFG,DMN→DMN,Warszawa,eyes closed,beta,-0.00933639395914289
L-ANG→R-IFG,DMN→CEN,Warszawa,eyes closed,beta,0.11712485591169987
L-ANG→L-mPFC,DMN→DMN,Warszawa,eyes closed,beta,-0.018608286192401357
L-ANG→R-mPFC,DMN→DMN,Warszawa,eyes closed,beta,0.08349849916264557
L-ANG→L-aSTG,DMN→DMN,Warszawa,eyes closed,beta,-0.290763349696849
L-ANG→R-aSTG,DMN→DMN,Warszawa,eyes closed,beta,-0.12440141489322447
L-ANG→L-PREC,DMN→DMN,Warszawa,eyes closed,beta,0.013057418217096765
L-ANG→R-PREC,DMN→DMN,Warszawa,eyes closed,beta,-0.0766778628745276
L-ANG→R-ANG,DMN→DMN,Warszawa,eyes closed,beta,0.10743332990607365
L-ANG→L-SFG,DMN→CEN,Warszawa,eyes closed,beta,0.056018363754857345
L-ANG→R-SFG,DMN→CEN,Warszawa,eyes closed,beta,-0.28024032483266315
L-ANG→L-pSTG,DMN→CEN,Warszawa,eyes closed,beta,-0.14191657475500247
L-ANG→R-pSTG,DMN→CEN,Warszawa,eyes closed,beta,-0.06649529043644921
L-ANG→L-ITG,DMN→CEN,Warszawa,eyes closed,beta,0.039172254651290296
L-ANG→R-ITG,DMN→CEN,Warszawa,eyes closed,beta,-0.22486002803590027
L-ANG→L-SUP,DMN→CEN,Warszawa,eyes closed,beta,-0.24273969375147303
L-ANG→R-SUP,DMN→CEN,Warszawa,eyes closed,beta,-0.07991894377211294
R-ANG→L-ACC,DMN→SN,Warszawa,eyes closed,beta,-0.08765666977630625
R-ANG→R-ACC,DMN→SN,Warszawa,eyes closed,beta,-0.004479283427009965
R-ANG→L-INS,DMN→SN,Warszawa,eyes closed,beta,-0.017216250968892375
R-ANG→R-INS,DMN→SN,Warszawa,eyes closed,beta,0.004479283427009965
R-ANG→L-IFG,DMN→DMN,Warszawa,eyes closed,beta,-0.1227022300027332
R-ANG→R-IFG,DMN→CEN,Warszawa,eyes closed,beta,-0.06338435847220378
R-ANG→L-mPFC,DMN→DMN,Warszawa,eyes closed,beta,0.09111813833214671
R-ANG→R-mPFC,DMN→DMN,Warszawa,eyes closed,beta,0.16497938994795694
R-ANG→L-aSTG,DMN→DMN,Warszawa,eyes closed,beta,-0.11413745748974166
R-ANG→R-aSTG,DMN→DMN,Warszawa,eyes closed,beta,-0.05917058335901571
R-ANG→L-PREC,DMN→DMN,Warszawa,eyes closed,beta,0.013898946742976162
R-ANG→R-PREC,DMN→DMN,Warszawa,eyes closed,beta,0.0269069117598525
R-ANG→L-ANG,DMN→DMN,Warszawa,eyes closed,beta,-0.10598832798158413
R-ANG→L-SFG,DMN→CEN,Warszawa,eyes closed,beta,-0.0934134416108877
R-ANG→R-SFG,DMN→CEN,Warszawa,eyes closed,beta,0.19623283621077794
R-ANG→L-pSTG,DMN→CEN,Warszawa,eyes closed,beta,-0.10958115265892597
R-ANG→R-pSTG,DMN→CEN,Warszawa,eyes closed,beta,0.017785727695593397
R-ANG→L-ITG,DMN→CEN,Warszawa,eyes closed,beta,-0.3653671038953826
R-ANG→R-ITG,DMN→CEN,Warszawa,eyes closed,beta,-0.01513513786491703
R-ANG→L-SUP,DMN→CEN,Warszawa,eyes closed,beta,-0.057445441157804464
R-ANG→R-SUP,DMN→CEN,Warszawa,eyes closed,beta,-0.05385841862903262
L-SFG→L-ACC,CEN→SN,Warszawa,eyes closed,beta,-0.16480483452909656
L-SFG→R-ACC,CEN→SN,Warszawa,eyes closed,beta,0.030117781422724792
L-SFG→L-INS,CEN→SN,Warszawa,eyes closed,beta,0.07553164524782306
L-SFG→R-INS,CEN→SN,Warszawa,eyes closed,beta,0.20104045878904042
L-SFG→L-IFG,CEN→DMN,Warszawa,eyes closed,beta,0.10830216992605754
L-SFG→R-IFG,CEN→CEN,Warszawa,eyes closed,beta,-0.1312847318278161
L-SFG→L-mPFC,CEN→DMN,Warszawa,eyes closed,beta,0.017426787016938092
L-SFG→R-mPFC,CEN→DMN,Warszawa,eyes closed,beta,-0.032873469920751325
L-SFG→L-aSTG,CEN→DMN,Warszawa,eyes closed,beta,-0.004507633605135434
L-SFG→R-aSTG,CEN→DMN,Warszawa,eyes closed,beta,-0.0764442070863689
L-SFG→L-PREC,CEN→DMN,Warszawa,eyes closed,beta,0.12711526766481926
L-SFG→R-PREC,CEN→DMN,Warszawa,eyes closed,beta,-0.06068492343786826
L-SFG→L-ANG,CEN→DMN,Warszawa,eyes closed,beta,-0.012198750911856664
L-SFG→R-ANG,CEN→DMN,Warszawa,eyes closed,beta,0.10630340080332236
L-SFG→R-SFG,CEN→CEN,Warszawa,eyes closed,beta,-0.021861865804880157
L-SFG→L-pSTG,CEN→CEN,Warszawa,eyes closed,beta,-0.06581145063497734
L-SFG→R-pSTG,CEN→CEN,Warszawa,eyes closed,beta,0.11528514274667731
L-SFG→L-ITG,CEN→CEN,Warszawa,eyes closed,beta,-0.24251566572057384
L-SFG→R-ITG,CEN→CEN,Warszawa,eyes closed,beta,0.10475908622587324
L-SFG→L-SUP,CEN→CEN,Warszawa,eyes closed,beta,-0.07333312520782988
L-SFG→R-SUP,CEN→CEN,Warszawa,eyes closed,beta,0.18933256414790312
R-SFG→L-ACC,CEN→SN,Warszawa,eyes closed,beta,-0.011154748182066654
R-SFG→R-ACC,CEN→SN,Warszawa,eyes closed,beta,0.10076736388657719
R-SFG→L-INS,CEN→SN,Warszawa,eyes closed,beta,0.2536198551124856
R-SFG→R-INS,CEN→SN,Warszawa,eyes closed,beta,0.14459556776471488
R-SFG→L-IFG,CEN→DMN,Warszawa,eyes closed,beta,-0.024168621061144417
R-SFG→R-IFG,CEN→CEN,Warszawa,eyes closed,beta,0.03718249394022218
R-SFG→L-mPFC,CEN→DMN,Warszawa,eyes closed,beta,0.1654620980339887
R-SFG→R-mPFC,CEN→DMN,Warszawa,eyes closed,beta,0.0916170292722168
R-SFG→L-aSTG,CEN→DMN,Warszawa,eyes closed,beta,0.13348264612489696
R-SFG→R-aSTG,CEN→DMN,Warszawa,eyes closed,beta,0.4083916046252704
R-SFG→L-PREC,CEN→DMN,Warszawa,eyes closed,beta,0.22922845353800353
R-SFG→R-PREC,CEN→DMN,Warszawa,eyes closed,beta,0.19623283621077794
R-SFG→L-ANG,CEN→DMN,Warszawa,eyes closed,beta,0.034747366857440405
R-SFG→R-ANG,CEN→DMN,Warszawa,eyes closed,beta,0.2503660324068546
R-SFG→L-SFG,CEN→CEN,Warszawa,eyes closed,beta,0.21875020191242214
R-SFG→L-pSTG,CEN→CEN,Warszawa,eyes closed,beta,-0.03437407516786466
R-SFG→R-pSTG,CEN→CEN,Warszawa,eyes closed,beta,0.17744058517312783
R-SFG→L-ITG,CEN→CEN,Warszawa,eyes closed,beta,0.11957228117989004
R-SFG→R-ITG,CEN→CEN,Warszawa,eyes closed,beta,0.14886628953921086
R-SFG→L-SUP,CEN→CEN,Warszawa,eyes closed,beta,0.09585666533801325
R-SFG→R-SUP,CEN→CEN,Warszawa,eyes closed,beta,0.2249540883383442
L-pSTG→L-ACC,CEN→SN,Warszawa,eyes closed,beta,-0.0375400773741532
L-pSTG→R-ACC,CEN→SN,Warszawa,eyes closed,beta,0.3989624992875176
L-pSTG→L-INS,CEN→SN,Warszawa,eyes closed,beta,0.14225668889018858
L-pSTG→R-INS,CEN→SN,Warszawa,eyes closed,beta,0.14053013547766233
L-pSTG→L-IFG,CEN→DMN,Warszawa,eyes closed,beta,0.1431526016698554
L-pSTG→R-IFG,CEN→CEN,Warszawa,eyes closed,beta,0.06107801951481119
L-pSTG→L-mPFC,CEN→DMN,Warszawa,eyes closed,beta,0.13789792276924406
L-pSTG→R-mPFC,CEN→DMN,Warszawa,eyes closed,beta,0.16677708723233553
L-pSTG→L-aSTG,CEN→DMN,Warszawa,eyes closed,beta,0.0026875700562059793
L-pSTG→R-aSTG,CEN→DMN,Warszawa,eyes closed,beta,0.21196956390952026
L-pSTG→L-PREC,CEN→DMN,Warszawa,eyes closed,beta,0.21366183288341964
L-pSTG→R-PREC,CEN→DMN,Warszawa,eyes closed,beta,0.2945127005862538
L-pSTG→L-ANG,CEN→DMN,Warszawa,eyes closed,beta,0.12452407927087704
L-pSTG→R-ANG,CEN→DMN,Warszawa,eyes closed,beta,0.1459389408012497
L-pSTG→L-SFG,CEN→CEN,Warszawa,eyes closed,beta,0.40103087695842093
L-pSTG→R-SFG,CEN→CEN,Warszawa,eyes closed,beta,0.10076736388657719
L-pSTG→R-pSTG,CEN→CEN,Warszawa,eyes closed,beta,0.00715564651235153
L-pSTG→L-ITG,CEN→CEN,Warszawa,eyes closed,beta,-0.04130256477222602
L-pSTG→R-ITG,CEN→CEN,Warszawa,eyes closed,beta,0.09019131491077927
L-pSTG→L-SUP,CEN→CEN,Warszawa,eyes closed,beta,0.04632696867564876
L-pSTG→R-SUP,CEN→CEN,Warszawa,eyes closed,beta,0.15089863644835705
R-pSTG→L-ACC,CEN→SN,Warszawa,eyes closed,beta,-0.02258578845733626
R-pSTG→R-ACC,CEN→SN,Warszawa,eyes closed,beta,-0.04517157691467252
R-pSTG→L-INS,CEN→SN,Warszawa,eyes closed,beta,-0.0766778628745276
R-pSTG→R-INS,CEN→SN,Warszawa,eyes closed,beta,-0.08539125638299665
R-pSTG→L-IFG,CEN→DMN,Warszawa,eyes closed,beta,-0.05920818333945886
R-pSTG→R-IFG,CEN→CEN,Warszawa,eyes closed,beta,-0.0900273397253598
R-pSTG→L-mPFC,CEN→DMN,Warszawa,eyes closed,beta,-0.16321772771370957
R-pSTG→R-mPFC,CEN→DMN,Warszawa,eyes closed,beta,0.015846089618050944
R-pSTG→L-aSTG,CEN→DMN,Warszawa,eyes closed,beta,-0.22607560713716596
R-pSTG→R-aSTG,CEN→DMN,Warszawa,eyes closed,beta,0.08718305148683493
R-pSTG→L-PREC,CEN→DMN,Warszawa,eyes closed,beta,-0.16811425954512085
R-pSTG→R-PREC,CEN→DMN,Warszawa,eyes closed,beta,-0.05053768234912046
R-pSTG→L-ANG,CEN→DMN,Warszawa,eyes closed,beta,-0.07123210205775284
R-pSTG→R-ANG,CEN→DMN,Warszawa,eyes closed,beta,0.06996148726724
R-pSTG→L-SFG,CEN→CEN,Warszawa,eyes closed,beta,-0.1111915739438093
R-pSTG→R-SFG,CEN→CEN,Warszawa,eyes closed,beta,-0.07839058211871469
R-pSTG→L-pSTG,CEN→CEN,Warszawa,eyes closed,beta,-0.48076098979200266
R-pSTG→L-ITG,CEN→CEN,Warszawa,eyes closed,beta,-0.2080744728786697
R-pSTG→R-ITG,CEN→CEN,Warszawa,eyes closed,beta,0.07144982676944618
R-pSTG→L-SUP,CEN→CEN,Warszawa,eyes closed,beta,-0.27907021398170967
R-pSTG→R-SUP,CEN→CEN,Warszawa,eyes closed,beta,0.06467084419215303
L-ITG→L-ACC,CEN→SN,Warszawa,eyes closed,beta,0.16167711048038255
L-ITG→R-ACC,CEN→SN,Warszawa,eyes closed,beta,0.3978573505176926
L-ITG→L-INS,CEN→SN,Warszawa,eyes closed,beta,0.026689000485810983
L-ITG→R-INS,CEN→SN,Warszawa,eyes closed,beta,-0.04804584065340578
L-ITG→L-IFG,CEN→DMN,Warszawa,eyes closed,beta,0.10191933108642727
L-ITG→R-IFG,CEN→CEN,Warszawa,eyes closed,beta,0.020735114583623
L-ITG→L-mPFC,CEN→DMN,Warszawa,eyes closed,beta,0.34280247602868447
L-ITG→R-mPFC,CEN→DMN,Warszawa,eyes closed,beta,0.23904715836634763
L-ITG→L-aSTG,CEN→DMN,Warszawa,eyes closed,beta,-0.03928465733470246
L-ITG→R-aSTG,CEN→DMN,Warszawa,eyes closed,beta,-0.04036036763977875
L-ITG→L-PREC,CEN→DMN,Warszawa,eyes closed,beta,0.1849652616175574
L-ITG→R-PREC,CEN→DMN,Warszawa,eyes closed,beta,0.00816088638568548
L-ITG→L-ANG,CEN→DMN,Warszawa,eyes closed,beta,0.5106048595962861
L-ITG→R-ANG,CEN→DMN,Warszawa,eyes closed,beta,0.175797710600282
L-ITG→L-SFG,CEN→CEN,Warszawa,eyes closed,beta,0.11497038967493872
L-ITG→R-SFG,CEN→CEN,Warszawa,eyes closed,beta,-0.004214547425737349
L-ITG→L-pSTG,CEN→CEN,Warszawa,eyes closed,beta,0.16754952480053678
L-ITG→R-pSTG,CEN→CEN,Warszawa,eyes closed,beta,0.07567568932458515
L-ITG→R-ITG,CEN→CEN,Warszawa,eyes closed,beta,-0.2463605884855481
L-ITG→L-SUP,CEN→CEN,Warszawa,eyes closed,beta,0.24482659157056436
L-ITG→R-SUP,CEN→CEN,Warszawa,eyes closed,beta,-0.05003312616970067
R-ITG→L-ACC,CEN→SN,Warszawa,eyes closed,beta,0.12241329578528218
R-ITG→R-ACC,CEN→SN,Warszawa,eyes closed,beta,0.23683273335783545
R-ITG→L-INS,CEN→SN,Warszawa,eyes closed,beta,0.12433959033088937
R-ITG→R-INS,CEN→SN,Warszawa,eyes closed,beta,-0.14012016241633157
R-ITG→L-IFG,CEN→DMN,Warszawa,eyes closed,beta,0.19969700811807084
R-ITG→R-IFG,CEN→CEN,Warszawa,eyes closed,beta,0.06321821138606024
R-ITG→L-mPFC,CEN→DMN,Warszawa,eyes closed,beta,-0.0353153216848064
R-ITG→R-mPFC,CEN→DMN,Warszawa,eyes closed,beta,0.07513428837969106
R-ITG→L-aSTG,CEN→DMN,Warszawa,eyes closed,beta,0.017953950048508055
R-ITG→R-aSTG,CEN→DMN,Warszawa,eyes closed,beta,0.131138100722977
R-ITG→L-PREC,CEN→DMN,Warszawa,eyes closed,beta,0.1652699351577244
R-ITG→R-PREC,CEN→DMN,Warszawa,eyes closed,beta,-0.0016321772771370957
R-ITG→L-ANG,CEN→DMN,Warszawa,eyes closed,beta,0.06539753803434549
R-ITG→R-ANG,CEN→DMN,Warszawa,eyes closed,beta,0.13789792276924406
R-ITG→L-SFG,CEN→CEN,Warszawa,eyes closed,beta,0.05356166968099849
R-ITG→R-SFG,CEN→CEN,Warszawa,eyes closed,beta,0.10076736388657719
R-ITG→L-pSTG,CEN→CEN,Warszawa,eyes closed,beta,-0.0383389314372638
R-ITG→R-pSTG,CEN→CEN,Warszawa,eyes closed,beta,0.20468209485238711
R-ITG→L-ITG,CEN→CEN,Warszawa,eyes closed,beta,-0.08681967697018939
R-ITG→L-SUP,CEN→CEN,Warszawa,eyes closed,beta,-0.10539760160824674
R-ITG→R-SUP,CEN→CEN,Warszawa,eyes closed,beta,0.10258260108443766
L-SUP→L-ACC,CEN→SN,Warszawa,eyes closed,beta,0.0026875700562059793
L-SUP→R-ACC,CEN→SN,Warszawa,eyes closed,beta,0.0892511453816816
L-SUP→L-INS,CEN→SN,Warszawa,eyes closed,beta,0.11841636667891772
L-SUP→R-INS,CEN→SN,Warszawa,eyes closed,beta,0.1544914611256989
L-SUP→L-IFG,CEN→DMN,Warszawa,eyes closed,beta,-0.04517157691467252
L-SUP→R-IFG,CEN→CEN,Warszawa,eyes closed,beta,-0.119148941231008
L-SUP→L-mPFC,CEN→DMN,Warszawa,eyes closed,beta,-0.017701099188096866
L-SUP→R-mPFC,CEN→DMN,Warszawa,eyes closed,beta,0.08887661378638427
L-SUP→L-aSTG,CEN→DMN,Warszawa,eyes closed,beta,-0.04208416903507024
L-SUP→R-aSTG,CEN→DMN,Warszawa,eyes closed,beta,0.09585666533801325
L-SUP→L-PREC,CEN→DMN,Warszawa,eyes closed,beta,0.23302864943522933
L-SUP→R-PREC,CEN→DMN,Warszawa,eyes closed,beta,-0.022396417135049827
L-SUP→L-ANG,CEN→DMN,Warszawa,eyes closed,beta,0.0016816819849907812
L-SUP→R-ANG,CEN→DMN,Warszawa,eyes closed,beta,0.04927211769710962
L-SUP→L-SFG,CEN→CEN,Warszawa,eyes closed,beta,0.013390417420249623
L-SUP→R-SFG,CEN→CEN,Warszawa,eyes closed,beta,-0.20806259464411975
L-SUP→L-pSTG,CEN→CEN,Warszawa,eyes closed,beta,-0.15195245725612794
L-SUP→R-pSTG,CEN→CEN,Warszawa,eyes closed,beta,0.025943102458363308
L-SUP→L-ITG,CEN→CEN,Warszawa,eyes closed,beta,-0.21055086875068535
L-SUP→R-ITG,CEN→CEN,Warszawa,eyes closed,beta,0.1725495628749944
L-SUP→R-SUP,CEN→CEN,Warszawa,eyes closed,beta,-0.09585587314447452
R-SUP→L-ACC,CEN→SN,Warszawa,eyes closed,beta,-0.1369745414740455
R-SUP→R-ACC,CEN→SN,Warszawa,eyes closed,beta,0.1821942203070887
R-SUP→L-INS,CEN→SN,Warszawa,eyes closed,beta,0.09700626628822955
R-SUP→R-INS,CEN→SN,Warszawa,eyes closed,beta,0.04879500364742666
R-SUP→L-IFG,CEN→DMN,Warszawa,eyes closed,beta,-0.14919497887110214
R-SUP→R-IFG,CEN→CEN,Warszawa,eyes closed,beta,0.06658984932665012
R-SUP→L-mPFC,CEN→DMN,Warszawa,eyes closed,beta,0.3048964503098219
R-SUP→R-mPFC,CEN→DMN,Warszawa,eyes closed,beta,0.009265393735129752
R-SUP→L-aSTG,CEN→DMN,Warszawa,eyes closed,beta,0.05072468450143122
R-SUP→R-aSTG,CEN→DMN,Warszawa,eyes closed,beta,-0.07108805317007424
R-SUP→L-PREC,CEN→DMN,Warszawa,eyes closed,beta,0.15807810658913343
R-SUP→R-PREC,CEN→DMN,Warszawa,eyes closed,beta,-0.03398932093366976
R-SUP→L-ANG,CEN→DMN,Warszawa,eyes closed,beta,0.08876819787750465
R-SUP→R-ANG,CEN→DMN,Warszawa,eyes closed,beta,0.1760424809674653
R-SUP→L-SFG,CEN→CEN,Warszawa,eyes closed,beta,0.22350564108443136
R-SUP→R-SFG,CEN→CEN,Warszawa,eyes closed,beta,0.19892634258018865
R-SUP→L-pSTG,CEN→CEN,Warszawa,eyes closed,beta,-0.05925107585758951
R-SUP→R-pSTG,CEN→CEN,Warszawa,eyes closed,beta,0.15195245725612794
R-SUP→L-ITG,CEN→CEN,Warszawa,eyes closed,beta,0.027947328351839697
R-SUP→R-ITG,CEN→CEN,Warszawa,eyes closed,beta,0.13592893873211712
R-SUP→L-SUP,CEN→CEN,Warszawa,eyes closed,beta,-0.07038501105800858
L-ACC→R-ACC,SN→SN,Warszawa,eyes closed,delta,-0.10359940563711491
L-ACC→L-INS,SN→SN,Warszawa,eyes closed,delta,-0.06856391363996016
L-ACC→R-INS,SN→SN,Warszawa,eyes closed,delta,-0.029625537928794753
L-ACC→L-IFG,SN→DMN,Warszawa,eyes closed,delta,0.13712782727992032
L-ACC→R-IFG,SN→CEN,Warszawa,eyes closed,delta,0.2515259551665573
L-ACC→L-mPFC,SN→DMN,Warszawa,eyes closed,delta,-0.0074123149881038025
L-ACC→R-mPFC,SN→DMN,Warszawa,eyes closed,delta,0.2317490606639951
L-ACC→L-aSTG,SN→DMN,Warszawa,eyes closed,delta,-0.0655932708731095
L-ACC→R-aSTG,SN→DMN,Warszawa,eyes closed,delta,0.09111501530379294
L-ACC→L-PREC,SN→DMN,Warszawa,eyes closed,delta,-0.14657632896697123
L-ACC→R-PREC,SN→DMN,Warszawa,eyes closed,delta,-0.12780783085929937
L-ACC→L-ANG,SN→DMN,Warszawa,eyes closed,delta,0.13123766423931502
L-ACC→R-ANG,SN→DMN,Warszawa,eyes closed,delta,0.16327007823898176
L-ACC→L-SFG,SN→CEN,Warszawa,eyes closed,delta,-0.08034250452149774
L-ACC→R-SFG,SN→CEN,Warszawa,eyes closed,delta,-0.19497300605237627
L-ACC→L-pSTG,SN→CEN,Warszawa,eyes closed,delta,-0.07801400142006287
L-ACC→R-pSTG,SN→CEN,Warszawa,eyes closed,delta,0.009854423539421923
L-ACC→L-ITG,SN→CEN,Warszawa,eyes closed,delta,0.007586185366327228
L-ACC→R-ITG,SN→CEN,Warszawa,eyes closed,delta,-0.044294701958762596
L-ACC→L-SUP,SN→CEN,Warszawa,eyes closed,delta,0.1538055360031539
L-ACC→R-SUP,SN→CEN,Warszawa,eyes closed,delta,0.09524877182166408
R-ACC→L-ACC,SN→SN,Warszawa,eyes closed,delta,-0.008686841714360101
R-ACC→L-INS,SN→SN,Warszawa,eyes closed,delta,0.1544914611256989
R-ACC→R-INS,SN→SN,Warszawa,eyes closed,delta,-0.14972041544180767
R-ACC→L-IFG,SN→DMN,Warszawa,eyes closed,delta,0.11763856388520043
R-ACC→R-IFG,SN→CEN,Warszawa,eyes closed,delta,-0.0892511453816816
R-ACC→L-mPFC,SN→DMN,Warszawa,eyes closed,delta,0.019760535725380092
R-ACC→R-mPFC,SN→DMN,Warszawa,eyes closed,delta,-0.14872997576088873
R-ACC→L-aSTG,SN→DMN,Warszawa,eyes closed,delta,-0.03300999851456839
R-ACC→R-aSTG,SN→DMN,Warszawa,eyes closed,delta,-0.026060525143080306
R-ACC→L-PREC,SN→DMN,Warszawa,eyes closed,delta,-0.08165631211498496
R-ACC→R-PREC,SN→DMN,Warszawa,eyes closed,delta,-0.1627347036567506
R-ACC→L-ANG,SN→DMN,Warszawa,eyes closed,delta,0.08744746321952063
R-ACC→R-ANG,SN→DMN,Warszawa,eyes closed,delta,-0.10169944014830824
R-ACC→L-SFG,SN→CEN,Warszawa,eyes closed,delta,0.2770859135693156
R-ACC→R-SFG,SN→CEN,Warszawa,eyes closed,delta,-0.10839865893364117
R-ACC→L-pSTG,SN→CEN,Warszawa,eyes closed,delta,-0.08016322027791521
R-ACC→R-pSTG,SN→CEN,Warszawa,eyes closed,delta,0.0858948244241146
R-ACC→L-ITG,SN→CEN,Warszawa,eyes closed,delta,-0.10225185833561101
R-ACC→R-ITG,SN→CEN,Warszawa,eyes closed,delta,-0.07319250547113999
R-ACC→L-SUP,SN→CEN,Warszawa,eyes closed,delta,-0.11939942093434547
R-ACC→R-SUP,SN→CEN,Warszawa,eyes closed,delta,-0.07256439151756144
L-INS→L-ACC,SN→SN,Warszawa,eyes closed,delta,-0.09051526052442792
L-INS→R-ACC,SN→SN,Warszawa,eyes closed,delta,0.08165631211498496
L-INS→R-INS,SN→SN,Warszawa,eyes closed,delta,0.1928044628694431
L-INS→L-IFG,SN→DMN,Warszawa,eyes closed,delta,0.06474391435806207
L-INS→R-IFG,SN→CEN,Warszawa,eyes closed,delta,0.19470507454132405
L-INS→L-mPFC,SN→DMN,Warszawa,eyes closed,delta,0.26191649853877014
L-INS→R-mPFC,SN→DMN,Warszawa,eyes closed,delta,0.057775698207081644
L-INS→L-aSTG,SN→DMN,Warszawa,eyes closed,delta,0.019760535725380092
L-INS→R-aSTG,SN→DMN,Warszawa,eyes closed,delta,0.2026445919742109
L-INS→L-PREC,SN→DMN,Warszawa,eyes closed,delta,-0.04647811742527772
L-INS→R-PREC,SN→DMN,Warszawa,eyes closed,delta,0.14602463972052487
L-INS→L-ANG,SN→DMN,Warszawa,eyes closed,delta,-0.08894777985724563
L-INS→R-ANG,SN→DMN,Warszawa,eyes closed,delta,-0.01749835523190867
L-INS→L-SFG,SN→CEN,Warszawa,eyes closed,delta,0.3061775078697184
L-INS→R-SFG,SN→CEN,Warszawa,eyes closed,delta,0.1508807978413971
L-INS→L-pSTG,SN→CEN,Warszawa,eyes closed,delta,0.02311027928283266
L-INS→R-pSTG,SN→CEN,Warszawa,eyes closed,delta,0.008982061693354587
L-INS→L-ITG,SN→CEN,Warszawa,eyes closed,delta,0.01383334376323931
L-INS→R-ITG,SN→CEN,Warszawa,eyes closed,delta,0.024337236185789615
L-INS→L-SUP,SN→CEN,Warszawa,eyes closed,delta,-0.059491990304355494
L-INS→R-SUP,SN→CEN,Warszawa,eyes closed,delta,-0.057484001046362115
R-INS→L-ACC,SN→SN,Warszawa,eyes closed,delta,0.09862040976225396
R-INS→R-ACC,SN→SN,Warszawa,eyes closed,delta,0.10747856732750513
R-INS→L-INS,SN→SN,Warszawa,eyes closed,delta,0.13865328415794578
R-INS→L-IFG,SN→DMN,Warszawa,eyes closed,delta,0.12874947814666393
R-INS→R-IFG,SN→CEN,Warszawa,eyes closed,delta,0.07651667097285499
R-INS→L-mPFC,SN→DMN,Warszawa,eyes closed,delta,0.20799251354549392
R-INS→R-mPFC,SN→DMN,Warszawa,eyes closed,delta,-0.0834823447475939
R-INS→L-aSTG,SN→DMN,Warszawa,eyes closed,delta,0.17627460934336286
R-INS→R-aSTG,SN→DMN,Warszawa,eyes closed,delta,-0.18416104434443414
R-INS→L-PREC,SN→DMN,Warszawa,eyes closed,delta,-0.08007640108900962
R-INS→R-PREC,SN→DMN,Warszawa,eyes closed,delta,-0.15717186204738548
R-INS→L-ANG,SN→DMN,Warszawa,eyes closed,delta,0.14379130239582866
R-INS→R-ANG,SN→DMN,Warszawa,eyes closed,delta,0.013913724124598986
R-INS→L-SFG,SN→CEN,Warszawa,eyes closed,delta,0.338079668128599
R-INS→R-SFG,SN→CEN,Warszawa,eyes closed,delta,0.07655843046497171
R-INS→L-pSTG,SN→CEN,Warszawa,eyes closed,delta,0.003975349749885424
R-INS→R-pSTG,SN→CEN,Warszawa,eyes closed,delta,0.012198750911856664
R-INS→L-ITG,SN→CEN,Warszawa,eyes closed,delta,0.007436498788044437
R-INS→R-ITG,SN→CEN,Warszawa,eyes closed,delta,-0.04208416903507024
R-INS→L-SUP,SN→CEN,Warszawa,eyes closed,delta,0.04298838374252096
R-INS→R-SUP,SN→CEN,Warszawa,eyes closed,delta,0.12323584224644817
L-IFG→L-ACC,DMN→SN,Warszawa,eyes closed,delta,0.36201574956126276
L-IFG→R-ACC,DMN→SN,Warszawa,eyes closed,delta,0.06254526034339274
L-IFG→L-INS,DMN→SN,Warszawa,eyes closed,delta,0.1328841058762878
L-IFG→R-INS,DMN→SN,Warszawa,eyes closed,delta,0.4016651523515366
L-IFG→R-IFG,DMN→CEN,Warszawa,eyes closed,delta,0.0520959578214566
L-IFG→L-mPFC,DMN→DMN,Warszawa,eyes closed,delta,-0.0766778628745276
L-IFG→R-mPFC,DMN→DMN,Warszawa,eyes closed,delta,-0.06841598700886191
L-IFG→L-aSTG,DMN→DMN,Warszawa,eyes closed,delta,0.055653264557495155
L-IFG→R-aSTG,DMN→DMN,Warszawa,eyes closed,delta,-0.12078111850814509
L-IFG→L-PREC,DMN→DMN,Warszawa,eyes closed,delta,-0.08524162236319373
L-IFG→R-PREC,DMN→DMN,Warszawa,eyes closed,delta,-0.048768777564732656
L-IFG→L-ANG,DMN→DMN,Warszawa,eyes closed,delta,-0.024636000448440908
L-IFG→R-ANG,DMN→DMN,Warszawa,eyes closed,delta,0.11526573121468876
L-IFG→L-SFG,DMN→CEN,Warszawa,eyes closed,delta,0.07122061096113987
L-IFG→R-SFG,DMN→CEN,Warszawa,eyes closed,delta,-0.09672203953602598
L-IFG→L-pSTG,DMN→CEN,Warszawa,eyes closed,delta,-0.19470507454132405
L-IFG→R-pSTG,DMN→CEN,Warszawa,eyes closed,delta,-0.19092900347541703
L-IFG→L-ITG,DMN→CEN,Warszawa,eyes closed,delta,-0.15124958213811485
L-IFG→R-ITG,DMN→CEN,Warszawa,eyes closed,delta,0.2454044600054664
L-IFG→L-SUP,DMN→CEN,Warszawa,eyes closed,delta,0.119148941231008
L-IFG→R-SUP,DMN→CEN,Warszawa,eyes closed,delta,0.005963024624828136
R-IFG→L-ACC,CEN→SN,Warszawa,eyes closed,delta,0.23239058712638863
R-IFG→R-ACC,CEN→SN,Warszawa,eyes closed,delta,0.21377306830183915
R-IFG→L-INS,CEN→SN,Warszawa,eyes closed,delta,0.08165631211498496
R-IFG→R-INS,CEN→SN,Warszawa,eyes closed,delta,0.05907052365764869
R-IFG→L-IFG,CEN→DMN,Warszawa,eyes closed,delta,0.014329461247506987
R-IFG→L-mPFC,CEN→DMN,Warszawa,eyes closed,delta,0.02155694806405101
R-IFG→R-mPFC,CEN→DMN,Warszawa,eyes closed,delta,0.06597483286396845
R-IFG→L-aSTG,CEN→DMN,Warszawa,eyes closed,delta,0.32004198596461586
R-IFG→R-aSTG,CEN→DMN,Warszawa,eyes closed,delta,-0.032873469920751325
R-IFG→L-PREC,CEN→DMN,Warszawa,eyes closed,delta,-0.10688502240525541
R-IFG→R-PREC,CEN→DMN,Warszawa,eyes closed,delta,0.13789792276924406
R-IFG→L-ANG,CEN→DMN,Warszawa,eyes closed,delta,-0.006270996797813951
R-IFG→R-ANG,CEN→DMN,Warszawa,eyes closed,delta,0.10643489113422895
R-IFG→L-SFG,CEN→CEN,Warszawa,eyes closed,delta,0.020848420114464243
R-IFG→R-SFG,CEN→CEN,Warszawa,eyes closed,delta,-0.014792645839753928
R-IFG→L-pSTG,CEN→CEN,Warszawa,eyes closed,delta,0.06761450407703153
R-IFG→R-pSTG,CEN→CEN,Warszawa,eyes closed,delta,0.057321502629046464
R-IFG→L-ITG,CEN→CEN,Warszawa,eyes closed,delta,-0.2631444839557652
R-IFG→R-ITG,CEN→CEN,Warszawa,eyes closed,delta,-0.033356488678002214
R-IFG→L-SUP,CEN→CEN,Warszawa,eyes closed,delta,0.05199812838637348
R-IFG→R-SUP,CEN→CEN,Warszawa,eyes closed,delta,-0.06101966408898495
L-mPFC→L-ACC,DMN→SN,Warszawa,eyes closed,delta,-0.005212105028616061
L-mPFC→R-ACC,DMN→SN,Warszawa,eyes closed,delta,0.36331526857391605
L-mPFC→L-INS,DMN→SN,Warszawa,eyes closed,delta,-0.14270041528076663
L-mPFC→R-INS,DMN→SN,Warszawa,eyes closed,delta,0.11016944871788611
L-mPFC→L-IFG,DMN→DMN,Warszawa,eyes closed,delta,-0.2672826562181286
L-mPFC→R-IFG,DMN→CEN,Warszawa,eyes closed,delta,-0.1131739773362678
L-mPFC→R-mPFC,DMN→DMN,Warszawa,eyes closed,delta,0.17964123386709174
L-mPFC→L-aSTG,DMN→DMN,Warszawa,eyes closed,delta,0.0037182493940222184
L-mPFC→R-aSTG,DMN→DMN,Warszawa,eyes closed,delta,-0.3439290157742788
L-mPFC→L-PREC,DMN→DMN,Warszawa,eyes closed,delta,0.181225539306706
L-mPFC→R-PREC,DMN→DMN,Warszawa,eyes closed,delta,0.02874259741873468
L-mPFC→L-ANG,DMN→DMN,Warszawa,eyes closed,delta,0.26595038270299065
L-mPFC→R-ANG,DMN→DMN,Warszawa,eyes closed,delta,0.10262779791094419
L-mPFC→L-SFG,DMN→CEN,Warszawa,eyes closed,delta,0.12547286652195427
L-mPFC→R-SFG,DMN→CEN,Warszawa,eyes closed,delta,-0.10424210057232122
L-mPFC→L-pSTG,DMN→CEN,Warszawa,eyes closed,delta,0.006766649524509584
L-mPFC→R-pSTG,DMN→CEN,Warszawa,eyes closed,delta,-0.10894186612410026
L-mPFC→L-ITG,DMN→CEN,Warszawa,eyes closed,delta,-0.253324060005786
L-mPFC→R-ITG,DMN→CEN,Warszawa,eyes closed,delta,0.09080085860427158
L-mPFC→L-SUP,DMN→CEN,Warszawa,eyes closed,delta,-0.0008958566854019931
L-mPFC→R-SUP,DMN→CEN,Warszawa,eyes closed,delta,0.09295623485055544
R-mPFC→L-ACC,DMN→SN,Warszawa,eyes closed,delta,0.0661805425780855
R-mPFC→R-ACC,DMN→SN,Warszawa,eyes closed,delta,-0.19272018969069885
R-mPFC→L-INS,DMN→SN,Warszawa,eyes closed,delta,-0.07818157542924091
R-mPFC→R-INS,DMN→SN,Warszawa,eyes closed,delta,-0.10747856732750513
R-mPFC→L-IFG,DMN→DMN,Warszawa,eyes closed,delta,-0.257130514745059
R-mPFC→R-IFG,DMN→CEN,Warszawa,eyes closed,delta,-0.1883483823189675
R-mPFC→L-mPFC,DMN→DMN,Warszawa,eyes closed,delta,-0.10318337720301589
R-mPFC→L-aSTG,DMN→DMN,Warszawa,eyes closed,delta,-0.054670882999288024
R-mPFC→R-aSTG,DMN→DMN,Warszawa,eyes closed,delta,-0.03361101825291441
R-mPFC→L-PREC,DMN→DMN,Warszawa,eyes closed,delta,0.006270996797813951
R-mPFC→R-PREC,DMN→DMN,Warszawa,eyes closed,delta,0.058160754475175415
R-mPFC→L-ANG,DMN→DMN,Warszawa,eyes closed,delta,0.10977382659345514
R-mPFC→R-ANG,DMN→DMN,Warszawa,eyes closed,delta,-0.14636510212460685
R-mPFC→L-SFG,DMN→CEN,Warszawa,eyes closed,delta,-0.20372433579522073
R-mPFC→R-SFG,DMN→CEN,Warszawa,eyes closed,delta,-0.1789489393158181
R-mPFC→L-pSTG,DMN→CEN,Warszawa,eyes closed,delta,-0.18421079180984226
R-mPFC→R-pSTG,DMN→CEN,Warszawa,eyes closed,delta,0.030813705710443545
R-mPFC→L-ITG,DMN→CEN,Warszawa,eyes closed,delta,-0.05568878249879844
R-mPFC→R-ITG,DMN→CEN,Warszawa,eyes closed,delta,-0.2714445756768039
R-mPFC→L-SUP,DMN→CEN,Warszawa,eyes closed,delta,-0.1348099624831905
R-mPFC→R-SUP,DMN→CEN,Warszawa,eyes closed,delta,-0.022060180859361834
L-aSTG→L-ACC,DMN→SN,Warszawa,eyes closed,delta,0.31542484500657947
L-aSTG→R-ACC,DMN→SN,Warszawa,eyes closed,delta,0.1544914611256989
L-aSTG→L-INS,DMN→SN,Warszawa,eyes closed,delta,0.22505683253437445
L-aSTG→R-INS,DMN→SN,Warszawa,eyes closed,delta,0.11464300525809293
L-aSTG→L-IFG,DMN→DMN,Warszawa,eyes closed,delta,0.0026875700562059793
L-aSTG→R-IFG,DMN→CEN,Warszawa,eyes closed,delta,-0.029733287245226826
L-aSTG→L-mPFC,DMN→DMN,Warszawa,eyes closed,delta,0.15810051920135385
L-aSTG→R-mPFC,DMN→DMN,Warszawa,eyes closed,delta,0.1751440972838818
L-aSTG→R-aSTG,DMN→DMN,Warszawa,eyes closed,delta,0.2205163708960881
L-aSTG→L-PREC,DMN→DMN,Warszawa,eyes closed,delta,0.0
L-aSTG→R-PREC,DMN→DMN,Warszawa,eyes closed,delta,0.10804607950501617
L-aSTG→L-ANG,DMN→DMN,Warszawa,eyes closed,delta,-0.015229563651833884
L-aSTG→R-ANG,DMN→DMN,Warszawa,eyes closed,delta,-0.20659501162670849
L-aSTG→L-SFG,DMN→CEN,Warszawa,eyes closed,delta,0.09208052217221707
L-aSTG→R-SFG,DMN→CEN,Warszawa,eyes closed,delta,0.2964925995241521
L-aSTG→L-pSTG,DMN→CEN,Warszawa,eyes closed,delta,0.030606668389141996
L-aSTG→R-pSTG,DMN→CEN,Warszawa,eyes closed,delta,0.08050102326395471
L-aSTG→L-ITG,DMN→CEN,Warszawa,eyes closed,delta,0.276286807617037
L-aSTG→R-ITG,DMN→CEN,Warszawa,eyes closed,delta,-0.21424667872399397
L-aSTG→L-SUP,DMN→CEN,Warszawa,eyes closed,delta,0.2007854672771998
L-aSTG→R-SUP,DMN→CEN,Warszawa,eyes closed,delta,-0.19970071883667803
R-aSTG→L-ACC,DMN→SN,Warszawa,eyes closed,delta,0.02618977155646831
R-aSTG→R-ACC,DMN→SN,Warszawa,eyes closed,delta,0.20104045878904042
R-aSTG→L-INS,DMN→SN,Warszawa,eyes closed,delta,0.21069353674392752
R-aSTG→R-INS,DMN→SN,Warszawa,eyes closed,delta,-0.08860578548647303
R-aSTG→L-IFG,DMN→DMN,Warszawa,eyes closed,delta,-0.005506153812634728
R-aSTG→R-IFG,DMN→CEN,Warszawa,eyes closed,delta,-0.1234913538222999
R-aSTG→L-mPFC,DMN→DMN,Warszawa,eyes closed,delta,-0.09615219795840053
R-aSTG→R-mPFC,DMN→DMN,Warszawa,eyes closed,delta,0.04417480933032726
R-aSTG→L-aSTG,DMN→DMN,Warszawa,eyes closed,delta,-0.0017964123386709175
R-aSTG→L-PREC,DMN→DMN,Warszawa,eyes closed,delta,-0.07396322919876964
R-aSTG→R-PREC,DMN→DMN,Warszawa,eyes closed,delta,-0.10747856732750513
R-aSTG→L-ANG,DMN→DMN,Warszawa,eyes closed,delta,0.059846573445470355
R-aSTG→R-ANG,DMN→DMN,Warszawa,eyes closed,delta,0.00998503366584589
R-aSTG→L-SFG,DMN→CEN,Warszawa,eyes closed,delta,0.15776353192036505
R-aSTG→R-SFG,DMN→CEN,Warszawa,eyes closed,delta,-0.05850743619222052
R-aSTG→L-pSTG,DMN→CEN,Warszawa,eyes closed,delta,0.0923850016816534
R-aSTG→R-pSTG,DMN→CEN,Warszawa,eyes closed,delta,0.26191649853877014
R-aSTG→L-ITG,DMN→CEN,Warszawa,eyes closed,delta,0.1070245626334192
R-aSTG→R-ITG,DMN→CEN,Warszawa,eyes closed,delta,-0.20383866217285454
R-aSTG→L-SUP,DMN→CEN,Warszawa,eyes closed,delta,0.004214547425737349
R-aSTG→R-SUP,DMN→CEN,Warszawa,eyes closed,delta,0.004795691491165616
L-PREC→L-ACC,DMN→SN,Warszawa,eyes closed,delta,0.07302366440319404
L-PREC→R-ACC,DMN→SN,Warszawa,eyes closed,delta,-0.12710653605557962
L-PREC→L-INS,DMN→SN,Warszawa,eyes closed,delta,-0.21449336467643196
L-PREC→R-INS,DMN→SN,Warszawa,eyes closed,delta,-0.07144982676944618
L-PREC→L-IFG,DMN→DMN,Warszawa,eyes closed,delta,0.07231890633212772
L-PREC→R-IFG,DMN→CEN,Warszawa,eyes closed,delta,-0.06775736537200878
L-PREC→L-mPFC,DMN→DMN,Warszawa,eyes closed,delta,-0.016677708723233556
L-PREC→R-mPFC,DMN→DMN,Warszawa,eyes closed,delta,-0.10302351882122922
L-PREC→L-aSTG,DMN→DMN,Warszawa,eyes closed,delta,-0.05568878249879844
L-PREC→R-aSTG,DMN→DMN,Warszawa,eyes closed,delta,0.012248848662336068
L-PREC→R-PREC,DMN→DMN,Warszawa,eyes closed,delta,-0.1440437435605757
L-PREC→L-ANG,DMN→DMN,Warszawa,eyes closed,delta,0.0017373683428720203
L-PREC→R-ANG,DMN→DMN,Warszawa,eyes closed,delta,0.08802420459487496
L-PREC→L-SFG,DMN→CEN,Warszawa,eyes closed,delta,0.12350916078071092
L-PREC→R-SFG,DMN→CEN,Warszawa,eyes closed,delta,-0.1511204251713886
L-PREC→L-pSTG,DMN→CEN,Warszawa,eyes closed,delta,-0.017126420171942516
L-PREC→R-pSTG,DMN→CEN,Warszawa,eyes closed,delta,0.07544931822417852
L-PREC→L-ITG,DMN→CEN,Warszawa,eyes closed,delta,-0.17029991561984337
L-PREC→R-ITG,DMN→CEN,Warszawa,eyes closed,delta,0.1314019468579379
L-PREC→L-SUP,DMN→CEN,Warszawa,eyes closed,delta,0.022236944964311407
L-PREC→R-SUP,DMN→CEN,Warszawa,eyes closed,delta,0.029745995152177747
R-PREC→L-ACC,DMN→SN,Warszawa,eyes closed,delta,0.01691662381127396
R-PREC→R-ACC,DMN→SN,Warszawa,eyes closed,delta,-0.07904214290152037
R-PREC→L-INS,DMN→SN,Warszawa,eyes closed,delta,0.0799423619714777
R-PREC→R-INS,DMN→SN,Warszawa,eyes closed,delta,-0.2062147341201215
R-PREC→L-IFG,DMN→DMN,Warszawa,eyes closed,delta,0.013070951542800047
R-PREC→R-IFG,DMN→CEN,Warszawa,eyes closed,delta,0.1253122142227651
R-PREC→L-mPFC,DMN→DMN,Warszawa,eyes closed,delta,-0.15636315085848182
R-PREC→R-mPFC,DMN→DMN,Warszawa,eyes closed,delta,0.11526573121468876
R-PREC→L-aSTG,DMN→DMN,Warszawa,eyes closed,delta,0.07790315288992836
R-PREC→R-aSTG,DMN→DMN,Warszawa,eyes closed,delta,-0.21615959549831537
R-PREC→L-PREC,DMN→DMN,Warszawa,eyes closed,delta,0.1717896488482292
R-PREC→L-ANG,DMN→DMN,Warszawa,eyes closed,delta,-0.07064673848642215
R-PREC→R-ANG,DMN→DMN,Warszawa,eyes closed,delta,0.11747725302106601
R-PREC→L-SFG,DMN→CEN,Warszawa,eyes closed,delta,0.010424210057232122
R-PREC→R-SFG,DMN→CEN,Warszawa,eyes closed,delta,-0.055654896498395945
R-PREC→L-pSTG,DMN→CEN,Warszawa,eyes closed,delta,0.1585837618541366
R-PREC→R-pSTG,DMN→CEN,Warszawa,eyes closed,delta,0.03356984043815931
R-PREC→L-ITG,DMN→CEN,Warszawa,eyes closed,delta,-0.06447911196267093
R-PREC→R-ITG,DMN→CEN,Warszawa,eyes closed,delta,-0.02155694806405101
R-PREC→L-SUP,DMN→CEN,Warszawa,eyes closed,delta,0.015846089618050944
R-PREC→R-SUP,DMN→CEN,Warszawa,eyes closed,delta,-0.05738750322964124
L-ANG→L-ACC,DMN→SN,Warszawa,eyes closed,delta,-0.10536368564343372
L-ANG→R-ACC,DMN→SN,Warszawa,eyes closed,delta,-0.18589841268730617
L-ANG→L-INS,DMN→SN,Warszawa,eyes closed,delta,0.0
L-ANG→R-INS,DMN→SN,Warszawa,eyes closed,delta,0.010870207379990003
L-ANG→L-IFG,DMN→DMN,Warszawa,eyes closed,delta,0.03520849619349306
L-ANG→R-IFG,DMN→CEN,Warszawa,eyes closed,delta,-0.013522900815406306
L-ANG→L-mPFC,DMN→DMN,Warszawa,eyes closed,delta,-0.005389237016012753
L-ANG→R-mPFC,DMN→DMN,Warszawa,eyes closed,delta,-0.03754764735736384
L-ANG→L-aSTG,DMN→DMN,Warszawa,eyes closed,delta,0.016305311069985003
L-ANG→R-aSTG,DMN→DMN,Warszawa,eyes closed,delta,-0.22189834582127949
L-ANG→L-PREC,DMN→DMN,Warszawa,eyes closed,delta,0.14886628953921086
L-ANG→R-PREC,DMN→DMN,Warszawa,eyes closed,delta,-0.22168519459378455
L-ANG→R-ANG,DMN→DMN,Warszawa,eyes closed,delta,-0.04481469100388588
L-ANG→L-SFG,DMN→CEN,Warszawa,eyes closed,delta,-0.0834480390295995
L-ANG→R-SFG,DMN→CEN,Warszawa,eyes closed,delta,-0.18105608720797964
L-ANG→L-pSTG,DMN→CEN,Warszawa,eyes closed,delta,-0.13199125742817486
L-ANG→R-pSTG,DMN→CEN,Warszawa,eyes closed,delta,-0.13527435949570094
L-ANG→L-ITG,DMN→CEN,Warszawa,eyes closed,delta,0.003698161459938482
L-ANG→R-ITG,DMN→CEN,Warszawa,eyes closed,delta,-0.05970155481398437
L-ANG→L-SUP,DMN→CEN,Warszawa,eyes closed,delta,0.052280361050814274
L-ANG→R-SUP,DMN→CEN,Warszawa,eyes closed,delta,-0.015406852855221772
R-ANG→L-ACC,DMN→SN,Warszawa,eyes closed,delta,-0.06658984932665012
R-ANG→R-ACC,DMN→SN,Warszawa,eyes closed,delta,0.00718564935468367
R-ANG→L-INS,DMN→SN,Warszawa,eyes closed,delta,0.11671706738267854
R-ANG→R-INS,DMN→SN,Warszawa,eyes closed,delta,0.1110370882753938
R-ANG→L-IFG,DMN→DMN,Warszawa,eyes closed,delta,0.053667221623453235
R-ANG→R-IFG,DMN→CEN,Warszawa,eyes closed,delta,0.3275387052936884
R-ANG→L-mPFC,DMN→DMN,Warszawa,eyes closed,delta,-0.1770532890503786
R-ANG→R-mPFC,DMN→DMN,Warszawa,eyes closed,delta,-0.18933444204809272
R-ANG→L-aSTG,DMN→DMN,Warszawa,eyes closed,delta,0.07788326259359794
R-ANG→R-aSTG,DMN→DMN,Warszawa,eyes closed,delta,-0.24676626388745734
R-ANG→L-PREC,DMN→DMN,Warszawa,eyes closed,delta,0.2199161095465615
R-ANG→R-PREC,DMN→DMN,Warszawa,eyes closed,delta,-0.18378862526897244
R-ANG→L-ANG,DMN→DMN,Warszawa,eyes closed,delta,-0.0008958566854019931
R-ANG→L-SFG,DMN→CEN,Warszawa,eyes closed,delta,-0.23280735794485072
R-ANG→R-SFG,DMN→CEN,Warszawa,eyes closed,delta,-0.2750280024184119
R-ANG→L-pSTG,DMN→CEN,Warszawa,eyes closed,delta,-0.276286807617037
R-ANG→R-pSTG,DMN→CEN,Warszawa,eyes closed,delta,0.14020983005723625
R-ANG→L-ITG,DMN→CEN,Warszawa,eyes closed,delta,-0.31585262957313376
R-ANG→R-ITG,DMN→CEN,Warszawa,eyes closed,delta,0.18100787478063138
R-ANG→L-SUP,DMN→CEN,Warszawa,eyes closed,delta,0.07250586318343324
R-ANG→R-SUP,DMN→CEN,Warszawa,eyes closed,delta,-0.23776043458240226
L-SFG→L-ACC,CEN→SN,Warszawa,eyes closed,delta,-0.0759610013826928
L-SFG→R-ACC,CEN→SN,Warszawa,eyes closed,delta,0.1455093994323443
L-SFG→L-INS,CEN→SN,Warszawa,eyes closed,delta,-0.13406925355837918
L-SFG→R-INS,CEN→SN,Warszawa,eyes closed,delta,0.15305096537058882
L-SFG→L-IFG,CEN→DMN,Warszawa,eyes closed,delta,-0.15430734985192204
L-SFG→R-IFG,CEN→CEN,Warszawa,eyes closed,delta,0.19081678799450036
L-SFG→L-mPFC,CEN→DMN,Warszawa,eyes closed,delta,0.3040468405399001
L-SFG→R-mPFC,CEN→DMN,Warszawa,eyes closed,delta,0.09159307941109558
L-SFG→L-aSTG,CEN→DMN,Warszawa,eyes closed,delta,-0.053923984993276206
L-SFG→R-aSTG,CEN→DMN,Warszawa,eyes closed,delta,-0.2825869539456886
L-SFG→L-PREC,CEN→DMN,Warszawa,eyes closed,delta,-0.03876564900416474
L-SFG→R-PREC,CEN→DMN,Warszawa,eyes closed,delta,0.14873601947122367
L-SFG→L-ANG,CEN→DMN,Warszawa,eyes closed,delta,0.0
L-SFG→R-ANG,CEN→DMN,Warszawa,eyes closed,delta,0.06506936439538882
L-SFG→R-SFG,CEN→CEN,Warszawa,eyes closed,delta,-0.1789260155937681
L-SFG→L-pSTG,CEN→CEN,Warszawa,eyes closed,delta,-0.25876738060976306
L-SFG→R-pSTG,CEN→CEN,Warszawa,eyes closed,delta,-0.0017373683428720203
L-SFG→L-ITG,CEN→CEN,Warszawa,eyes closed,delta,-0.07250586318343324
L-SFG→R-ITG,CEN→CEN,Warszawa,eyes closed,delta,-0.06761450407703153
L-SFG→L-SUP,CEN→CEN,Warszawa,eyes closed,delta,-0.03825833548642749
L-SFG→R-SUP,CEN→CEN,Warszawa,eyes closed,delta,-0.07164730623753493
R-SFG→L-ACC,CEN→SN,Warszawa,eyes closed,delta,-0.12603827561550374
R-SFG→R-ACC,CEN→SN,Warszawa,eyes closed,delta,-0.033356488678002214
R-SFG→L-INS,CEN→SN,Warszawa,eyes closed,delta,0.1003927336385999
R-SFG→R-INS,CEN→SN,Warszawa,eyes closed,delta,0.12372884047207292
R-SFG→L-IFG,CEN→DMN,Warszawa,eyes closed,delta,0.08187727605993629
R-SFG→R-IFG,CEN→CEN,Warszawa,eyes closed,delta,-0.21738111627947487
R-SFG→L-mPFC,CEN→DMN,Warszawa,eyes closed,delta,-0.12273236590007305
R-SFG→R-mPFC,CEN→DMN,Warszawa,eyes closed,delta,0.44984746233373657
R-SFG→L-aSTG,CEN→DMN,Warszawa,eyes closed,delta,0.043434208571800505
R-SFG→R-aSTG,CEN→DMN,Warszawa,eyes closed,delta,-0.013865328415794579
R-SFG→L-PREC,CEN→DMN,Warszawa,eyes closed,delta,-0.03135498398906976
R-SFG→R-PREC,CEN→DMN,Warszawa,eyes closed,delta,0.06827566829694505
R-SFG→L-ANG,CEN→DMN,Warszawa,eyes closed,delta,-0.10070952131447794
R-SFG→R-ANG,CEN→DMN,Warszawa,eyes closed,delta,-0.10747856732750513
R-SFG→L-SFG,CEN→CEN,Warszawa,eyes closed,delta,-0.08744746321952063
R-SFG→L-pSTG,CEN→CEN,Warszawa,eyes closed,delta,0.10689037256990169
R-SFG→R-pSTG,CEN→CEN,Warszawa,eyes closed,delta,0.05389237016012752
R-SFG→L-ITG,CEN→CEN,Warszawa,eyes closed,delta,-0.05325179035528812
R-SFG→R-ITG,CEN→CEN,Warszawa,eyes closed,delta,0.04356696754234523
R-SFG→L-SUP,CEN→CEN,Warszawa,eyes closed,delta,-0.12647628583533083
R-SFG→R-SUP,CEN→CEN,Warszawa,eyes closed,delta,-0.017701099188096866
L-pSTG→L-ACC,CEN→SN,Warszawa,eyes closed,delta,-0.06691926836262094
L-pSTG→R-ACC,CEN→SN,Warszawa,eyes closed,delta,0.11676680201360963
L-pSTG→L-INS,CEN→SN,Warszawa,eyes closed,delta,0.1617438486399665
L-pSTG→R-INS,CEN→SN,Warszawa,eyes closed,delta,0.20991837015239664
L-pSTG→L-IFG,CEN→DMN,Warszawa,eyes closed,delta,-0.06734588087671653
L-pSTG→R-IFG,CEN→CEN,Warszawa,eyes closed,delta,0.07077792064989087
L-pSTG→L-mPFC,CEN→DMN,Warszawa,eyes closed,delta,0.12631579264168102
L-pSTG→R-mPFC,CEN→DMN,Warszawa,eyes closed,delta,0.0677490012332125
L-pSTG→L-aSTG,CEN→DMN,Warszawa,eyes closed,delta,0.19071873979126158
L-pSTG→R-aSTG,CEN→DMN,Warszawa,eyes closed,delta,0.16307092973828366
L-pSTG→L-PREC,CEN→DMN,Warszawa,eyes closed,delta,-0.08650539568826608
L-pSTG→R-PREC,CEN→DMN,Warszawa,eyes closed,delta,0.2082219660652442
L-pSTG→L-ANG,CEN→DMN,Warszawa,eyes closed,delta,0.04632696867564876
L-pSTG→R-ANG,CEN→DMN,Warszawa,eyes closed,delta,-0.044910308466772936
L-pSTG→L-SFG,CEN→CEN,Warszawa,eyes closed,delta,0.2894730052691806
L-pSTG→R-SFG,CEN→CEN,Warszawa,eyes closed,delta,0.10838262770034293
L-pSTG→R-pSTG,CEN→CEN,Warszawa,eyes closed,delta,0.09303641492861296
L-pSTG→L-ITG,CEN→CEN,Warszawa,eyes closed,delta,-0.09755875549039011
L-pSTG→R-ITG,CEN→CEN,Warszawa,eyes closed,delta,0.04969187187356781
L-pSTG→L-SUP,CEN→CEN,Warszawa,eyes closed,delta,0.22572417936992223
L-pSTG→R-SUP,CEN→CEN,Warszawa,eyes closed,delta,0.05205549151631105
R-pSTG→L-ACC,CEN→SN,Warszawa,eyes closed,delta,0.0949546915250792
R-pSTG→R-ACC,CEN→SN,Warszawa,eyes closed,delta,-0.08709470111021966
R-pSTG→L-INS,CEN→SN,Warszawa,eyes closed,delta,-0.08152295837158137
R-pSTG→R-INS,CEN→SN,Warszawa,eyes closed,delta,0.005389237016012753
R-pSTG→L-IFG,CEN→DMN,Warszawa,eyes closed,delta,-0.553707324271428
R-pSTG→R-IFG,CEN→CEN,Warszawa,eyes closed,delta,-0.253142823483679
R-pSTG→L-mPFC,CEN→DMN,Warszawa,eyes closed,delta,-0.40009073381085286
R-pSTG→R-mPFC,CEN→DMN,Warszawa,eyes closed,delta,0.19662335113779028
R-pSTG→L-aSTG,CEN→DMN,Warszawa,eyes closed,delta,0.13866167569699597
R-pSTG→R-aSTG,CEN→DMN,Warszawa,eyes closed,delta,0.13913724124598983
R-pSTG→L-PREC,CEN→DMN,Warszawa,eyes closed,delta,-0.16677708723233553
R-pSTG→R-PREC,CEN→DMN,Warszawa,eyes closed,delta,-0.14977553912750852
R-pSTG→L-ANG,CEN→DMN,Warszawa,eyes closed,delta,0.07842570925680029
R-pSTG→R-ANG,CEN→DMN,Warszawa,eyes closed,delta,0.02967945307780913
R-pSTG→L-SFG,CEN→CEN,Warszawa,eyes closed,delta,-0.2069428943278604
R-pSTG→R-SFG,CEN→CEN,Warszawa,eyes closed,delta,-0.08850549594048433
R-pSTG→L-pSTG,CEN→CEN,Warszawa,eyes closed,delta,-0.20799251354549392
R-pSTG→L-ITG,CEN→CEN,Warszawa,eyes closed,delta,-0.08083855524019128
R-pSTG→R-ITG,CEN→CEN,Warszawa,eyes closed,delta,-0.170233515117044
R-pSTG→L-SUP,CEN→CEN,Warszawa,eyes closed,delta,-0.00718564935468367
R-pSTG→R-SUP,CEN→CEN,Warszawa,eyes closed,delta,-0.03772465911208926
L-ITG→L-ACC,CEN→SN,Warszawa,eyes closed,delta,0.1264204793967554
L-ITG→R-ACC,CEN→SN,Warszawa,eyes closed,delta,-0.017889116280878824
L-ITG→L-INS,CEN→SN,Warszawa,eyes closed,delta,-0.10539760160824674
L-ITG→R-INS,CEN→SN,Warszawa,eyes closed,delta,0.2360636581264918
L-ITG→L-IFG,CEN→DMN,Warszawa,eyes closed,delta,0.06162741142088709
L-ITG→R-IFG,CEN→CEN,Warszawa,eyes closed,delta,-0.07968238612211587
L-ITG→L-mPFC,CEN→DMN,Warszawa,eyes closed,delta,-0.1565847007208551
L-ITG→R-mPFC,CEN→DMN,Warszawa,eyes closed,delta,-0.0533571830867802
L-ITG→L-aSTG,CEN→DMN,Warszawa,eyes closed,delta,-0.08524162236319373
L-ITG→R-aSTG,CEN→DMN,Warszawa,eyes closed,delta,0.02054006671011436
L-ITG→L-PREC,CEN→DMN,Warszawa,eyes closed,delta,0.19148984379214423
L-ITG→R-PREC,CEN→DMN,Warszawa,eyes closed,delta,0.2479049027365866
L-ITG→L-ANG,CEN→DMN,Warszawa,eyes closed,delta,0.33952193200880343
L-ITG→R-ANG,CEN→DMN,Warszawa,eyes closed,delta,0.13385697818479986
L-ITG→L-SFG,CEN→CEN,Warszawa,eyes closed,delta,-0.2179567853194724
L-ITG→R-SFG,CEN→CEN,Warszawa,eyes closed,delta,0.04108013342022872
L-ITG→L-pSTG,CEN→CEN,Warszawa,eyes closed,delta,0.06485775614590826
L-ITG→R-pSTG,CEN→CEN,Warszawa,eyes closed,delta,-0.04891605320988929
L-ITG→R-ITG,CEN→CEN,Warszawa,eyes closed,delta,-0.1654620980339887
L-ITG→L-SUP,CEN→CEN,Warszawa,eyes closed,delta,-0.10747856732750513
L-ITG→R-SUP,CEN→CEN,Warszawa,eyes closed,delta,-0.12874947814666393
R-ITG→L-ACC,CEN→SN,Warszawa,eyes closed,delta,-0.03413183443474743
R-ITG→R-ACC,CEN→SN,Warszawa,eyes closed,delta,0.048337242122288834
R-ITG→L-INS,CEN→SN,Warszawa,eyes closed,delta,-0.053739283663752566
R-ITG→R-INS,CEN→SN,Warszawa,eyes closed,delta,-0.015229563651833884
R-ITG→L-IFG,CEN→DMN,Warszawa,eyes closed,delta,0.0413174837894311
R-ITG→R-IFG,CEN→CEN,Warszawa,eyes closed,delta,0.05875838197693545
R-ITG→L-mPFC,CEN→DMN,Warszawa,eyes closed,delta,0.005201564866102994
R-ITG→R-mPFC,CEN→DMN,Warszawa,eyes closed,delta,-0.0688650038755695
R-ITG→L-aSTG,CEN→DMN,Warszawa,eyes closed,delta,-0.14155584129978174
R-ITG→R-aSTG,CEN→DMN,Warszawa,eyes closed,delta,-0.1818589071366046
R-ITG→L-PREC,CEN→DMN,Warszawa,eyes closed,delta,0.1908671109436729
R-ITG→R-PREC,CEN→DMN,Warszawa,eyes closed,delta,-0.03592824677341835
R-ITG→L-ANG,CEN→DMN,Warszawa,eyes closed,delta,-0.08513104880072898
R-ITG→R-ANG,CEN→DMN,Warszawa,eyes closed,delta,0.2683725200608466
R-ITG→L-SFG,CEN→CEN,Warszawa,eyes closed,delta,0.12676871694440756
R-ITG→R-SFG,CEN→CEN,Warszawa,eyes closed,delta,0.15195245725612794
R-ITG→L-pSTG,CEN→CEN,Warszawa,eyes closed,delta,-0.09799078929868854
R-ITG→R-pSTG,CEN→CEN,Warszawa,eyes closed,delta,0.1347309254003188
R-ITG→L-ITG,CEN→CEN,Warszawa,eyes closed,delta,-0.1868268832217754
R-ITG→L-SUP,CEN→CEN,Warszawa,eyes closed,delta,0.041595985247383734
R-ITG→R-SUP,CEN→CEN,Warszawa,eyes closed,delta,0.01345345587992625
L-SUP→L-ACC,CEN→SN,Warszawa,eyes closed,delta,0.17168575538372907
L-SUP→R-ACC,CEN→SN,Warszawa,eyes closed,delta,-0.10909576306818522
L-SUP→L-INS,CEN→SN,Warszawa,eyes closed,delta,0.06287443185348211
L-SUP→R-INS,CEN→SN,Warszawa,eyes closed,delta,0.029625537928794753
L-SUP→L-IFG,CEN→DMN,Warszawa,eyes closed,delta,-0.0871534928992802
L-SUP→R-IFG,CEN→CEN,Warszawa,eyes closed,delta,0.11327411561009759
L-SUP→L-mPFC,CEN→DMN,Warszawa,eyes closed,delta,0.15058910045789986
L-SUP→R-mPFC,CEN→DMN,Warszawa,eyes closed,delta,-0.1811470067162833
L-SUP→L-aSTG,CEN→DMN,Warszawa,eyes closed,delta,0.055773740910333276
L-SUP→R-aSTG,CEN→DMN,Warszawa,eyes closed,delta,-0.17784482152842082
L-SUP→L-PREC,CEN→DMN,Warszawa,eyes closed,delta,0.12895822392534187
L-SUP→R-PREC,CEN→DMN,Warszawa,eyes closed,delta,-0.07164730623753493
L-SUP→L-ANG,CEN→DMN,Warszawa,eyes closed,delta,0.0
L-SUP→R-ANG,CEN→DMN,Warszawa,eyes closed,delta,-0.13715677664733664
L-SUP→L-SFG,CEN→CEN,Warszawa,eyes closed,delta,0.12827960409376654
L-SUP→R-SFG,CEN→CEN,Warszawa,eyes closed,delta,0.1677389875443465
L-SUP→L-pSTG,CEN→CEN,Warszawa,eyes closed,delta,-0.11859703980966084
L-SUP→R-pSTG,CEN→CEN,Warszawa,eyes closed,delta,0.342412372469225
L-SUP→L-ITG,CEN→CEN,Warszawa,eyes closed,delta,-0.17936083080701637
L-SUP→R-ITG,CEN→CEN,Warszawa,eyes closed,delta,-0.16307092973828366
L-SUP→R-SUP,CEN→CEN,Warszawa,eyes closed,delta,-0.024090023711337356
R-SUP→L-ACC,CEN→SN,Warszawa,eyes closed,delta,0.12574886370696423
R-SUP→R-ACC,CEN→SN,Warszawa,eyes closed,delta,0.09149666079960032
R-SUP→L-INS,CEN→SN,Warszawa,eyes closed,delta,-0.02869375161482062
R-SUP→R-INS,CEN→SN,Warszawa,eyes closed,delta,0.06970714806775237
R-SUP→L-IFG,CEN→DMN,Warszawa,eyes closed,delta,-0.0191694657186319
R-SUP→R-IFG,CEN→CEN,Warszawa,eyes closed,delta,0.37139875214965845
R-SUP→L-mPFC,CEN→DMN,Warszawa,eyes closed,delta,-0.048300613958372825
R-SUP→R-mPFC,CEN→DMN,Warszawa,eyes closed,delta,-0.023430787756326777
R-SUP→L-aSTG,CEN→DMN,Warszawa,eyes closed,delta,-0.15494625872003137
R-SUP→R-aSTG,CEN→DMN,Warszawa,eyes closed,delta,-0.07818157542924091
R-SUP→L-PREC,CEN→DMN,Warszawa,eyes closed,delta,-0.03814480901808862
R-SUP→R-PREC,CEN→DMN,Warszawa,eyes closed,delta,-0.08944558140439413
R-SUP→L-ANG,CEN→DMN,Warszawa,eyes closed,delta,0.15442126601553285
R-SUP→R-ANG,CEN→DMN,Warszawa,eyes closed,delta,0.10547862636016918
R-SUP→L-SFG,CEN→CEN,Warszawa,eyes closed,delta,0.3755247811698919
R-SUP→R-SFG,CEN→CEN,Warszawa,eyes closed,delta,0.10367557291811501
R-SUP→L-pSTG,CEN→CEN,Warszawa,eyes closed,delta,-0.29417541031646693
R-SUP→R-pSTG,CEN→CEN,Warszawa,eyes closed,delta,-0.053813823519705
R-SUP→L-ITG,CEN→CEN,Warszawa,eyes closed,delta,-0.13960400254116515
R-SUP→R-ITG,CEN→CEN,Warszawa,eyes closed,delta,0.05748519483746936
R-SUP→L-SUP,CEN→CEN,Warszawa,eyes closed,delta,-0.13547071400237895
L-ACC→R-ACC,SN→SN,Warszawa,eyes closed,gamma,0.1533557257490552
L-ACC→L-INS,SN→SN,Warszawa,eyes closed,gamma,0.12891832110687346
L-ACC→R-INS,SN→SN,Warszawa,eyes closed,gamma,0.2198644934504569
L-ACC→L-IFG,SN→DMN,Warszawa,eyes closed,gamma,0.014824629976207605
L-ACC→R-IFG,SN→CEN,Warszawa,eyes closed,gamma,0.3152360140197101
L-ACC→L-mPFC,SN→DMN,Warszawa,eyes closed,gamma,-0.1160360569643639
L-ACC→R-mPFC,SN→DMN,Warszawa,eyes closed,gamma,0.04570096375983868
L-ACC→L-aSTG,SN→DMN,Warszawa,eyes closed,gamma,-0.14426201353092422
L-ACC→R-aSTG,SN→DMN,Warszawa,eyes closed,gamma,0.06935815762622324
L-ACC→L-PREC,SN→DMN,Warszawa,eyes closed,gamma,0.10826639239215334
L-ACC→R-PREC,SN→DMN,Warszawa,eyes closed,gamma,0.011771773894935469
L-ACC→L-ANG,SN→DMN,Warszawa,eyes closed,gamma,0.04879500364742666
L-ACC→R-ANG,SN→DMN,Warszawa,eyes closed,gamma,0.18229183492701848
L-ACC→L-SFG,SN→CEN,Warszawa,eyes closed,gamma,-0.055773740910333276
L-ACC→R-SFG,SN→CEN,Warszawa,eyes closed,gamma,-0.11210696152461348
L-ACC→L-pSTG,SN→CEN,Warszawa,eyes closed,gamma,-0.3610302442170032
L-ACC→R-pSTG,SN→CEN,Warszawa,eyes closed,gamma,0.12786243354479057
L-ACC→L-ITG,SN→CEN,Warszawa,eyes closed,gamma,0.1027003335505718
L-ACC→R-ITG,SN→CEN,Warszawa,eyes closed,gamma,0.254619655233387
L-ACC→L-SUP,SN→CEN,Warszawa,eyes closed,gamma,-0.04311389612810202
L-ACC→R-SUP,SN→CEN,Warszawa,eyes closed,gamma,0.11362553980726058
R-ACC→L-ACC,SN→SN,Warszawa,eyes closed,gamma,-0.0681612947987982
R-ACC→L-INS,SN→SN,Warszawa,eyes closed,gamma,0.12891832110687346
R-ACC→R-INS,SN→SN,Warszawa,eyes closed,gamma,-0.24157987931464966
R-ACC→L-IFG,SN→DMN,Warszawa,eyes closed,gamma,0.028009181877428672
R-ACC→R-IFG,SN→CEN,Warszawa,eyes closed,gamma,0.012574886370696422
R-ACC→L-mPFC,SN→DMN,Warszawa,eyes closed,gamma,-0.012643642277212047
R-ACC→R-mPFC,SN→DMN,Warszawa,eyes closed,gamma,-0.03961674580193108
R-ACC→L-aSTG,SN→DMN,Warszawa,eyes closed,gamma,-0.07155629549793764
R-ACC→R-aSTG,SN→DMN,Warszawa,eyes closed,gamma,-0.1312847318278161
R-ACC→L-PREC,SN→DMN,Warszawa,eyes closed,gamma,-0.02155694806405101
R-ACC→R-PREC,SN→DMN,Warszawa,eyes closed,gamma,0.23529847418806973
R-ACC→L-ANG,SN→DMN,Warszawa,eyes closed,gamma,0.13385697818479986
R-ACC→R-ANG,SN→DMN,Warszawa,eyes closed,gamma,-0.12161578400104142
R-ACC→L-SFG,SN→CEN,Warszawa,eyes closed,gamma,-0.08718305148683493
R-ACC→R-SFG,SN→CEN,Warszawa,eyes closed,gamma,-0.17847597091306647
R-ACC→L-pSTG,SN→CEN,Warszawa,eyes closed,gamma,-0.1482143974632783
R-ACC→R-pSTG,SN→CEN,Warszawa,eyes closed,gamma,0.10437350909636474
R-ACC→L-ITG,SN→CEN,Warszawa,eyes closed,gamma,0.019021756688036708
R-ACC→R-ITG,SN→CEN,Warszawa,eyes closed,gamma,-0.16648651651408733
R-ACC→L-SUP,SN→CEN,Warszawa,eyes closed,gamma,-0.3598799447880272
R-ACC→R-SUP,SN→CEN,Warszawa,eyes closed,gamma,0.03413183443474743
L-INS→L-ACC,SN→SN,Warszawa,eyes closed,gamma,-0.05733315531477667
L-INS→R-ACC,SN→SN,Warszawa,eyes closed,gamma,0.20563608679986947
L-INS→R-INS,SN→SN,Warszawa,eyes closed,gamma,0.02854008305615333
L-INS→L-IFG,SN→DMN,Warszawa,eyes closed,gamma,0.2047307562133314
L-INS→R-IFG,SN→CEN,Warszawa,eyes closed,gamma,0.08686841714360101
L-INS→L-mPFC,SN→DMN,Warszawa,eyes closed,gamma,0.10207040016584423
L-INS→R-mPFC,SN→DMN,Warszawa,eyes closed,gamma,0.23904715836634763
L-INS→L-aSTG,SN→DMN,Warszawa,eyes closed,gamma,-0.24098544837313612
L-INS→R-aSTG,SN→DMN,Warszawa,eyes closed,gamma,0.20913522468480075
L-INS→L-PREC,SN→DMN,Warszawa,eyes closed,gamma,-0.0766778628745276
L-INS→R-PREC,SN→DMN,Warszawa,eyes closed,gamma,-0.09187713388107421
L-INS→L-ANG,SN→DMN,Warszawa,eyes closed,gamma,0.08016322027791521
L-INS→R-ANG,SN→DMN,Warszawa,eyes closed,gamma,0.10454607450741044
L-INS→L-SFG,SN→CEN,Warszawa,eyes closed,gamma,0.1585837618541366
L-INS→R-SFG,SN→CEN,Warszawa,eyes closed,gamma,-0.01849080729969241
L-INS→L-pSTG,SN→CEN,Warszawa,eyes closed,gamma,-0.08681967697018939
L-INS→R-pSTG,SN→CEN,Warszawa,eyes closed,gamma,0.043723731609760313
L-INS→L-ITG,SN→CEN,Warszawa,eyes closed,gamma,-0.11449389357044006
L-INS→R-ITG,SN→CEN,Warszawa,eyes closed,gamma,0.03793092683163614
L-INS→L-SUP,SN→CEN,Warszawa,eyes closed,gamma,-0.13432748143303597
L-INS→R-SUP,SN→CEN,Warszawa,eyes closed,gamma,-0.05213214153471422
R-INS→L-ACC,SN→SN,Warszawa,eyes closed,gamma,0.3155270638407301
R-INS→R-ACC,SN→SN,Warszawa,eyes closed,gamma,-0.14053013547766233
R-INS→L-INS,SN→SN,Warszawa,eyes closed,gamma,0.01437129870936734
R-INS→L-IFG,SN→DMN,Warszawa,eyes closed,gamma,0.1347309254003188
R-INS→R-IFG,SN→CEN,Warszawa,eyes closed,gamma,0.018530787470259505
R-INS→L-mPFC,SN→DMN,Warszawa,eyes closed,gamma,-0.035653701640614634
R-INS→R-mPFC,SN→DMN,Warszawa,eyes closed,gamma,-0.0038258335486427496
R-INS→L-aSTG,SN→DMN,Warszawa,eyes closed,gamma,0.007436498788044437
R-INS→R-aSTG,SN→DMN,Warszawa,eyes closed,gamma,0.033356488678002214
R-INS→L-PREC,SN→DMN,Warszawa,eyes closed,gamma,-0.03300999851456839
R-INS→R-PREC,SN→DMN,Warszawa,eyes closed,gamma,-0.040081610138957606
R-INS→L-ANG,SN→DMN,Warszawa,eyes closed,gamma,0.2681317820397534
R-INS→R-ANG,SN→DMN,Warszawa,eyes closed,gamma,0.08016322027791521
R-INS→L-SFG,SN→CEN,Warszawa,eyes closed,gamma,0.06646725653082394
R-INS→R-SFG,SN→CEN,Warszawa,eyes closed,gamma,-0.24098544837313612
R-INS→L-pSTG,SN→CEN,Warszawa,eyes closed,gamma,-0.07436498788044436
R-INS→R-pSTG,SN→CEN,Warszawa,eyes closed,gamma,0.2349888830671152
R-INS→L-ITG,SN→CEN,Warszawa,eyes closed,gamma,-0.04567488429043969
R-INS→R-ITG,SN→CEN,Warszawa,eyes closed,gamma,0.06970714806775237
R-INS→L-SUP,SN→CEN,Warszawa,eyes closed,gamma,-0.10772370029104832
R-INS→R-SUP,SN→CEN,Warszawa,eyes closed,gamma,-0.0018530787470259506
L-IFG→L-ACC,DMN→SN,Warszawa,eyes closed,gamma,0.18198289441185014
L-IFG→R-ACC,DMN→SN,Warszawa,eyes closed,gamma,0.0750801547483064
L-IFG→L-INS,DMN→SN,Warszawa,eyes closed,gamma,0.059846573445470355
L-IFG→R-INS,DMN→SN,Warszawa,eyes closed,gamma,0.0406797760593233
L-IFG→R-IFG,DMN→CEN,Warszawa,eyes closed,gamma,-0.24482659157056436
L-IFG→L-mPFC,DMN→DMN,Warszawa,eyes closed,gamma,0.08443137991753312
L-IFG→R-mPFC,DMN→DMN,Warszawa,eyes closed,gamma,0.22261305822998062
L-IFG→L-aSTG,DMN→DMN,Warszawa,eyes closed,gamma,0.1717896488482292
L-IFG→R-aSTG,DMN→DMN,Warszawa,eyes closed,gamma,-0.2015497995666473
L-IFG→L-PREC,DMN→DMN,Warszawa,eyes closed,gamma,0.15565861475017984
L-IFG→R-PREC,DMN→DMN,Warszawa,eyes closed,gamma,-0.040900743334244406
L-IFG→L-ANG,DMN→DMN,Warszawa,eyes closed,gamma,0.016015280217801926
L-IFG→R-ANG,DMN→DMN,Warszawa,eyes closed,gamma,-0.011458025055954885
L-IFG→L-SFG,DMN→CEN,Warszawa,eyes closed,gamma,-0.11859703980966084
L-IFG→R-SFG,DMN→CEN,Warszawa,eyes closed,gamma,-0.011154748182066654
L-IFG→L-pSTG,DMN→CEN,Warszawa,eyes closed,gamma,-0.21831355665319468
L-IFG→R-pSTG,DMN→CEN,Warszawa,eyes closed,gamma,-0.2504476279323035
L-IFG→L-ITG,DMN→CEN,Warszawa,eyes closed,gamma,-0.23011428944525925
L-IFG→R-ITG,DMN→CEN,Warszawa,eyes closed,gamma,0.09624095377549766
L-IFG→L-SUP,DMN→CEN,Warszawa,eyes closed,gamma,0.05712620469979836
L-IFG→R-SUP,DMN→CEN,Warszawa,eyes closed,gamma,-0.15565861475017984
R-IFG→L-ACC,CEN→SN,Warszawa,eyes closed,gamma,0.09356295285136915
R-IFG→R-ACC,CEN→SN,Warszawa,eyes closed,gamma,0.25539314640218697
R-IFG→L-INS,CEN→SN,Warszawa,eyes closed,gamma,0.09729262720083313
R-IFG→R-INS,CEN→SN,Warszawa,eyes closed,gamma,0.19518001458970663
R-IFG→L-IFG,CEN→DMN,Warszawa,eyes closed,gamma,0.0839921051131616
R-IFG→L-mPFC,CEN→DMN,Warszawa,eyes closed,gamma,0.07122061096113987
R-IFG→R-mPFC,CEN→DMN,Warszawa,eyes closed,gamma,0.3641193644065727
R-IFG→L-aSTG,CEN→DMN,Warszawa,eyes closed,gamma,0.1324435813287295
R-IFG→R-aSTG,CEN→DMN,Warszawa,eyes closed,gamma,0.09466628207395156
R-IFG→L-PREC,CEN→DMN,Warszawa,eyes closed,gamma,0.18123858497615614
R-IFG→R-PREC,CEN→DMN,Warszawa,eyes closed,gamma,-0.019586127325645148
R-IFG→L-ANG,CEN→DMN,Warszawa,eyes closed,gamma,0.042798952548082594
R-IFG→R-ANG,CEN→DMN,Warszawa,eyes closed,gamma,0.10908473324427753
R-IFG→L-SFG,CEN→CEN,Warszawa,eyes closed,gamma,0.11164971715440813
R-IFG→R-SFG,CEN→CEN,Warszawa,eyes closed,gamma,-0.16991778562603113
R-IFG→L-pSTG,CEN→CEN,Warszawa,eyes closed,gamma,-0.07133158758013766
R-IFG→R-pSTG,CEN→CEN,Warszawa,eyes closed,gamma,0.0510638310679136
R-IFG→L-ITG,CEN→CEN,Warszawa,eyes closed,gamma,-0.19518001458970663
R-IFG→R-ITG,CEN→CEN,Warszawa,eyes closed,gamma,-0.005228036105081428
R-IFG→L-SUP,CEN→CEN,Warszawa,eyes closed,gamma,0.11198947348421547
R-IFG→R-SUP,CEN→CEN,Warszawa,eyes closed,gamma,-0.042620811181596864
L-mPFC→L-ACC,DMN→SN,Warszawa,eyes closed,gamma,-0.20013250467880267
L-mPFC→R-ACC,DMN→SN,Warszawa,eyes closed,gamma,0.0008958566854019931
L-mPFC→L-INS,DMN→SN,Warszawa,eyes closed,gamma,0.0037061574940519012
L-mPFC→R-INS,DMN→SN,Warszawa,eyes closed,gamma,-0.09944009207962122
L-mPFC→L-IFG,DMN→DMN,Warszawa,eyes closed,gamma,-0.041595985247383734
L-mPFC→R-IFG,DMN→CEN,Warszawa,eyes closed,gamma,-0.20516520216887532
L-mPFC→R-mPFC,DMN→DMN,Warszawa,eyes closed,gamma,0.16863016597936148
L-mPFC→L-aSTG,DMN→DMN,Warszawa,eyes closed,gamma,0.05053768234912046
L-mPFC→R-aSTG,DMN→DMN,Warszawa,eyes closed,gamma,-0.09019131491077927
L-mPFC→L-PREC,DMN→DMN,Warszawa,eyes closed,gamma,0.17964123386709174
L-mPFC→R-PREC,DMN→DMN,Warszawa,eyes closed,gamma,-0.11262023212245961
L-mPFC→L-ANG,DMN→DMN,Warszawa,eyes closed,gamma,0.10630340080332236
L-mPFC→R-ANG,DMN→DMN,Warszawa,eyes closed,gamma,0.026027745758155526
L-mPFC→L-SFG,DMN→CEN,Warszawa,eyes closed,gamma,-0.09753755512946531
L-mPFC→R-SFG,DMN→CEN,Warszawa,eyes closed,gamma,-0.06658984932665012
L-mPFC→L-pSTG,DMN→CEN,Warszawa,eyes closed,gamma,-0.020450371667122203
L-mPFC→R-pSTG,DMN→CEN,Warszawa,eyes closed,gamma,-0.027066598098038335
L-mPFC→L-ITG,DMN→CEN,Warszawa,eyes closed,gamma,-0.14920750839706723
L-mPFC→R-ITG,DMN→CEN,Warszawa,eyes closed,gamma,0.11503304191666293
L-mPFC→L-SUP,DMN→CEN,Warszawa,eyes closed,gamma,0.03776582262391153
L-mPFC→R-SUP,DMN→CEN,Warszawa,eyes closed,gamma,0.15802559924594425
R-mPFC→L-ACC,DMN→SN,Warszawa,eyes closed,gamma,-0.18117167776221765
R-mPFC→R-ACC,DMN→SN,Warszawa,eyes closed,gamma,-0.0958473285931595
R-mPFC→L-INS,DMN→SN,Warszawa,eyes closed,gamma,0.19370965311741026
R-mPFC→R-INS,DMN→SN,Warszawa,eyes closed,gamma,-0.05319007654059813
R-mPFC→L-IFG,DMN→DMN,Warszawa,eyes closed,gamma,-0.0675809457480522
R-mPFC→R-IFG,DMN→CEN,Warszawa,eyes closed,gamma,0.043161223420490544
R-mPFC→L-mPFC,DMN→DMN,Warszawa,eyes closed,gamma,-0.1735244279245246
R-mPFC→L-aSTG,DMN→DMN,Warszawa,eyes closed,gamma,-0.10547862636016918
R-mPFC→R-aSTG,DMN→DMN,Warszawa,eyes closed,gamma,-0.012468797877030603
R-mPFC→L-PREC,DMN→DMN,Warszawa,eyes closed,gamma,-0.13422257922690006
R-mPFC→R-PREC,DMN→DMN,Warszawa,eyes closed,gamma,-0.1198784156581694
R-mPFC→L-ANG,DMN→DMN,Warszawa,eyes closed,gamma,0.10803280767043176
R-mPFC→R-ANG,DMN→DMN,Warszawa,eyes closed,gamma,-0.01636860722279269
R-mPFC→L-SFG,DMN→CEN,Warszawa,eyes closed,gamma,-0.13739424607903758
R-mPFC→R-SFG,DMN→CEN,Warszawa,eyes closed,gamma,-0.006999342092763467
R-mPFC→L-pSTG,DMN→CEN,Warszawa,eyes closed,gamma,-0.17111062548493636
R-mPFC→R-pSTG,DMN→CEN,Warszawa,eyes closed,gamma,0.05850743619222052
R-mPFC→L-ITG,DMN→CEN,Warszawa,eyes closed,gamma,0.01171984737335213
R-mPFC→R-ITG,DMN→CEN,Warszawa,eyes closed,gamma,-0.14866643622613412
R-mPFC→L-SUP,DMN→CEN,Warszawa,eyes closed,gamma,-0.12161578400104142
R-mPFC→R-SUP,DMN→CEN,Warszawa,eyes closed,gamma,-0.1431526016698554
L-aSTG→L-ACC,DMN→SN,Warszawa,eyes closed,gamma,0.01702127702263787
L-aSTG→R-ACC,DMN→SN,Warszawa,eyes closed,gamma,0.28037481023942407
L-aSTG→L-INS,DMN→SN,Warszawa,eyes closed,gamma,0.17140123801434223
L-aSTG→R-INS,DMN→SN,Warszawa,eyes closed,gamma,0.2404805238536817
L-aSTG→L-IFG,DMN→DMN,Warszawa,eyes closed,gamma,0.20988446180172
L-aSTG→R-IFG,DMN→CEN,Warszawa,eyes closed,gamma,0.21866329214906216
L-aSTG→L-mPFC,DMN→DMN,Warszawa,eyes closed,gamma,0.18365062050740857
L-aSTG→R-mPFC,DMN→DMN,Warszawa,eyes closed,gamma,0.2131040559079843
L-aSTG→R-aSTG,DMN→DMN,Warszawa,eyes closed,gamma,0.07707148668090473
L-aSTG→L-PREC,DMN→DMN,Warszawa,eyes closed,gamma,0.009510878344018354
L-aSTG→R-PREC,DMN→DMN,Warszawa,eyes closed,gamma,0.10935587756818542
L-aSTG→L-ANG,DMN→DMN,Warszawa,eyes closed,gamma,0.15462578251560982
L-aSTG→R-ANG,DMN→DMN,Warszawa,eyes closed,gamma,0.12754527604563515
L-aSTG→L-SFG,DMN→CEN,Warszawa,eyes closed,gamma,0.1336413281090643
L-aSTG→R-SFG,DMN→CEN,Warszawa,eyes closed,gamma,0.17091271255152155
L-aSTG→L-pSTG,DMN→CEN,Warszawa,eyes closed,gamma,0.0028774148946993697
L-aSTG→R-pSTG,DMN→CEN,Warszawa,eyes closed,gamma,0.10778995456554136
L-aSTG→L-ITG,DMN→CEN,Warszawa,eyes closed,gamma,0.020180183819889376
L-aSTG→R-ITG,DMN→CEN,Warszawa,eyes closed,gamma,0.08576578123452984
L-aSTG→L-SUP,DMN→CEN,Warszawa,eyes closed,gamma,-0.16484990499084667
L-aSTG→R-SUP,DMN→CEN,Warszawa,eyes closed,gamma,0.03135498398906976
R-aSTG→L-ACC,DMN→SN,Warszawa,eyes closed,gamma,0.05582485857720407
R-aSTG→R-ACC,DMN→SN,Warszawa,eyes closed,gamma,0.11379278049490842
R-aSTG→L-INS,DMN→SN,Warszawa,eyes closed,gamma,-0.07026506773883116
R-aSTG→R-INS,DMN→SN,Warszawa,eyes closed,gamma,-0.024444375069276623
R-aSTG→L-IFG,DMN→DMN,Warszawa,eyes closed,gamma,-0.13233678916815275
R-aSTG→R-IFG,DMN→CEN,Warszawa,eyes closed,gamma,0.13293451306164789
R-aSTG→L-mPFC,DMN→DMN,Warszawa,eyes closed,gamma,0.0736587325025671
R-aSTG→R-mPFC,DMN→DMN,Warszawa,eyes closed,gamma,0.3155270638407301
R-aSTG→L-aSTG,DMN→DMN,Warszawa,eyes closed,gamma,-0.10660694556283719
R-aSTG→L-PREC,DMN→DMN,Warszawa,eyes closed,gamma,0.03493841073067773
R-aSTG→R-PREC,DMN→DMN,Warszawa,eyes closed,gamma,-0.03814480901808862
R-aSTG→L-ANG,DMN→DMN,Warszawa,eyes closed,gamma,-0.044068786482701586
R-aSTG→R-ANG,DMN→DMN,Warszawa,eyes closed,gamma,0.3129575405085683
R-aSTG→L-SFG,DMN→CEN,Warszawa,eyes closed,gamma,-0.02766668752647862
R-aSTG→R-SFG,DMN→CEN,Warszawa,eyes closed,gamma,0.2182244471654341
R-aSTG→L-pSTG,DMN→CEN,Warszawa,eyes closed,gamma,-0.0718564935468367
R-aSTG→R-pSTG,DMN→CEN,Warszawa,eyes closed,gamma,0.21999937562348962
R-aSTG→L-ITG,DMN→CEN,Warszawa,eyes closed,gamma,-0.10107536469824092
R-aSTG→R-ITG,DMN→CEN,Warszawa,eyes closed,gamma,0.13013872879077765
R-aSTG→L-SUP,DMN→CEN,Warszawa,eyes closed,gamma,0.10148536478131469
R-aSTG→R-SUP,DMN→CEN,Warszawa,eyes closed,gamma,-0.031011368265604824
L-PREC→L-ACC,DMN→SN,Warszawa,eyes closed,gamma,-0.043983221909312295
L-PREC→R-ACC,DMN→SN,Warszawa,eyes closed,gamma,-0.3291363699345249
L-PREC→L-INS,DMN→SN,Warszawa,eyes closed,gamma,-0.1940125325764591
L-PREC→R-INS,DMN→SN,Warszawa,eyes closed,gamma,-0.17199946594433
L-PREC→L-IFG,DMN→DMN,Warszawa,eyes closed,gamma,0.11723898005378808
L-PREC→R-IFG,DMN→CEN,Warszawa,eyes closed,gamma,0.08713393508469046
L-PREC→L-mPFC,DMN→DMN,Warszawa,eyes closed,gamma,0.07041699238698612
L-PREC→R-mPFC,DMN→DMN,Warszawa,eyes closed,gamma,-0.16331262422996992
L-PREC→L-aSTG,DMN→DMN,Warszawa,eyes closed,gamma,-0.20450371667122202
L-PREC→R-aSTG,DMN→DMN,Warszawa,eyes closed,gamma,0.17094003924507323
L-PREC→R-PREC,DMN→DMN,Warszawa,eyes closed,gamma,-0.1285652573725295
L-PREC→L-ANG,DMN→DMN,Warszawa,eyes closed,gamma,-0.02774701371133063
L-PREC→R-ANG,DMN→DMN,Warszawa,eyes closed,gamma,0.10803280767043176
L-PREC→L-SFG,DMN→CEN,Warszawa,eyes closed,gamma,-0.17111062548493636
L-PREC→R-SFG,DMN→CEN,Warszawa,eyes closed,gamma,-0.32806763270455624
L-PREC→L-pSTG,DMN→CEN,Warszawa,eyes closed,gamma,-0.2822498322418651
L-PREC→R-pSTG,DMN→CEN,Warszawa,eyes closed,gamma,0.11497038967493872
L-PREC→L-ITG,DMN→CEN,Warszawa,eyes closed,gamma,-0.191694657186319
L-PREC→R-ITG,DMN→CEN,Warszawa,eyes closed,gamma,-0.12335315234391345
L-PREC→L-SUP,DMN→CEN,Warszawa,eyes closed,gamma,-0.1541610692956319
L-PREC→R-SUP,DMN→CEN,Warszawa,eyes closed,gamma,-0.3616464811662094
R-PREC→L-ACC,DMN→SN,Warszawa,eyes closed,gamma,0.018530787470259505
R-PREC→R-ACC,DMN→SN,Warszawa,eyes closed,gamma,0.17949590627446235
R-PREC→L-INS,DMN→SN,Warszawa,eyes closed,gamma,-0.09410464989146569
R-PREC→R-INS,DMN→SN,Warszawa,eyes closed,gamma,0.07122061096113987
R-PREC→L-IFG,DMN→DMN,Warszawa,eyes closed,gamma,-0.3817342218873458
R-PREC→R-IFG,DMN→CEN,Warszawa,eyes closed,gamma,0.025149772741392844
R-PREC→L-mPFC,DMN→DMN,Warszawa,eyes closed,gamma,-0.14689595494233862
R-PREC→R-mPFC,DMN→DMN,Warszawa,eyes closed,gamma,0.1253122142227651
R-PREC→L-aSTG,DMN→DMN,Warszawa,eyes closed,gamma,-0.135498002466425
R-PREC→R-aSTG,DMN→DMN,Warszawa,eyes closed,gamma,-0.11464300525809293
R-PREC→L-PREC,DMN→DMN,Warszawa,eyes closed,gamma,-0.07802347299154491
R-PREC→L-ANG,DMN→DMN,Warszawa,eyes closed,gamma,0.020450371667122203
R-PREC→R-ANG,DMN→DMN,Warszawa,eyes closed,gamma,0.10639594694815249
R-PREC→L-SFG,DMN→CEN,Warszawa,eyes closed,gamma,-0.07501894417812481
R-PREC→R-SFG,DMN→CEN,Warszawa,eyes closed,gamma,-0.37745266553981544
R-PREC→L-pSTG,DMN→CEN,Warszawa,eyes closed,gamma,-0.12509052068678547
R-PREC→R-pSTG,DMN→CEN,Warszawa,eyes closed,gamma,0.09540839399725018
R-PREC→L-ITG,DMN→CEN,Warszawa,eyes closed,gamma,-0.15628787346436981
R-PREC→R-ITG,DMN→CEN,Warszawa,eyes closed,gamma,-0.15807810658913343
R-PREC→L-SUP,DMN→CEN,Warszawa,eyes closed,gamma,-0.24273969375147303
R-PREC→R-SUP,DMN→CEN,Warszawa,eyes closed,gamma,0.03634541871210613
L-ANG→L-ACC,DMN→SN,Warszawa,eyes closed,gamma,-0.01811701229998334
L-ANG→R-ACC,DMN→SN,Warszawa,eyes closed,gamma,-0.05717718748968656
L-ANG→L-INS,DMN→SN,Warszawa,eyes closed,gamma,-0.06287443185348211
L-ANG→R-INS,DMN→SN,Warszawa,eyes closed,gamma,-0.27747752752347893
L-ANG→L-IFG,DMN→DMN,Warszawa,eyes closed,gamma,-0.17628774700081676
L-ANG→R-IFG,DMN→CEN,Warszawa,eyes closed,gamma,-0.16818393067066348
L-ANG→L-mPFC,DMN→DMN,Warszawa,eyes closed,gamma,-0.04593115486289109
L-ANG→R-mPFC,DMN→DMN,Warszawa,eyes closed,gamma,-0.029642879492655663
L-ANG→L-aSTG,DMN→DMN,Warszawa,eyes closed,gamma,-0.22743692978621666
L-ANG→R-aSTG,DMN→DMN,Warszawa,eyes closed,gamma,-0.10903625613631837
L-ANG→L-PREC,DMN→DMN,Warszawa,eyes closed,gamma,-0.0016368607222792693
L-ANG→R-PREC,DMN→DMN,Warszawa,eyes closed,gamma,-0.033356488678002214
L-ANG→R-ANG,DMN→DMN,Warszawa,eyes closed,gamma,-0.12280719453989485
L-ANG→L-SFG,DMN→CEN,Warszawa,eyes closed,gamma,-0.14363160038806444
L-ANG→R-SFG,DMN→CEN,Warszawa,eyes closed,gamma,-0.3505947327993772
L-ANG→L-pSTG,DMN→CEN,Warszawa,eyes closed,gamma,-0.10958115265892597
L-ANG→R-pSTG,DMN→CEN,Warszawa,eyes closed,gamma,-0.20613540035299255
L-ANG→L-ITG,DMN→CEN,Warszawa,eyes closed,gamma,-0.039172254651290296
L-ANG→R-ITG,DMN→CEN,Warszawa,eyes closed,gamma,-0.22030034003379234
L-ANG→L-SUP,DMN→CEN,Warszawa,eyes closed,gamma,-0.15565861475017984
L-ANG→R-SUP,DMN→CEN,Warszawa,eyes closed,gamma,-0.1352747485328944
R-ANG→L-ACC,DMN→SN,Warszawa,eyes closed,gamma,-0.056438971180325564
R-ANG→R-ACC,DMN→SN,Warszawa,eyes closed,gamma,-0.12727933225726795
R-ANG→L-INS,DMN→SN,Warszawa,eyes closed,gamma,0.00718564935468367
R-ANG→R-INS,DMN→SN,Warszawa,eyes closed,gamma,0.02982100259896135
R-ANG→L-IFG,DMN→DMN,Warszawa,eyes closed,gamma,-0.05253933566995168
R-ANG→R-IFG,DMN→CEN,Warszawa,eyes closed,gamma,-0.10070952131447794
R-ANG→L-mPFC,DMN→DMN,Warszawa,eyes closed,gamma,-0.0934134416108877
R-ANG→R-mPFC,DMN→DMN,Warszawa,eyes closed,gamma,-0.10933164607453108
R-ANG→L-aSTG,DMN→DMN,Warszawa,eyes closed,gamma,-0.13317421662116172
R-ANG→R-aSTG,DMN→DMN,Warszawa,eyes closed,gamma,-0.030795000560551133
R-ANG→L-PREC,DMN→DMN,Warszawa,eyes closed,gamma,0.0
R-ANG→R-PREC,DMN→DMN,Warszawa,eyes closed,gamma,0.004896531831411287
R-ANG→L-ANG,DMN→DMN,Warszawa,eyes closed,gamma,-0.06898096477595347
R-ANG→L-SFG,DMN→CEN,Warszawa,eyes closed,gamma,-0.050742682390657344
R-ANG→R-SFG,DMN→CEN,Warszawa,eyes closed,gamma,-0.02964925995241521
R-ANG→L-pSTG,DMN→CEN,Warszawa,eyes closed,gamma,-0.3413183443474743
R-ANG→R-pSTG,DMN→CEN,Warszawa,eyes closed,gamma,0.05464725780952158
R-ANG→L-ITG,DMN→CEN,Warszawa,eyes closed,gamma,-0.37110585421834674
R-ANG→R-ITG,DMN→CEN,Warszawa,eyes closed,gamma,0.02536234225071561
R-ANG→L-SUP,DMN→CEN,Warszawa,eyes closed,gamma,-0.20085626130374437
R-ANG→R-SUP,DMN→CEN,Warszawa,eyes closed,gamma,-0.14418403864234033
L-SFG→L-ACC,CEN→SN,Warszawa,eyes closed,gamma,-0.2496751135729437
L-SFG→R-ACC,CEN→SN,Warszawa,eyes closed,gamma,-0.09629845935108865
L-SFG→L-INS,CEN→SN,Warszawa,eyes closed,gamma,-0.04622055856566532
L-SFG→R-INS,CEN→SN,Warszawa,eyes closed,gamma,0.0982186869520388
L-SFG→L-IFG,CEN→DMN,Warszawa,eyes closed,gamma,0.020735114583623
L-SFG→R-IFG,CEN→CEN,Warszawa,eyes closed,gamma,-0.12682788902965747
L-SFG→L-mPFC,CEN→DMN,Warszawa,eyes closed,gamma,-0.2302351681483122
L-SFG→R-mPFC,CEN→DMN,Warszawa,eyes closed,gamma,-0.019586127325645148
L-SFG→L-aSTG,CEN→DMN,Warszawa,eyes closed,gamma,-0.186616031252607
L-SFG→R-aSTG,CEN→DMN,Warszawa,eyes closed,gamma,-0.1849080729969241
L-SFG→L-PREC,CEN→DMN,Warszawa,eyes closed,gamma,-0.085116757558522
L-SFG→R-PREC,CEN→DMN,Warszawa,eyes closed,gamma,-0.10258260108443766
L-SFG→L-ANG,CEN→DMN,Warszawa,eyes closed,gamma,0.027886870455166638
L-SFG→R-ANG,CEN→DMN,Warszawa,eyes closed,gamma,0.0028645835491855694
L-SFG→R-SFG,CEN→CEN,Warszawa,eyes closed,gamma,-0.14072683577263365
L-SFG→L-pSTG,CEN→CEN,Warszawa,eyes closed,gamma,-0.0520959578214566
L-SFG→R-pSTG,CEN→CEN,Warszawa,eyes closed,gamma,-0.08338854361616777
L-SFG→L-ITG,CEN→CEN,Warszawa,eyes closed,gamma,-0.17627514593080634
L-SFG→R-ITG,CEN→CEN,Warszawa,eyes closed,gamma,-0.10772370029104832
L-SFG→L-SUP,CEN→CEN,Warszawa,eyes closed,gamma,-0.2964287949265566
L-SFG→R-SUP,CEN→CEN,Warszawa,eyes closed,gamma,0.019170644527903725
R-SFG→L-ACC,CEN→SN,Warszawa,eyes closed,gamma,-0.1372520990868896
R-SFG→R-ACC,CEN→SN,Warszawa,eyes closed,gamma,0.0802061753916842
R-SFG→L-INS,CEN→SN,Warszawa,eyes closed,gamma,0.10006946603400665
R-SFG→R-INS,CEN→SN,Warszawa,eyes closed,gamma,-0.024444375069276623
R-SFG→L-IFG,CEN→DMN,Warszawa,eyes closed,gamma,-0.027816013009866504
R-SFG→R-IFG,CEN→CEN,Warszawa,eyes closed,gamma,-0.006949473371488081
R-SFG→L-mPFC,CEN→DMN,Warszawa,eyes closed,gamma,0.02874259741873468
R-SFG→R-mPFC,CEN→DMN,Warszawa,eyes closed,gamma,0.13203999405827355
R-SFG→L-aSTG,CEN→DMN,Warszawa,eyes closed,gamma,0.10281804339993474
R-SFG→R-aSTG,CEN→DMN,Warszawa,eyes closed,gamma,0.28816432803672193
R-SFG→L-PREC,CEN→DMN,Warszawa,eyes closed,gamma,-0.06874815033572931
R-SFG→R-PREC,CEN→DMN,Warszawa,eyes closed,gamma,0.07333312520782988
R-SFG→L-ANG,CEN→DMN,Warszawa,eyes closed,gamma,0.02285048187991934
R-SFG→R-ANG,CEN→DMN,Warszawa,eyes closed,gamma,0.31047382440085525
R-SFG→L-SFG,CEN→CEN,Warszawa,eyes closed,gamma,0.13913316139373788
R-SFG→L-pSTG,CEN→CEN,Warszawa,eyes closed,gamma,-0.10660694556283719
R-SFG→R-pSTG,CEN→CEN,Warszawa,eyes closed,gamma,0.2524347091177245
R-SFG→L-ITG,CEN→CEN,Warszawa,eyes closed,gamma,-0.03467709910735329
R-SFG→R-ITG,CEN→CEN,Warszawa,eyes closed,gamma,0.2676654384619667
R-SFG→L-SUP,CEN→CEN,Warszawa,eyes closed,gamma,-0.1390800650493325
R-SFG→R-SUP,CEN→CEN,Warszawa,eyes closed,gamma,-0.009265393735129752
L-pSTG→L-ACC,CEN→SN,Warszawa,eyes closed,gamma,-0.054789116534585534
L-pSTG→R-ACC,CEN→SN,Warszawa,eyes closed,gamma,0.3750221546096551
L-pSTG→L-INS,CEN→SN,Warszawa,eyes closed,gamma,0.03995947188605647
L-pSTG→R-INS,CEN→SN,Warszawa,eyes closed,gamma,0.09450701609832347
L-pSTG→L-IFG,CEN→DMN,Warszawa,eyes closed,gamma,-0.023978457455828082
L-pSTG→R-IFG,CEN→CEN,Warszawa,eyes closed,gamma,-0.0033633639699815624
L-pSTG→L-mPFC,CEN→DMN,Warszawa,eyes closed,gamma,0.09700626628822955
L-pSTG→R-mPFC,CEN→DMN,Warszawa,eyes closed,gamma,0.1567749199453488
L-pSTG→L-aSTG,CEN→DMN,Warszawa,eyes closed,gamma,0.01437129870936734
L-pSTG→R-aSTG,CEN→DMN,Warszawa,eyes closed,gamma,0.15877209226867411
L-pSTG→L-PREC,CEN→DMN,Warszawa,eyes closed,gamma,0.17593288763724918
L-pSTG→R-PREC,CEN→DMN,Warszawa,eyes closed,gamma,0.3954628282411359
L-pSTG→L-ANG,CEN→DMN,Warszawa,eyes closed,gamma,0.13898946742976162
L-pSTG→R-ANG,CEN→DMN,Warszawa,eyes closed,gamma,0.13652733773898973
L-pSTG→L-SFG,CEN→CEN,Warszawa,eyes closed,gamma,0.21377306830183915
L-pSTG→R-SFG,CEN→CEN,Warszawa,eyes closed,gamma,-0.05003312616970067
L-pSTG→R-pSTG,CEN→CEN,Warszawa,eyes closed,gamma,0.07161458872963923
L-pSTG→L-ITG,CEN→CEN,Warszawa,eyes closed,gamma,-0.24504780380595348
L-pSTG→R-ITG,CEN→CEN,Warszawa,eyes closed,gamma,0.010424210057232122
L-pSTG→L-SUP,CEN→CEN,Warszawa,eyes closed,gamma,-0.19511751098078023
L-pSTG→R-SUP,CEN→CEN,Warszawa,eyes closed,gamma,0.09288102241032108
R-pSTG→L-ACC,CEN→SN,Warszawa,eyes closed,gamma,-0.05038368194328859
R-pSTG→R-ACC,CEN→SN,Warszawa,eyes closed,gamma,-0.1849080729969241
R-pSTG→L-INS,CEN→SN,Warszawa,eyes closed,gamma,-0.1799399723940136
R-pSTG→R-INS,CEN→SN,Warszawa,eyes closed,gamma,-0.19180271327103685
R-pSTG→L-IFG,CEN→DMN,Warszawa,eyes closed,gamma,-0.09051526052442792
R-pSTG→R-IFG,CEN→CEN,Warszawa,eyes closed,gamma,-0.19792449859190533
R-pSTG→L-mPFC,CEN→DMN,Warszawa,eyes closed,gamma,-0.3041537671170986
R-pSTG→R-mPFC,CEN→DMN,Warszawa,eyes closed,gamma,0.027771557247461786
R-pSTG→L-aSTG,CEN→DMN,Warszawa,eyes closed,gamma,-0.39041618637233294
R-pSTG→R-aSTG,CEN→DMN,Warszawa,eyes closed,gamma,0.11675947301348522
R-pSTG→L-PREC,CEN→DMN,Warszawa,eyes closed,gamma,-0.12896515122756289
R-pSTG→R-PREC,CEN→DMN,Warszawa,eyes closed,gamma,-0.2136963061732585
R-pSTG→L-ANG,CEN→DMN,Warszawa,eyes closed,gamma,0.012198750911856664
R-pSTG→R-ANG,CEN→DMN,Warszawa,eyes closed,gamma,0.05213214153471422
R-pSTG→L-SFG,CEN→CEN,Warszawa,eyes closed,gamma,-0.1251830162034273
R-pSTG→R-SFG,CEN→CEN,Warszawa,eyes closed,gamma,-0.28928466448117235
R-pSTG→L-pSTG,CEN→CEN,Warszawa,eyes closed,gamma,-0.4649496197236344
R-pSTG→L-ITG,CEN→CEN,Warszawa,eyes closed,gamma,-0.2108641229049509
R-pSTG→R-ITG,CEN→CEN,Warszawa,eyes closed,gamma,0.05108001146415387
R-pSTG→L-SUP,CEN→CEN,Warszawa,eyes closed,gamma,-0.22123583894432197
R-pSTG→R-SUP,CEN→CEN,Warszawa,eyes closed,gamma,-0.1723363234734134
L-ITG→L-ACC,CEN→SN,Warszawa,eyes closed,gamma,0.09417419115948375
L-ITG→R-ACC,CEN→SN,Warszawa,eyes closed,gamma,0.13524068651867785
L-ITG→L-INS,CEN→SN,Warszawa,eyes closed,gamma,0.04778091621443561
L-ITG→R-INS,CEN→SN,Warszawa,eyes closed,gamma,-0.039172254651290296
L-ITG→L-IFG,CEN→DMN,Warszawa,eyes closed,gamma,-0.006970714806775237
L-ITG→R-IFG,CEN→CEN,Warszawa,eyes closed,gamma,0.049583969656489785
L-ITG→L-mPFC,CEN→DMN,Warszawa,eyes closed,gamma,0.17953972033641105
L-ITG→R-mPFC,CEN→DMN,Warszawa,eyes closed,gamma,0.3353120901742999
L-ITG→L-aSTG,CEN→DMN,Warszawa,eyes closed,gamma,0.049058209052694486
L-ITG→R-aSTG,CEN→DMN,Warszawa,eyes closed,gamma,0.1437129870936734
L-ITG→L-PREC,CEN→DMN,Warszawa,eyes closed,gamma,0.07670476314841974
L-ITG→R-PREC,CEN→DMN,Warszawa,eyes closed,gamma,0.09693459079195903
L-ITG→L-ANG,CEN→DMN,Warszawa,eyes closed,gamma,0.48097932166749136
L-ITG→R-ANG,CEN→DMN,Warszawa,eyes closed,gamma,-0.13870839642941316
L-ITG→L-SFG,CEN→CEN,Warszawa,eyes closed,gamma,0.03273721444558538
L-ITG→R-SFG,CEN→CEN,Warszawa,eyes closed,gamma,-0.12452407927087704
L-ITG→L-pSTG,CEN→CEN,Warszawa,eyes closed,gamma,0.11850215171517901
L-ITG→R-pSTG,CEN→CEN,Warszawa,eyes closed,gamma,0.22844345477750824
L-ITG→R-ITG,CEN→CEN,Warszawa,eyes closed,gamma,-0.0938178905150891
L-ITG→L-SUP,CEN→CEN,Warszawa,eyes closed,gamma,0.14076588401962745
L-ITG→R-SUP,CEN→CEN,Warszawa,eyes closed,gamma,-0.11556551241685711
R-ITG→L-ACC,CEN→SN,Warszawa,eyes closed,gamma,0.30381450498612833
R-ITG→R-ACC,CEN→SN,Warszawa,eyes closed,gamma,0.12456135469974432
R-ITG→L-INS,CEN→SN,Warszawa,eyes closed,gamma,0.03233542209607652
R-ITG→R-INS,CEN→SN,Warszawa,eyes closed,gamma,-0.14911152616161916
R-ITG→L-IFG,CEN→DMN,Warszawa,eyes closed,gamma,-0.02219204946937616
R-ITG→R-IFG,CEN→CEN,Warszawa,eyes closed,gamma,-0.15462578251560982
R-ITG→L-mPFC,CEN→DMN,Warszawa,eyes closed,gamma,0.023543547789870937
R-ITG→R-mPFC,CEN→DMN,Warszawa,eyes closed,gamma,-0.12948951284429017
R-ITG→L-aSTG,CEN→DMN,Warszawa,eyes closed,gamma,-0.03718249394022218
R-ITG→R-aSTG,CEN→DMN,Warszawa,eyes closed,gamma,0.2454044600054664
R-ITG→L-PREC,CEN→DMN,Warszawa,eyes closed,gamma,0.3216180533527545
R-ITG→R-PREC,CEN→DMN,Warszawa,eyes closed,gamma,-0.10747856732750513
R-ITG→L-ANG,CEN→DMN,Warszawa,eyes closed,gamma,0.15053785137148398
R-ITG→R-ANG,CEN→DMN,Warszawa,eyes closed,gamma,0.15636315085848182
R-ITG→L-SFG,CEN→CEN,Warszawa,eyes closed,gamma,0.16605316857405156
R-ITG→R-SFG,CEN→CEN,Warszawa,eyes closed,gamma,0.09356295285136915
R-ITG→L-pSTG,CEN→CEN,Warszawa,eyes closed,gamma,0.13025800334680948
R-ITG→R-pSTG,CEN→CEN,Warszawa,eyes closed,gamma,0.24070763451423224
R-ITG→L-ITG,CEN→CEN,Warszawa,eyes closed,gamma,-0.03890823476593011
R-ITG→L-SUP,CEN→CEN,Warszawa,eyes closed,gamma,-0.07344797747116931
R-ITG→R-SUP,CEN→CEN,Warszawa,eyes closed,gamma,0.05389237016012752
L-SUP→L-ACC,CEN→SN,Warszawa,eyes closed,gamma,-0.07693245394712565
L-SUP→R-ACC,CEN→SN,Warszawa,eyes closed,gamma,-0.19979735943028235
L-SUP→L-INS,CEN→SN,Warszawa,eyes closed,gamma,0.022654823122019517
L-SUP→R-INS,CEN→SN,Warszawa,eyes closed,gamma,0.010149974286764377
L-SUP→L-IFG,CEN→DMN,Warszawa,eyes closed,gamma,0.07612480715073282
L-SUP→R-IFG,CEN→CEN,Warszawa,eyes closed,gamma,0.0638375681688915
L-SUP→L-mPFC,CEN→DMN,Warszawa,eyes closed,gamma,0.02964925995241521
L-SUP→R-mPFC,CEN→DMN,Warszawa,eyes closed,gamma,0.1251806794486769
L-SUP→L-aSTG,CEN→DMN,Warszawa,eyes closed,gamma,-0.08443137991753312
L-SUP→R-aSTG,CEN→DMN,Warszawa,eyes closed,gamma,-0.0779395316299734
L-SUP→L-PREC,CEN→DMN,Warszawa,eyes closed,gamma,0.15305096537058882
L-SUP→R-PREC,CEN→DMN,Warszawa,eyes closed,gamma,0.010778474032025505
L-SUP→L-ANG,CEN→DMN,Warszawa,eyes closed,gamma,0.055653264557495155
L-SUP→R-ANG,CEN→DMN,Warszawa,eyes closed,gamma,0.06826366886949486
L-SUP→L-SFG,CEN→CEN,Warszawa,eyes closed,gamma,-0.09166420044763908
L-SUP→R-SFG,CEN→CEN,Warszawa,eyes closed,gamma,-0.1240454730624193
L-SUP→L-pSTG,CEN→CEN,Warszawa,eyes closed,gamma,-0.21357361209382922
L-SUP→R-pSTG,CEN→CEN,Warszawa,eyes closed,gamma,0.09208052217221707
L-SUP→L-ITG,CEN→CEN,Warszawa,eyes closed,gamma,-0.07693245394712565
L-SUP→R-ITG,CEN→CEN,Warszawa,eyes closed,gamma,0.07018362291689512
L-SUP→R-SUP,CEN→CEN,Warszawa,eyes closed,gamma,-0.25223653956039144
R-SUP→L-ACC,CEN→SN,Warszawa,eyes closed,gamma,-0.060390559254072544
R-SUP→R-ACC,CEN→SN,Warszawa,eyes closed,gamma,0.1559382547522819
R-SUP→L-INS,CEN→SN,Warszawa,eyes closed,gamma,0.04778091621443561
R-SUP→R-INS,CEN→SN,Warszawa,eyes closed,gamma,0.04417480933032726
R-SUP→L-IFG,CEN→DMN,Warszawa,eyes closed,gamma,-0.07482671784524822
R-SUP→R-IFG,CEN→CEN,Warszawa,eyes closed,gamma,0.12373018782026045
R-SUP→L-mPFC,CEN→DMN,Warszawa,eyes closed,gamma,0.16331262422996992
R-SUP→R-mPFC,CEN→DMN,Warszawa,eyes closed,gamma,-0.04973583613235574
R-SUP→L-aSTG,CEN→DMN,Warszawa,eyes closed,gamma,0.0009678678369916544
R-SUP→R-aSTG,CEN→DMN,Warszawa,eyes closed,gamma,0.09667448424457767
R-SUP→L-PREC,CEN→DMN,Warszawa,eyes closed,gamma,0.08513104880072898
R-SUP→R-PREC,CEN→DMN,Warszawa,eyes closed,gamma,-0.12522381396615176
R-SUP→L-ANG,CEN→DMN,Warszawa,eyes closed,gamma,-0.04733314103697578
R-SUP→R-ANG,CEN→DMN,Warszawa,eyes closed,gamma,0.18746584388349474
R-SUP→L-SFG,CEN→CEN,Warszawa,eyes closed,gamma,-0.042798952548082594
R-SUP→R-SFG,CEN→CEN,Warszawa,eyes closed,gamma,-0.07144982676944618
R-SUP→L-pSTG,CEN→CEN,Warszawa,eyes closed,gamma,0.18841692791982673
R-SUP→R-pSTG,CEN→CEN,Warszawa,eyes closed,gamma,-0.040313550843089685
R-SUP→L-ITG,CEN→CEN,Warszawa,eyes closed,gamma,-0.05712620469979836
R-SUP→R-ITG,CEN→CEN,Warszawa,eyes closed,gamma,0.014329461247506987
R-SUP→L-SUP,CEN→CEN,Warszawa,eyes closed,gamma,-0.11254539373755053
L-ACC→R-ACC,SN→SN,Warszawa,eyes closed,theta,-0.015604694598308981
L-ACC→L-INS,SN→SN,Warszawa,eyes closed,theta,0.0892511453816816
L-ACC→R-INS,SN→SN,Warszawa,eyes closed,theta,0.0638375681688915
L-ACC→L-IFG,SN→DMN,Warszawa,eyes closed,theta,0.1964232866735123
L-ACC→R-IFG,SN→CEN,Warszawa,eyes closed,theta,0.2569351154927198
L-ACC→L-mPFC,SN→DMN,Warszawa,eyes closed,theta,0.0682435854044438
L-ACC→R-mPFC,SN→DMN,Warszawa,eyes closed,theta,0.19854162773425652
L-ACC→L-aSTG,SN→DMN,Warszawa,eyes closed,theta,-0.09019131491077927
L-ACC→R-aSTG,SN→DMN,Warszawa,eyes closed,theta,-0.019111051771592225
L-ACC→L-PREC,SN→DMN,Warszawa,eyes closed,theta,0.034853574033876185
L-ACC→R-PREC,SN→DMN,Warszawa,eyes closed,theta,-0.2087346076986644
L-ACC→L-ANG,SN→DMN,Warszawa,eyes closed,theta,0.1672971553626057
L-ACC→R-ANG,SN→DMN,Warszawa,eyes closed,theta,0.12547286652195427
L-ACC→L-SFG,SN→CEN,Warszawa,eyes closed,theta,0.052752606402821776
L-ACC→R-SFG,SN→CEN,Warszawa,eyes closed,theta,-0.32340426343011947
L-ACC→L-pSTG,SN→CEN,Warszawa,eyes closed,theta,-0.3522733306459025
L-ACC→R-pSTG,SN→CEN,Warszawa,eyes closed,theta,0.13070090262703568
L-ACC→L-ITG,SN→CEN,Warszawa,eyes closed,theta,-0.08184303611396346
L-ACC→R-ITG,SN→CEN,Warszawa,eyes closed,theta,0.011154748182066654
L-ACC→L-SUP,SN→CEN,Warszawa,eyes closed,theta,0.13342166978586845
L-ACC→R-SUP,SN→CEN,Warszawa,eyes closed,theta,0.125593513286973
R-ACC→L-ACC,SN→SN,Warszawa,eyes closed,theta,-0.011458025055954885
R-ACC→L-INS,SN→SN,Warszawa,eyes closed,theta,0.2065128238611301
R-ACC→R-INS,SN→SN,Warszawa,eyes closed,theta,0.07482671784524822
R-ACC→L-IFG,SN→DMN,Warszawa,eyes closed,theta,0.03413183443474743
R-ACC→R-IFG,SN→CEN,Warszawa,eyes closed,theta,0.26141903085600093
R-ACC→L-mPFC,SN→DMN,Warszawa,eyes closed,theta,0.0802061753916842
R-ACC→R-mPFC,SN→DMN,Warszawa,eyes closed,theta,-0.20479100660848457
R-ACC→L-aSTG,SN→DMN,Warszawa,eyes closed,theta,0.03814128974096156
R-ACC→R-aSTG,SN→DMN,Warszawa,eyes closed,theta,0.09493792189219762
R-ACC→L-PREC,SN→DMN,Warszawa,eyes closed,theta,0.053103297564290594
R-ACC→R-PREC,SN→DMN,Warszawa,eyes closed,theta,-0.3294324415198563
R-ACC→L-ANG,SN→DMN,Warszawa,eyes closed,theta,0.13066215799387337
R-ACC→R-ANG,SN→DMN,Warszawa,eyes closed,theta,-0.04804584065340578
R-ACC→L-SFG,SN→CEN,Warszawa,eyes closed,theta,-0.07808323727446659
R-ACC→R-SFG,SN→CEN,Warszawa,eyes closed,theta,-0.18498501834898592
R-ACC→L-pSTG,SN→CEN,Warszawa,eyes closed,theta,-0.16394177342856475
R-ACC→R-pSTG,SN→CEN,Warszawa,eyes closed,theta,0.05717718748968656
R-ACC→L-ITG,SN→CEN,Warszawa,eyes closed,theta,0.0018591246970111092
R-ACC→R-ITG,SN→CEN,Warszawa,eyes closed,theta,-0.06898096477595347
R-ACC→L-SUP,SN→CEN,Warszawa,eyes closed,theta,-0.2788285922710095
R-ACC→R-SUP,SN→CEN,Warszawa,eyes closed,theta,-0.08347989683624273
L-INS→L-ACC,SN→SN,Warszawa,eyes closed,theta,-0.02439750182371333
L-INS→R-ACC,SN→SN,Warszawa,eyes closed,theta,0.21665656136875563
L-INS→R-INS,SN→SN,Warszawa,eyes closed,theta,0.05038368194328859
L-INS→L-IFG,SN→DMN,Warszawa,eyes closed,theta,-0.12364141847223861
L-INS→R-IFG,SN→CEN,Warszawa,eyes closed,theta,0.17407542646324511
L-INS→L-mPFC,SN→DMN,Warszawa,eyes closed,theta,0.1725251914676871
L-INS→R-mPFC,SN→DMN,Warszawa,eyes closed,theta,0.06827566829694505
L-INS→L-aSTG,SN→DMN,Warszawa,eyes closed,theta,-0.08622779225620404
L-INS→R-aSTG,SN→DMN,Warszawa,eyes closed,theta,0.22654823122019518
L-INS→L-PREC,SN→DMN,Warszawa,eyes closed,theta,0.0
L-INS→R-PREC,SN→DMN,Warszawa,eyes closed,theta,-0.13868105474769307
L-INS→L-ANG,SN→DMN,Warszawa,eyes closed,theta,-0.017426787016938092
L-INS→R-ANG,SN→DMN,Warszawa,eyes closed,theta,0.14076588401962745
L-INS→L-SFG,SN→CEN,Warszawa,eyes closed,theta,-0.006528709108548383
L-INS→R-SFG,SN→CEN,Warszawa,eyes closed,theta,0.025225229774861718
L-INS→L-pSTG,SN→CEN,Warszawa,eyes closed,theta,-0.1389809060269463
L-INS→R-pSTG,SN→CEN,Warszawa,eyes closed,theta,-0.03822210354318445
L-INS→L-ITG,SN→CEN,Warszawa,eyes closed,theta,-0.16068500904299549
L-INS→R-ITG,SN→CEN,Warszawa,eyes closed,theta,0.028887849103540822
L-INS→L-SUP,SN→CEN,Warszawa,eyes closed,theta,-0.04647811742527772
L-INS→R-SUP,SN→CEN,Warszawa,eyes closed,theta,-0.15115104582986577
R-INS→L-ACC,SN→SN,Warszawa,eyes closed,theta,0.1431526016698554
R-INS→R-ACC,SN→SN,Warszawa,eyes closed,theta,0.09285725226578996
R-INS→L-INS,SN→SN,Warszawa,eyes closed,theta,0.1425133889108014
R-INS→L-IFG,SN→DMN,Warszawa,eyes closed,theta,0.1041109830326221
R-INS→R-IFG,SN→CEN,Warszawa,eyes closed,theta,0.08338854361616777
R-INS→L-mPFC,SN→DMN,Warszawa,eyes closed,theta,0.07006008120816579
R-INS→R-mPFC,SN→DMN,Warszawa,eyes closed,theta,0.13206444008111456
R-INS→L-aSTG,SN→DMN,Warszawa,eyes closed,theta,0.05970155481398437
R-INS→R-aSTG,SN→DMN,Warszawa,eyes closed,theta,-0.10403129732205987
R-INS→L-PREC,SN→DMN,Warszawa,eyes closed,theta,0.03294324415198562
R-INS→R-PREC,SN→DMN,Warszawa,eyes closed,theta,0.13943435227583317
R-INS→L-ANG,SN→DMN,Warszawa,eyes closed,theta,0.04670672080544385
R-INS→R-ANG,SN→DMN,Warszawa,eyes closed,theta,-0.010957823306917107
R-INS→L-SFG,SN→CEN,Warszawa,eyes closed,theta,0.17219160371617362
R-INS→R-SFG,SN→CEN,Warszawa,eyes closed,theta,-0.06726727939963124
R-INS→L-pSTG,SN→CEN,Warszawa,eyes closed,theta,-0.003592824677341835
R-INS→R-pSTG,SN→CEN,Warszawa,eyes closed,theta,0.0970958775005892
R-INS→L-ITG,SN→CEN,Warszawa,eyes closed,theta,0.020450371667122203
R-INS→R-ITG,SN→CEN,Warszawa,eyes closed,theta,0.06597483286396845
R-INS→L-SUP,SN→CEN,Warszawa,eyes closed,theta,0.0834480390295995
R-INS→R-SUP,SN→CEN,Warszawa,eyes closed,theta,0.0834823447475939
L-IFG→L-ACC,DMN→SN,Warszawa,eyes closed,theta,0.21954765318691027
L-IFG→R-ACC,DMN→SN,Warszawa,eyes closed,theta,0.043346373884191616
L-IFG→L-INS,DMN→SN,Warszawa,eyes closed,theta,0.13613053487509014
L-IFG→R-INS,DMN→SN,Warszawa,eyes closed,theta,0.2300335886235828
L-IFG→R-IFG,DMN→CEN,Warszawa,eyes closed,theta,0.059281607176140276
L-IFG→L-mPFC,DMN→DMN,Warszawa,eyes closed,theta,-0.036596252735569997
L-IFG→R-mPFC,DMN→DMN,Warszawa,eyes closed,theta,0.24115988584100614
L-IFG→L-aSTG,DMN→DMN,Warszawa,eyes closed,theta,0.089658106199752
L-IFG→R-aSTG,DMN→DMN,Warszawa,eyes closed,theta,-0.3273708279400825
L-IFG→L-PREC,DMN→DMN,Warszawa,eyes closed,theta,0.017373683428720203
L-IFG→R-PREC,DMN→DMN,Warszawa,eyes closed,theta,-0.18378862526897244
L-IFG→L-ANG,DMN→DMN,Warszawa,eyes closed,theta,0.11154748182066655
L-IFG→R-ANG,DMN→DMN,Warszawa,eyes closed,theta,0.1964373739040776
L-IFG→L-SFG,DMN→CEN,Warszawa,eyes closed,theta,0.10059909096557137
L-IFG→R-SFG,DMN→CEN,Warszawa,eyes closed,theta,-0.03754764735736384
L-IFG→L-pSTG,DMN→CEN,Warszawa,eyes closed,theta,-0.1227022300027332
L-IFG→R-pSTG,DMN→CEN,Warszawa,eyes closed,theta,0.02258578845733626
L-IFG→L-ITG,DMN→CEN,Warszawa,eyes closed,theta,-0.2069428943278604
L-IFG→R-ITG,DMN→CEN,Warszawa,eyes closed,theta,0.217618003961228
L-IFG→L-SUP,DMN→CEN,Warszawa,eyes closed,theta,0.1251830162034273
L-IFG→R-SUP,DMN→CEN,Warszawa,eyes closed,theta,-0.029563270618265775
R-IFG→L-ACC,CEN→SN,Warszawa,eyes closed,theta,0.1693169135409767
R-IFG→R-ACC,CEN→SN,Warszawa,eyes closed,theta,0.22329943430881627
R-IFG→L-INS,CEN→SN,Warszawa,eyes closed,theta,-0.03427572281987901
R-IFG→R-INS,CEN→SN,Warszawa,eyes closed,theta,0.14730581177101523
R-IFG→L-IFG,CEN→DMN,Warszawa,eyes closed,theta,0.06597483286396845
R-IFG→L-mPFC,CEN→DMN,Warszawa,eyes closed,theta,0.005577374091033327
R-IFG→R-mPFC,CEN→DMN,Warszawa,eyes closed,theta,0.22922845353800353
R-IFG→L-aSTG,CEN→DMN,Warszawa,eyes closed,theta,0.3152360140197101
R-IFG→R-aSTG,CEN→DMN,Warszawa,eyes closed,theta,0.16206911925752424
R-IFG→L-PREC,CEN→DMN,Warszawa,eyes closed,theta,0.32987416431984223
R-IFG→R-PREC,CEN→DMN,Warszawa,eyes closed,theta,0.0017964123386709175
R-IFG→L-ANG,CEN→DMN,Warszawa,eyes closed,theta,0.008632244684098109
R-IFG→R-ANG,CEN→DMN,Warszawa,eyes closed,theta,0.3344664135010493
R-IFG→L-SFG,CEN→CEN,Warszawa,eyes closed,theta,-0.01702127702263787
R-IFG→R-SFG,CEN→CEN,Warszawa,eyes closed,theta,-0.20040805069478806
R-IFG→L-pSTG,CEN→CEN,Warszawa,eyes closed,theta,-0.09821317359237537
R-IFG→R-pSTG,CEN→CEN,Warszawa,eyes closed,theta,0.19041970789911725
R-IFG→L-ITG,CEN→CEN,Warszawa,eyes closed,theta,-0.23177626732527662
R-IFG→R-ITG,CEN→CEN,Warszawa,eyes closed,theta,0.020912144420325712
R-IFG→L-SUP,CEN→CEN,Warszawa,eyes closed,theta,0.052280361050814274
R-IFG→R-SUP,CEN→CEN,Warszawa,eyes closed,theta,-0.09882973245595689
L-mPFC→L-ACC,DMN→SN,Warszawa,eyes closed,theta,-0.041595985247383734
L-mPFC→R-ACC,DMN→SN,Warszawa,eyes closed,theta,0.3641193644065727
L-mPFC→L-INS,DMN→SN,Warszawa,eyes closed,theta,-0.03822210354318445
L-mPFC→R-INS,DMN→SN,Warszawa,eyes closed,theta,0.09667448424457767
L-mPFC→L-IFG,DMN→DMN,Warszawa,eyes closed,theta,-0.2946395207771262
L-mPFC→R-IFG,DMN→CEN,Warszawa,eyes closed,theta,-0.20988446180172
L-mPFC→R-mPFC,DMN→DMN,Warszawa,eyes closed,theta,0.13938598906406777
L-mPFC→L-aSTG,DMN→DMN,Warszawa,eyes closed,theta,-0.019111051771592225
L-mPFC→R-aSTG,DMN→DMN,Warszawa,eyes closed,theta,-0.08737886075952213
L-mPFC→L-PREC,DMN→DMN,Warszawa,eyes closed,theta,0.23852439573896284
L-mPFC→R-PREC,DMN→DMN,Warszawa,eyes closed,theta,-0.15462578251560982
L-mPFC→L-ANG,DMN→DMN,Warszawa,eyes closed,theta,0.08487321841112899
L-mPFC→R-ANG,DMN→DMN,Warszawa,eyes closed,theta,0.12697495784434332
L-mPFC→L-SFG,DMN→CEN,Warszawa,eyes closed,theta,0.14938230334628624
L-mPFC→R-SFG,DMN→CEN,Warszawa,eyes closed,theta,-0.013941429613550474
L-mPFC→L-pSTG,DMN→CEN,Warszawa,eyes closed,theta,0.11449389357044006
L-mPFC→R-pSTG,DMN→CEN,Warszawa,eyes closed,theta,-0.08513104880072898
L-mPFC→L-ITG,DMN→CEN,Warszawa,eyes closed,theta,-0.05679618342470648
L-mPFC→R-ITG,DMN→CEN,Warszawa,eyes closed,theta,-0.07164730623753493
L-mPFC→L-SUP,DMN→CEN,Warszawa,eyes closed,theta,-0.1131739773362678
L-mPFC→R-SUP,DMN→CEN,Warszawa,eyes closed,theta,-0.044910308466772936
R-mPFC→L-ACC,DMN→SN,Warszawa,eyes closed,theta,-0.08903835923342739
R-mPFC→R-ACC,DMN→SN,Warszawa,eyes closed,theta,-0.11379278049490842
R-mPFC→L-INS,DMN→SN,Warszawa,eyes closed,theta,-0.1362162407842533
R-mPFC→R-INS,DMN→SN,Warszawa,eyes closed,theta,-0.22674265150466938
R-mPFC→L-IFG,DMN→DMN,Warszawa,eyes closed,theta,-0.21410974781107633
R-mPFC→R-IFG,DMN→CEN,Warszawa,eyes closed,theta,-0.1638352914589828
R-mPFC→L-mPFC,DMN→DMN,Warszawa,eyes closed,theta,-0.09208052217221707
R-mPFC→L-aSTG,DMN→DMN,Warszawa,eyes closed,theta,-0.09187713388107421
R-mPFC→R-aSTG,DMN→DMN,Warszawa,eyes closed,theta,-0.15269504878702797
R-mPFC→L-PREC,DMN→DMN,Warszawa,eyes closed,theta,-0.04389697758469766
R-mPFC→R-PREC,DMN→DMN,Warszawa,eyes closed,theta,-0.21195893783038647
R-mPFC→L-ANG,DMN→DMN,Warszawa,eyes closed,theta,0.027816013009866504
R-mPFC→R-ANG,DMN→DMN,Warszawa,eyes closed,theta,-0.19382824502082371
R-mPFC→L-SFG,DMN→CEN,Warszawa,eyes closed,theta,-0.14582334093051227
R-mPFC→R-SFG,DMN→CEN,Warszawa,eyes closed,theta,-0.12112769344866593
R-mPFC→L-pSTG,DMN→CEN,Warszawa,eyes closed,theta,-0.12373018782026045
R-mPFC→R-pSTG,DMN→CEN,Warszawa,eyes closed,theta,-0.013480996248319051
R-mPFC→L-ITG,DMN→CEN,Warszawa,eyes closed,theta,0.026060525143080306
R-mPFC→R-ITG,DMN→CEN,Warszawa,eyes closed,theta,-0.3261418594765673
R-mPFC→L-SUP,DMN→CEN,Warszawa,eyes closed,theta,-0.1885951579746864
R-mPFC→R-SUP,DMN→CEN,Warszawa,eyes closed,theta,-0.1533557257490552
L-aSTG→L-ACC,DMN→SN,Warszawa,eyes closed,theta,0.02218896875963089
L-aSTG→R-ACC,DMN→SN,Warszawa,eyes closed,theta,0.07903905329456672
L-aSTG→L-INS,DMN→SN,Warszawa,eyes closed,theta,0.20215072939648185
L-aSTG→R-INS,DMN→SN,Warszawa,eyes closed,theta,0.03300999851456839
L-aSTG→L-IFG,DMN→DMN,Warszawa,eyes closed,theta,0.01702127702263787
L-aSTG→R-IFG,DMN→CEN,Warszawa,eyes closed,theta,0.0435767464496401
L-aSTG→L-mPFC,DMN→DMN,Warszawa,eyes closed,theta,0.09585666533801325
L-aSTG→R-mPFC,DMN→DMN,Warszawa,eyes closed,theta,0.1654620980339887
L-aSTG→R-aSTG,DMN→DMN,Warszawa,eyes closed,theta,-0.05060764270227839
L-aSTG→L-PREC,DMN→DMN,Warszawa,eyes closed,theta,-0.0706306433696128
L-aSTG→R-PREC,DMN→DMN,Warszawa,eyes closed,theta,0.11210696152461348
L-aSTG→L-ANG,DMN→DMN,Warszawa,eyes closed,theta,0.09430311722843128
L-aSTG→R-ANG,DMN→DMN,Warszawa,eyes closed,theta,0.13402260813844769
L-aSTG→L-SFG,DMN→CEN,Warszawa,eyes closed,theta,-0.17547420263007404
L-aSTG→R-SFG,DMN→CEN,Warszawa,eyes closed,theta,0.04973165962370072
L-aSTG→L-pSTG,DMN→CEN,Warszawa,eyes closed,theta,0.08728158513921422
L-aSTG→R-pSTG,DMN→CEN,Warszawa,eyes closed,theta,0.1775363957550093
L-aSTG→L-ITG,DMN→CEN,Warszawa,eyes closed,theta,0.112903388528613
L-aSTG→R-ITG,DMN→CEN,Warszawa,eyes closed,theta,0.09896577596691465
L-aSTG→L-SUP,DMN→CEN,Warszawa,eyes closed,theta,-0.041059030871659824
L-aSTG→R-SUP,DMN→CEN,Warszawa,eyes closed,theta,0.007651667097285499
R-aSTG→L-ACC,DMN→SN,Warszawa,eyes closed,theta,0.0766778628745276
R-aSTG→R-ACC,DMN→SN,Warszawa,eyes closed,theta,-0.043723731609760313
R-aSTG→L-INS,DMN→SN,Warszawa,eyes closed,theta,0.17091271255152155
R-aSTG→R-INS,DMN→SN,Warszawa,eyes closed,theta,-0.024444375069276623
R-aSTG→L-IFG,DMN→DMN,Warszawa,eyes closed,theta,-0.0892511453816816
R-aSTG→R-IFG,DMN→CEN,Warszawa,eyes closed,theta,-0.06827566829694505
R-aSTG→L-mPFC,DMN→DMN,Warszawa,eyes closed,theta,0.07274148238847802
R-aSTG→R-mPFC,DMN→DMN,Warszawa,eyes closed,theta,0.14482988303320163
R-aSTG→L-aSTG,DMN→DMN,Warszawa,eyes closed,theta,0.07122061096113987
R-aSTG→L-PREC,DMN→DMN,Warszawa,eyes closed,theta,-0.021218304602782248
R-aSTG→R-PREC,DMN→DMN,Warszawa,eyes closed,theta,-0.2094763484147667
R-aSTG→L-ANG,DMN→DMN,Warszawa,eyes closed,theta,-0.05733315531477667
R-aSTG→R-ANG,DMN→DMN,Warszawa,eyes closed,theta,0.1181000004545484
R-aSTG→L-SFG,DMN→CEN,Warszawa,eyes closed,theta,-0.31804188555470947
R-aSTG→R-SFG,DMN→CEN,Warszawa,eyes closed,theta,-0.08364857768130285
R-aSTG→L-pSTG,DMN→CEN,Warszawa,eyes closed,theta,-0.09555525885796111
R-aSTG→R-pSTG,DMN→CEN,Warszawa,eyes closed,theta,0.24460639460742548
R-aSTG→L-ITG,DMN→CEN,Warszawa,eyes closed,theta,-0.14812768964397377
R-aSTG→R-ITG,DMN→CEN,Warszawa,eyes closed,theta,-0.10747856732750513
R-aSTG→L-SUP,DMN→CEN,Warszawa,eyes closed,theta,-0.07856931466940492
R-aSTG→R-SUP,DMN→CEN,Warszawa,eyes closed,theta,-0.03699700366979719
L-PREC→L-ACC,DMN→SN,Warszawa,eyes closed,theta,-0.1158845866767338
L-PREC→R-ACC,DMN→SN,Warszawa,eyes closed,theta,-0.11221918089327543
L-PREC→L-INS,DMN→SN,Warszawa,eyes closed,theta,-0.16307092973828366
L-PREC→R-INS,DMN→SN,Warszawa,eyes closed,theta,-0.04166912828996168
L-PREC→L-IFG,DMN→DMN,Warszawa,eyes closed,theta,-0.026132431598774673
L-PREC→R-IFG,DMN→CEN,Warszawa,eyes closed,theta,-0.03621121744159593
L-PREC→L-mPFC,DMN→DMN,Warszawa,eyes closed,theta,0.039324670227558055
L-PREC→R-mPFC,DMN→DMN,Warszawa,eyes closed,theta,-0.02874259741873468
L-PREC→L-aSTG,DMN→DMN,Warszawa,eyes closed,theta,-0.1431526016698554
L-PREC→R-aSTG,DMN→DMN,Warszawa,eyes closed,theta,-0.10281804339993474
L-PREC→R-PREC,DMN→DMN,Warszawa,eyes closed,theta,-0.20848420114464244
L-PREC→L-ANG,DMN→DMN,Warszawa,eyes closed,theta,0.14348651290165107
L-PREC→R-ANG,DMN→DMN,Warszawa,eyes closed,theta,0.08347989683624273
L-PREC→L-SFG,DMN→CEN,Warszawa,eyes closed,theta,-0.019386918158391806
L-PREC→R-SFG,DMN→CEN,Warszawa,eyes closed,theta,-0.378653737207558
L-PREC→L-pSTG,DMN→CEN,Warszawa,eyes closed,theta,-0.25791644785068374
L-PREC→R-pSTG,DMN→CEN,Warszawa,eyes closed,theta,0.08894777985724563
L-PREC→L-ITG,DMN→CEN,Warszawa,eyes closed,theta,-0.19457326843772482
L-PREC→R-ITG,DMN→CEN,Warszawa,eyes closed,theta,-0.05230983089210095
L-PREC→L-SUP,DMN→CEN,Warszawa,eyes closed,theta,-0.18378862526897244
L-PREC→R-SUP,DMN→CEN,Warszawa,eyes closed,theta,0.06383921279888163
R-PREC→L-ACC,DMN→SN,Warszawa,eyes closed,theta,0.04570096375983868
R-PREC→R-ACC,DMN→SN,Warszawa,eyes closed,theta,-0.26234261977367507
R-PREC→L-INS,DMN→SN,Warszawa,eyes closed,theta,-0.02874259741873468
R-PREC→R-INS,DMN→SN,Warszawa,eyes closed,theta,0.0017373683428720203
R-PREC→L-IFG,DMN→DMN,Warszawa,eyes closed,theta,-0.10908473324427753
R-PREC→R-IFG,DMN→CEN,Warszawa,eyes closed,theta,-0.12335315234391345
R-PREC→L-mPFC,DMN→DMN,Warszawa,eyes closed,theta,-0.027797893485952324
R-PREC→R-mPFC,DMN→DMN,Warszawa,eyes closed,theta,0.049583969656489785
R-PREC→L-aSTG,DMN→DMN,Warszawa,eyes closed,theta,-0.020735114583623
R-PREC→R-aSTG,DMN→DMN,Warszawa,eyes closed,theta,-0.0018591246970111092
R-PREC→L-PREC,DMN→DMN,Warszawa,eyes closed,theta,-0.03136821663048857
R-PREC→L-ANG,DMN→DMN,Warszawa,eyes closed,theta,0.09938374374713561
R-PREC→R-ANG,DMN→DMN,Warszawa,eyes closed,theta,0.12198750911856665
R-PREC→L-SFG,DMN→CEN,Warszawa,eyes closed,theta,-0.1739946571582278
R-PREC→R-SFG,DMN→CEN,Warszawa,eyes closed,theta,-0.08344503194628172
R-PREC→L-pSTG,DMN→CEN,Warszawa,eyes closed,theta,-0.1442015724583777
R-PREC→R-pSTG,DMN→CEN,Warszawa,eyes closed,theta,0.04690894525754455
R-PREC→L-ITG,DMN→CEN,Warszawa,eyes closed,theta,-0.19805999108741032
R-PREC→R-ITG,DMN→CEN,Warszawa,eyes closed,theta,-0.03590790009701611
R-PREC→L-SUP,DMN→CEN,Warszawa,eyes closed,theta,-0.15195245725612794
R-PREC→R-SUP,DMN→CEN,Warszawa,eyes closed,theta,-0.09956281390536284
L-ANG→L-ACC,DMN→SN,Warszawa,eyes closed,theta,-0.029625537928794753
L-ANG→R-ACC,DMN→SN,Warszawa,eyes closed,theta,-0.1127005720988982
L-ANG→L-INS,DMN→SN,Warszawa,eyes closed,theta,-0.09520985394955862
L-ANG→R-INS,DMN→SN,Warszawa,eyes closed,theta,-0.017332709462124497
L-ANG→L-IFG,DMN→DMN,Warszawa,eyes closed,theta,-0.17661684621605536
L-ANG→R-IFG,DMN→CEN,Warszawa,eyes closed,theta,-0.059491990304355494
L-ANG→L-mPFC,DMN→DMN,Warszawa,eyes closed,theta,-0.06107801951481119
L-ANG→R-mPFC,DMN→DMN,Warszawa,eyes closed,theta,0.0399137472425709
L-ANG→L-aSTG,DMN→DMN,Warszawa,eyes closed,theta,-0.3503004060408289
L-ANG→R-aSTG,DMN→DMN,Warszawa,eyes closed,theta,-0.23801946297346677
L-ANG→L-PREC,DMN→DMN,Warszawa,eyes closed,theta,-0.010957823306917107
L-ANG→R-PREC,DMN→DMN,Warszawa,eyes closed,theta,-0.2640726137846249
L-ANG→R-ANG,DMN→DMN,Warszawa,eyes closed,theta,-0.3072788430928836
L-ANG→L-SFG,DMN→CEN,Warszawa,eyes closed,theta,-0.14886628953921086
L-ANG→R-SFG,DMN→CEN,Warszawa,eyes closed,theta,-0.026144274909785523
L-ANG→L-pSTG,DMN→CEN,Warszawa,eyes closed,theta,0.03734557583657156
L-ANG→R-pSTG,DMN→CEN,Warszawa,eyes closed,theta,-0.07436498788044436
L-ANG→L-ITG,DMN→CEN,Warszawa,eyes closed,theta,0.05892698600205369
L-ANG→R-ITG,DMN→CEN,Warszawa,eyes closed,theta,-0.15442126601553285
L-ANG→L-SUP,DMN→CEN,Warszawa,eyes closed,theta,-0.016805509126457206
L-ANG→R-SUP,DMN→CEN,Warszawa,eyes closed,theta,-0.14781635309132887
R-ANG→L-ACC,DMN→SN,Warszawa,eyes closed,theta,0.1379335883171443
R-ANG→R-ACC,DMN→SN,Warszawa,eyes closed,theta,-0.03180279799908339
R-ANG→L-INS,DMN→SN,Warszawa,eyes closed,theta,-0.008408409924953906
R-ANG→R-INS,DMN→SN,Warszawa,eyes closed,theta,-0.026961992496638103
R-ANG→L-IFG,DMN→DMN,Warszawa,eyes closed,theta,-0.10903625613631837
R-ANG→R-IFG,DMN→CEN,Warszawa,eyes closed,theta,0.09295623485055544
R-ANG→L-mPFC,DMN→DMN,Warszawa,eyes closed,theta,-0.07296947040062485
R-ANG→R-mPFC,DMN→DMN,Warszawa,eyes closed,theta,-0.29505210556611366
R-ANG→L-aSTG,DMN→DMN,Warszawa,eyes closed,theta,-0.043161223420490544
R-ANG→R-aSTG,DMN→DMN,Warszawa,eyes closed,theta,-0.085202864568461
R-ANG→L-PREC,DMN→DMN,Warszawa,eyes closed,theta,0.036484735200312424
R-ANG→R-PREC,DMN→DMN,Warszawa,eyes closed,theta,-0.19507511025893062
R-ANG→L-ANG,DMN→DMN,Warszawa,eyes closed,theta,-0.03413183443474743
R-ANG→L-SFG,DMN→CEN,Warszawa,eyes closed,theta,-0.19232971555834355
R-ANG→R-SFG,DMN→CEN,Warszawa,eyes closed,theta,-0.06506936439538882
R-ANG→L-pSTG,DMN→CEN,Warszawa,eyes closed,theta,-0.26051600669361896
R-ANG→R-pSTG,DMN→CEN,Warszawa,eyes closed,theta,-0.05725983343138682
R-ANG→L-ITG,DMN→CEN,Warszawa,eyes closed,theta,-0.3251478831010288
R-ANG→R-ITG,DMN→CEN,Warszawa,eyes closed,theta,0.03928465733470246
R-ANG→L-SUP,DMN→CEN,Warszawa,eyes closed,theta,-0.09481535954756656
R-ANG→R-SUP,DMN→CEN,Warszawa,eyes closed,theta,-0.25074020703666333
L-SFG→L-ACC,CEN→SN,Warszawa,eyes closed,theta,-0.14390996129551617
L-SFG→R-ACC,CEN→SN,Warszawa,eyes closed,theta,-0.019111051771592225
L-SFG→L-INS,CEN→SN,Warszawa,eyes closed,theta,-0.12816542387953211
L-SFG→R-INS,CEN→SN,Warszawa,eyes closed,theta,0.050834329806355535
L-SFG→L-IFG,CEN→DMN,Warszawa,eyes closed,theta,-0.29461162354203047
L-SFG→R-IFG,CEN→CEN,Warszawa,eyes closed,theta,0.006970714806775237
L-SFG→L-mPFC,CEN→DMN,Warszawa,eyes closed,theta,0.06766649524509584
L-SFG→R-mPFC,CEN→DMN,Warszawa,eyes closed,theta,0.19979883072565788
L-SFG→L-aSTG,CEN→DMN,Warszawa,eyes closed,theta,-0.14865552968270698
L-SFG→R-aSTG,CEN→DMN,Warszawa,eyes closed,theta,-0.14334274864330684
L-SFG→L-PREC,CEN→DMN,Warszawa,eyes closed,theta,0.0038258335486427496
L-SFG→R-PREC,CEN→DMN,Warszawa,eyes closed,theta,-0.2732362890476079
L-SFG→L-ANG,CEN→DMN,Warszawa,eyes closed,theta,0.12350916078071092
L-SFG→R-ANG,CEN→DMN,Warszawa,eyes closed,theta,-0.212934043822794
L-SFG→R-SFG,CEN→CEN,Warszawa,eyes closed,theta,-0.27102946148803514
L-SFG→L-pSTG,CEN→CEN,Warszawa,eyes closed,theta,-0.18160171720854315
L-SFG→R-pSTG,CEN→CEN,Warszawa,eyes closed,theta,0.09080085860427158
L-SFG→L-ITG,CEN→CEN,Warszawa,eyes closed,theta,-0.2894730052691806
L-SFG→R-ITG,CEN→CEN,Warszawa,eyes closed,theta,-0.11292894228668131
L-SFG→L-SUP,CEN→CEN,Warszawa,eyes closed,theta,-0.15846089618050946
L-SFG→R-SUP,CEN→CEN,Warszawa,eyes closed,theta,-0.11790213696500118
R-SFG→L-ACC,CEN→SN,Warszawa,eyes closed,theta,0.012198750911856664
R-SFG→R-ACC,CEN→SN,Warszawa,eyes closed,theta,0.1379335883171443
R-SFG→L-INS,CEN→SN,Warszawa,eyes closed,theta,0.19518001458970663
R-SFG→R-INS,CEN→SN,Warszawa,eyes closed,theta,0.20968570698276368
R-SFG→L-IFG,CEN→DMN,Warszawa,eyes closed,theta,0.16858549683206528
R-SFG→R-IFG,CEN→CEN,Warszawa,eyes closed,theta,-0.02230949636413331
R-SFG→L-mPFC,CEN→DMN,Warszawa,eyes closed,theta,0.012681171125357805
R-SFG→R-mPFC,CEN→DMN,Warszawa,eyes closed,theta,0.3661366616406446
R-SFG→L-aSTG,CEN→DMN,Warszawa,eyes closed,theta,-0.015636315085848184
R-SFG→R-aSTG,CEN→DMN,Warszawa,eyes closed,theta,0.13943435227583317
R-SFG→L-PREC,CEN→DMN,Warszawa,eyes closed,theta,-0.06775736537200878
R-SFG→R-PREC,CEN→DMN,Warszawa,eyes closed,theta,0.18481297781055284
R-SFG→L-ANG,CEN→DMN,Warszawa,eyes closed,theta,0.027796181205389257
R-SFG→R-ANG,CEN→DMN,Warszawa,eyes closed,theta,0.04879500364742666
R-SFG→L-SFG,CEN→CEN,Warszawa,eyes closed,theta,-0.007586185366327228
R-SFG→L-pSTG,CEN→CEN,Warszawa,eyes closed,theta,-0.02258578845733626
R-SFG→R-pSTG,CEN→CEN,Warszawa,eyes closed,theta,0.1442015724583777
R-SFG→L-ITG,CEN→CEN,Warszawa,eyes closed,theta,-0.030813705710443545
R-SFG→R-ITG,CEN→CEN,Warszawa,eyes closed,theta,0.09524877182166408
R-SFG→L-SUP,CEN→CEN,Warszawa,eyes closed,theta,0.07655843046497171
R-SFG→R-SUP,CEN→CEN,Warszawa,eyes closed,theta,0.13823700633207847
L-pSTG→L-ACC,CEN→SN,Warszawa,eyes closed,theta,0.014792645839753928
L-pSTG→R-ACC,CEN→SN,Warszawa,eyes closed,theta,0.19081747399062454
L-pSTG→L-INS,CEN→SN,Warszawa,eyes closed,theta,0.1963226227445383
L-pSTG→R-INS,CEN→SN,Warszawa,eyes closed,theta,0.25387178834255525
L-pSTG→L-IFG,CEN→DMN,Warszawa,eyes closed,theta,-0.05356166968099849
L-pSTG→R-IFG,CEN→CEN,Warszawa,eyes closed,theta,0.04447388992862281
L-pSTG→L-mPFC,CEN→DMN,Warszawa,eyes closed,theta,0.19457326843772482
L-pSTG→R-mPFC,CEN→DMN,Warszawa,eyes closed,theta,0.1624224185850222
L-pSTG→L-aSTG,CEN→DMN,Warszawa,eyes closed,theta,0.2509818340964997
L-pSTG→R-aSTG,CEN→DMN,Warszawa,eyes closed,theta,0.12631579264168102
L-pSTG→L-PREC,CEN→DMN,Warszawa,eyes closed,theta,0.1171644184354983
L-pSTG→R-PREC,CEN→DMN,Warszawa,eyes closed,theta,0.3641519472296651
L-pSTG→L-ANG,CEN→DMN,Warszawa,eyes closed,theta,0.1963226227445383
L-pSTG→R-ANG,CEN→DMN,Warszawa,eyes closed,theta,0.07123210205775284
L-pSTG→L-SFG,CEN→CEN,Warszawa,eyes closed,theta,0.10302351882122922
L-pSTG→R-SFG,CEN→CEN,Warszawa,eyes closed,theta,-0.07782930737508992
L-pSTG→R-pSTG,CEN→CEN,Warszawa,eyes closed,theta,0.18066400328856663
L-pSTG→L-ITG,CEN→CEN,Warszawa,eyes closed,theta,-0.19678027908966708
L-pSTG→R-ITG,CEN→CEN,Warszawa,eyes closed,theta,-0.161441470559115
L-pSTG→L-SUP,CEN→CEN,Warszawa,eyes closed,theta,0.1352385000508704
L-pSTG→R-SUP,CEN→CEN,Warszawa,eyes closed,theta,0.0037182493940222184
R-pSTG→L-ACC,CEN→SN,Warszawa,eyes closed,theta,-0.10498034371958752
R-pSTG→R-ACC,CEN→SN,Warszawa,eyes closed,theta,0.09880267862690045
R-pSTG→L-INS,CEN→SN,Warszawa,eyes closed,theta,-0.04583210022381954
R-pSTG→R-INS,CEN→SN,Warszawa,eyes closed,theta,0.02377719586004589
R-pSTG→L-IFG,CEN→DMN,Warszawa,eyes closed,theta,-0.3251959768009235
R-pSTG→R-IFG,CEN→CEN,Warszawa,eyes closed,theta,-0.047087095579741875
R-pSTG→L-mPFC,CEN→DMN,Warszawa,eyes closed,theta,-0.15394127668259303
R-pSTG→R-mPFC,CEN→DMN,Warszawa,eyes closed,theta,-0.0017964123386709175
R-pSTG→L-aSTG,CEN→DMN,Warszawa,eyes closed,theta,-0.10804607950501617
R-pSTG→R-aSTG,CEN→DMN,Warszawa,eyes closed,theta,0.2848137656765929
R-pSTG→L-PREC,CEN→DMN,Warszawa,eyes closed,theta,-0.07834450930258059
R-pSTG→R-PREC,CEN→DMN,Warszawa,eyes closed,theta,0.005900366396032288
R-pSTG→L-ANG,CEN→DMN,Warszawa,eyes closed,theta,-0.12830526669720718
R-pSTG→R-ANG,CEN→DMN,Warszawa,eyes closed,theta,0.06970714806775237
R-pSTG→L-SFG,CEN→CEN,Warszawa,eyes closed,theta,-0.13030262571540152
R-pSTG→R-SFG,CEN→CEN,Warszawa,eyes closed,theta,-0.01867278791828578
R-pSTG→L-pSTG,CEN→CEN,Warszawa,eyes closed,theta,-0.31967577508845174
R-pSTG→L-ITG,CEN→CEN,Warszawa,eyes closed,theta,-0.26720230679174795
R-pSTG→R-ITG,CEN→CEN,Warszawa,eyes closed,theta,-0.10456072210162855
R-pSTG→L-SUP,CEN→CEN,Warszawa,eyes closed,theta,-0.0362451078613412
R-pSTG→R-SUP,CEN→CEN,Warszawa,eyes closed,theta,-0.16158555043657247
L-ITG→L-ACC,CEN→SN,Warszawa,eyes closed,theta,0.13823700633207847
L-ITG→R-ACC,CEN→SN,Warszawa,eyes closed,theta,-0.07334537675160319
L-ITG→L-INS,CEN→SN,Warszawa,eyes closed,theta,-0.11091252094144871
L-ITG→R-INS,CEN→SN,Warszawa,eyes closed,theta,0.0034747366857440405
L-ITG→L-IFG,CEN→DMN,Warszawa,eyes closed,theta,0.07544931822417852
L-ITG→R-IFG,CEN→CEN,Warszawa,eyes closed,theta,-0.10609152301391123
L-ITG→L-mPFC,CEN→DMN,Warszawa,eyes closed,theta,-0.0916170292722168
L-ITG→R-mPFC,CEN→DMN,Warszawa,eyes closed,theta,0.022955001291856496
L-ITG→L-aSTG,CEN→DMN,Warszawa,eyes closed,theta,-0.06775736537200878
L-ITG→R-aSTG,CEN→DMN,Warszawa,eyes closed,theta,-0.12230319730371274
L-ITG→L-PREC,CEN→DMN,Warszawa,eyes closed,theta,0.22814436701120652
L-ITG→R-PREC,CEN→DMN,Warszawa,eyes closed,theta,0.08976975024254027
L-ITG→L-ANG,CEN→DMN,Warszawa,eyes closed,theta,0.33413269499279064
L-ITG→R-ANG,CEN→DMN,Warszawa,eyes closed,theta,-0.08034250452149774
L-ITG→L-SFG,CEN→CEN,Warszawa,eyes closed,theta,0.036010935890143925
L-ITG→R-SFG,CEN→CEN,Warszawa,eyes closed,theta,0.09811641810538897
L-ITG→L-pSTG,CEN→CEN,Warszawa,eyes closed,theta,-0.021072737128686746
L-ITG→R-pSTG,CEN→CEN,Warszawa,eyes closed,theta,-0.006528709108548383
L-ITG→R-ITG,CEN→CEN,Warszawa,eyes closed,theta,-0.18160171720854315
L-ITG→L-SUP,CEN→CEN,Warszawa,eyes closed,theta,0.03890823476593011
L-ITG→R-SUP,CEN→CEN,Warszawa,eyes closed,theta,-0.03961674580193108
R-ITG→L-ACC,CEN→SN,Warszawa,eyes closed,theta,-0.14191657475500247
R-ITG→R-ACC,CEN→SN,Warszawa,eyes closed,theta,-0.08860578548647303
R-ITG→L-INS,CEN→SN,Warszawa,eyes closed,theta,-0.16573348679936872
R-ITG→R-INS,CEN→SN,Warszawa,eyes closed,theta,0.14717462715808347
R-ITG→L-IFG,CEN→DMN,Warszawa,eyes closed,theta,0.15762407372257686
R-ITG→R-IFG,CEN→CEN,Warszawa,eyes closed,theta,0.1657829133504848
R-ITG→L-mPFC,CEN→DMN,Warszawa,eyes closed,theta,-0.1597597885741242
R-ITG→R-mPFC,CEN→DMN,Warszawa,eyes closed,theta,-0.004214547425737349
R-ITG→L-aSTG,CEN→DMN,Warszawa,eyes closed,theta,-0.18443603231649183
R-ITG→R-aSTG,CEN→DMN,Warszawa,eyes closed,theta,-0.14155584129978174
R-ITG→L-PREC,CEN→DMN,Warszawa,eyes closed,theta,0.32288294111823
R-ITG→R-PREC,CEN→DMN,Warszawa,eyes closed,theta,-0.015224961430146565
R-ITG→L-ANG,CEN→DMN,Warszawa,eyes closed,theta,0.12373018782026045
R-ITG→R-ANG,CEN→DMN,Warszawa,eyes closed,theta,0.18123858497615614
R-ITG→L-SFG,CEN→CEN,Warszawa,eyes closed,theta,0.14153969520125267
R-ITG→R-SFG,CEN→CEN,Warszawa,eyes closed,theta,0.19743435190493205
R-ITG→L-pSTG,CEN→CEN,Warszawa,eyes closed,theta,-0.30922366531229084
R-ITG→R-pSTG,CEN→CEN,Warszawa,eyes closed,theta,0.05907052365764869
R-ITG→L-ITG,CEN→CEN,Warszawa,eyes closed,theta,-0.0998503366584589
R-ITG→L-SUP,CEN→CEN,Warszawa,eyes closed,theta,-0.09080085860427158
R-ITG→R-SUP,CEN→CEN,Warszawa,eyes closed,theta,0.09862040976225396
L-SUP→L-ACC,CEN→SN,Warszawa,eyes closed,theta,0.22132019511511378
L-SUP→R-ACC,CEN→SN,Warszawa,eyes closed,theta,-0.039521071450760184
L-SUP→L-INS,CEN→SN,Warszawa,eyes closed,theta,-0.06490403035635517
L-SUP→R-INS,CEN→SN,Warszawa,eyes closed,theta,0.04927211769710962
L-SUP→L-IFG,CEN→DMN,Warszawa,eyes closed,theta,-0.09450701609832347
L-SUP→R-IFG,CEN→CEN,Warszawa,eyes closed,theta,-0.023353360402721925
L-SUP→L-mPFC,CEN→DMN,Warszawa,eyes closed,theta,0.08016322027791521
L-SUP→R-mPFC,CEN→DMN,Warszawa,eyes closed,theta,-0.10456072210162855
L-SUP→L-aSTG,CEN→DMN,Warszawa,eyes closed,theta,0.1348099624831905
L-SUP→R-aSTG,CEN→DMN,Warszawa,eyes closed,theta,0.03383324762254792
L-SUP→L-PREC,CEN→DMN,Warszawa,eyes closed,theta,0.07038501105800858
L-SUP→R-PREC,CEN→DMN,Warszawa,eyes closed,theta,0.16206911925752424
L-SUP→L-ANG,CEN→DMN,Warszawa,eyes closed,theta,0.04632696867564876
L-SUP→R-ANG,CEN→DMN,Warszawa,eyes closed,theta,0.012574886370696422
L-SUP→L-SFG,CEN→CEN,Warszawa,eyes closed,theta,0.07904214290152037
L-SUP→R-SFG,CEN→CEN,Warszawa,eyes closed,theta,0.051417478593995654
L-SUP→L-pSTG,CEN→CEN,Warszawa,eyes closed,theta,-0.15808428580304074
L-SUP→R-pSTG,CEN→CEN,Warszawa,eyes closed,theta,0.21018024362449733
L-SUP→L-ITG,CEN→CEN,Warszawa,eyes closed,theta,-0.06321821138606024
L-SUP→R-ITG,CEN→CEN,Warszawa,eyes closed,theta,0.005228036105081428
L-SUP→R-SUP,CEN→CEN,Warszawa,eyes closed,theta,0.004896531831411287
R-SUP→L-ACC,CEN→SN,Warszawa,eyes closed,theta,0.005900366396032288
R-SUP→R-ACC,CEN→SN,Warszawa,eyes closed,theta,-0.02694748864138534
R-SUP→L-INS,CEN→SN,Warszawa,eyes closed,theta,0.09826641259195248
R-SUP→R-INS,CEN→SN,Warszawa,eyes closed,theta,0.050742682390657344
R-SUP→L-IFG,CEN→DMN,Warszawa,eyes closed,theta,-0.015901398999541697
R-SUP→R-IFG,CEN→CEN,Warszawa,eyes closed,theta,0.16802551741099092
R-SUP→L-mPFC,CEN→DMN,Warszawa,eyes closed,theta,0.13635724566621607
R-SUP→R-mPFC,CEN→DMN,Warszawa,eyes closed,theta,0.07123210205775284
R-SUP→L-aSTG,CEN→DMN,Warszawa,eyes closed,theta,-0.2791592095084697
R-SUP→R-aSTG,CEN→DMN,Warszawa,eyes closed,theta,0.0575083971558957
R-SUP→L-PREC,CEN→DMN,Warszawa,eyes closed,theta,0.1424412129789169
R-SUP→R-PREC,CEN→DMN,Warszawa,eyes closed,theta,-0.005577374091033327
R-SUP→L-ANG,CEN→DMN,Warszawa,eyes closed,theta,0.14191657475500247
R-SUP→R-ANG,CEN→DMN,Warszawa,eyes closed,theta,0.014387074473496849
R-SUP→L-SFG,CEN→CEN,Warszawa,eyes closed,theta,-0.08324104113399187
R-SUP→R-SFG,CEN→CEN,Warszawa,eyes closed,theta,0.09236197118977188
R-SUP→L-pSTG,CEN→CEN,Warszawa,eyes closed,theta,-0.19940176959247183
R-SUP→R-pSTG,CEN→CEN,Warszawa,eyes closed,theta,-0.009265393735129752
R-SUP→L-ITG,CEN→CEN,Warszawa,eyes closed,theta,-0.06856391363996016
R-SUP→R-ITG,CEN→CEN,Warszawa,eyes closed,theta,0.03961674580193108
R-SUP→L-SUP,CEN→CEN,Warszawa,eyes closed,theta,-0.025149772741392844
L-ACC→R-ACC,SN→SN,Warszawa,eyes open,alpha,0.11262023212245961
L-ACC→L-INS,SN→SN,Warszawa,eyes open,alpha,-0.043161223420490544
L-ACC→R-INS,SN→SN,Warszawa,eyes open,alpha,0.04973165962370072
L-ACC→L-IFG,SN→DMN,Warszawa,eyes open,alpha,-0.14730581177101523
L-ACC→R-IFG,SN→CEN,Warszawa,eyes open,alpha,-0.07018362291689512
L-ACC→L-mPFC,SN→DMN,Warszawa,eyes open,alpha,-0.06908931529765738
L-ACC→R-mPFC,SN→DMN,Warszawa,eyes open,alpha,0.30201145154407416
L-ACC→L-aSTG,SN→DMN,Warszawa,eyes open,alpha,0.04755439172009178
L-ACC→R-aSTG,SN→DMN,Warszawa,eyes open,alpha,0.04567488429043969
L-ACC→L-PREC,SN→DMN,Warszawa,eyes open,alpha,0.06300467739888232
L-ACC→R-PREC,SN→DMN,Warszawa,eyes open,alpha,0.19454117382965055
L-ACC→L-ANG,SN→DMN,Warszawa,eyes open,alpha,0.20414080033168847
L-ACC→R-ANG,SN→DMN,Warszawa,eyes open,alpha,0.3027215455120199
L-ACC→L-SFG,SN→CEN,Warszawa,eyes open,alpha,-0.05212105028616061
L-ACC→R-SFG,SN→CEN,Warszawa,eyes open,alpha,-0.006970714806775237
L-ACC→L-pSTG,SN→CEN,Warszawa,eyes open,alpha,-0.15988069814171163
L-ACC→R-pSTG,SN→CEN,Warszawa,eyes open,alpha,0.07991894377211294
L-ACC→L-ITG,SN→CEN,Warszawa,eyes open,alpha,-0.13964292452546037
L-ACC→R-ITG,SN→CEN,Warszawa,eyes open,alpha,0.14568060428285495
L-ACC→L-SUP,SN→CEN,Warszawa,eyes open,alpha,-0.10239550330424228
L-ACC→R-SUP,SN→CEN,Warszawa,eyes open,alpha,0.1941145978211241
R-ACC→L-ACC,SN→SN,Warszawa,eyes open,alpha,0.009272004336622168
R-ACC→L-INS,SN→SN,Warszawa,eyes open,alpha,0.08564503849757327
R-ACC→R-INS,SN→SN,Warszawa,eyes open,alpha,-0.10148536478131469
R-ACC→L-IFG,SN→DMN,Warszawa,eyes open,alpha,0.10804607950501617
R-ACC→R-IFG,SN→CEN,Warszawa,eyes open,alpha,0.043434208571800505
R-ACC→L-mPFC,SN→DMN,Warszawa,eyes open,alpha,0.3130854085109573
R-ACC→R-mPFC,SN→DMN,Warszawa,eyes open,alpha,-0.0891291452045114
R-ACC→L-aSTG,SN→DMN,Warszawa,eyes open,alpha,-0.09667448424457767
R-ACC→R-aSTG,SN→DMN,Warszawa,eyes open,alpha,0.11327411561009759
R-ACC→L-PREC,SN→DMN,Warszawa,eyes open,alpha,0.06691926836262094
R-ACC→R-PREC,SN→DMN,Warszawa,eyes open,alpha,0.1396693219984958
R-ACC→L-ANG,SN→DMN,Warszawa,eyes open,alpha,0.2578754964339613
R-ACC→R-ANG,SN→DMN,Warszawa,eyes open,alpha,-0.029535261828824346
R-ACC→L-SFG,SN→CEN,Warszawa,eyes open,alpha,0.04583210022381954
R-ACC→R-SFG,SN→CEN,Warszawa,eyes open,alpha,-0.08331467174238535
R-ACC→L-pSTG,SN→CEN,Warszawa,eyes open,alpha,-0.10507867133990335
R-ACC→R-pSTG,SN→CEN,Warszawa,eyes open,alpha,0.09111501530379294
R-ACC→L-ITG,SN→CEN,Warszawa,eyes open,alpha,-0.09879124471801169
R-ACC→R-ITG,SN→CEN,Warszawa,eyes open,alpha,0.08744809193962744
R-ACC→L-SUP,SN→CEN,Warszawa,eyes open,alpha,-0.1265239740456962
R-ACC→R-SUP,SN→CEN,Warszawa,eyes open,alpha,0.11340660651767766
L-INS→L-ACC,SN→SN,Warszawa,eyes open,alpha,-0.15222804717197203
L-INS→R-ACC,SN→SN,Warszawa,eyes open,alpha,-0.04670672080544385
L-INS→R-INS,SN→SN,Warszawa,eyes open,alpha,0.06259150810171366
L-INS→L-IFG,SN→DMN,Warszawa,eyes open,alpha,-0.08689809848399332
L-INS→R-IFG,SN→CEN,Warszawa,eyes open,alpha,-0.06691926836262094
L-INS→L-mPFC,SN→DMN,Warszawa,eyes open,alpha,-0.07077267814675746
L-INS→R-mPFC,SN→DMN,Warszawa,eyes open,alpha,0.2192158488297984
L-INS→L-aSTG,SN→DMN,Warszawa,eyes open,alpha,-0.29923286722735176
L-INS→R-aSTG,SN→DMN,Warszawa,eyes open,alpha,0.07722891922269769
L-INS→L-PREC,SN→DMN,Warszawa,eyes open,alpha,-0.11042114255431855
L-INS→R-PREC,SN→DMN,Warszawa,eyes open,alpha,-0.10839865893364117
L-INS→L-ANG,SN→DMN,Warszawa,eyes open,alpha,0.07302366440319404
L-INS→R-ANG,SN→DMN,Warszawa,eyes open,alpha,0.14751502455445767
L-INS→L-SFG,SN→CEN,Warszawa,eyes open,alpha,-0.13070090262703568
L-INS→R-SFG,SN→CEN,Warszawa,eyes open,alpha,-0.0834823447475939
L-INS→L-pSTG,SN→CEN,Warszawa,eyes open,alpha,-0.29695933026258853
L-INS→R-pSTG,SN→CEN,Warszawa,eyes open,alpha,0.09826641259195248
L-INS→L-ITG,SN→CEN,Warszawa,eyes open,alpha,-0.18117167776221765
L-INS→R-ITG,SN→CEN,Warszawa,eyes open,alpha,-0.17187037583932327
L-INS→L-SUP,SN→CEN,Warszawa,eyes open,alpha,-0.2108641229049509
L-INS→R-SUP,SN→CEN,Warszawa,eyes open,alpha,-0.050834329806355535
R-INS→L-ACC,SN→SN,Warszawa,eyes open,alpha,0.14777849825451916
R-INS→R-ACC,SN→SN,Warszawa,eyes open,alpha,0.20291053775981338
R-INS→L-INS,SN→SN,Warszawa,eyes open,alpha,-0.0934134416108877
R-INS→L-IFG,SN→DMN,Warszawa,eyes open,alpha,-0.01632177277137096
R-INS→R-IFG,SN→CEN,Warszawa,eyes open,alpha,-0.23173719168854834
R-INS→L-mPFC,SN→DMN,Warszawa,eyes open,alpha,0.03361101825291441
R-INS→R-mPFC,SN→DMN,Warszawa,eyes open,alpha,0.08016322027791521
R-INS→L-aSTG,SN→DMN,Warszawa,eyes open,alpha,-0.02694618508006376
R-INS→R-aSTG,SN→DMN,Warszawa,eyes open,alpha,0.157485197087178
R-INS→L-PREC,SN→DMN,Warszawa,eyes open,alpha,0.11605573408620791
R-INS→R-PREC,SN→DMN,Warszawa,eyes open,alpha,0.09099144720592507
R-INS→L-ANG,SN→DMN,Warszawa,eyes open,alpha,0.16206911925752424
R-INS→R-ANG,SN→DMN,Warszawa,eyes open,alpha,0.11914893915846508
R-INS→L-SFG,SN→CEN,Warszawa,eyes open,alpha,0.10728167980222335
R-INS→R-SFG,SN→CEN,Warszawa,eyes open,alpha,0.0209980262782904
R-INS→L-pSTG,SN→CEN,Warszawa,eyes open,alpha,-0.058160754475175415
R-INS→R-pSTG,SN→CEN,Warszawa,eyes open,alpha,-0.10909576306818522
R-INS→L-ITG,SN→CEN,Warszawa,eyes open,alpha,-0.05748519483746936
R-INS→R-ITG,SN→CEN,Warszawa,eyes open,alpha,0.12181056387560667
R-INS→L-SUP,SN→CEN,Warszawa,eyes open,alpha,-0.00845831190563698
R-INS→R-SUP,SN→CEN,Warszawa,eyes open,alpha,0.316492782696271
L-IFG→L-ACC,DMN→SN,Warszawa,eyes open,alpha,-0.031553435235948044
L-IFG→R-ACC,DMN→SN,Warszawa,eyes open,alpha,-0.04461899272826662
L-IFG→L-INS,DMN→SN,Warszawa,eyes open,alpha,0.009295623485055545
L-IFG→R-INS,DMN→SN,Warszawa,eyes open,alpha,0.08153546486914183
L-IFG→R-IFG,DMN→CEN,Warszawa,eyes open,alpha,0.0
L-IFG→L-mPFC,DMN→DMN,Warszawa,eyes open,alpha,-0.15224961430146564
L-IFG→R-mPFC,DMN→DMN,Warszawa,eyes open,alpha,0.210051287313054
L-IFG→L-aSTG,DMN→DMN,Warszawa,eyes open,alpha,-0.011841636667891772
L-IFG→R-aSTG,DMN→DMN,Warszawa,eyes open,alpha,0.07524292749720726
L-IFG→L-PREC,DMN→DMN,Warszawa,eyes open,alpha,-0.036596252735569997
L-IFG→R-PREC,DMN→DMN,Warszawa,eyes open,alpha,0.034853574033876185
L-IFG→L-ANG,DMN→DMN,Warszawa,eyes open,alpha,0.11898398060871099
L-IFG→R-ANG,DMN→DMN,Warszawa,eyes open,alpha,0.23814800433492875
L-IFG→L-SFG,DMN→CEN,Warszawa,eyes open,alpha,-0.08443137991753312
L-IFG→R-SFG,DMN→CEN,Warszawa,eyes open,alpha,0.22097443601483469
L-IFG→L-pSTG,DMN→CEN,Warszawa,eyes open,alpha,-0.20299948573528753
L-IFG→R-pSTG,DMN→CEN,Warszawa,eyes open,alpha,0.1364871708088876
L-IFG→L-ITG,DMN→CEN,Warszawa,eyes open,alpha,-0.09729262720083313
L-IFG→R-ITG,DMN→CEN,Warszawa,eyes open,alpha,0.13866167569699597
L-IFG→L-SUP,DMN→CEN,Warszawa,eyes open,alpha,-0.20563608679986947
L-IFG→R-SUP,DMN→CEN,Warszawa,eyes open,alpha,-0.14576300265327535
R-IFG→L-ACC,CEN→SN,Warszawa,eyes open,alpha,0.15936477224423173
R-IFG→R-ACC,CEN→SN,Warszawa,eyes open,alpha,0.3441012427769846
R-IFG→L-INS,CEN→SN,Warszawa,eyes open,alpha,-0.01847700033633068
R-IFG→R-INS,CEN→SN,Warszawa,eyes open,alpha,-0.1087353235840236
R-IFG→L-IFG,CEN→DMN,Warszawa,eyes open,alpha,0.14378046697080052
R-IFG→L-mPFC,CEN→DMN,Warszawa,eyes open,alpha,0.183732729935041
R-IFG→R-mPFC,CEN→DMN,Warszawa,eyes open,alpha,0.23683273335783545
R-IFG→L-aSTG,CEN→DMN,Warszawa,eyes open,alpha,-0.12754527604563515
R-IFG→R-aSTG,CEN→DMN,Warszawa,eyes open,alpha,0.26515358843965814
R-IFG→L-PREC,CEN→DMN,Warszawa,eyes open,alpha,0.24461352172954373
R-IFG→R-PREC,CEN→DMN,Warszawa,eyes open,alpha,0.05568878249879844
R-IFG→L-ANG,CEN→DMN,Warszawa,eyes open,alpha,0.21556500392385794
R-IFG→R-ANG,CEN→DMN,Warszawa,eyes open,alpha,0.0892511453816816
R-IFG→L-SFG,CEN→CEN,Warszawa,eyes open,alpha,-0.07782930737508992
R-IFG→R-SFG,CEN→CEN,Warszawa,eyes open,alpha,-0.10302351882122922
R-IFG→L-pSTG,CEN→CEN,Warszawa,eyes open,alpha,0.15912716868419002
R-IFG→R-pSTG,CEN→CEN,Warszawa,eyes open,alpha,0.01623264011205156
R-IFG→L-ITG,CEN→CEN,Warszawa,eyes open,alpha,0.05319007654059813
R-IFG→R-ITG,CEN→CEN,Warszawa,eyes open,alpha,0.1328841058762878
R-IFG→L-SUP,CEN→CEN,Warszawa,eyes open,alpha,-0.08919986173568047
R-IFG→R-SUP,CEN→CEN,Warszawa,eyes open,alpha,0.17964123386709174
L-mPFC→L-ACC,DMN→SN,Warszawa,eyes open,alpha,-0.16360297333697763
L-mPFC→R-ACC,DMN→SN,Warszawa,eyes open,alpha,0.022396417135049827
L-mPFC→L-INS,DMN→SN,Warszawa,eyes open,alpha,0.2156767271822712
L-mPFC→R-INS,DMN→SN,Warszawa,eyes open,alpha,0.009916793931297957
L-mPFC→L-IFG,DMN→DMN,Warszawa,eyes open,alpha,-0.1319496657279369
L-mPFC→R-IFG,DMN→CEN,Warszawa,eyes open,alpha,-0.1198784156581694
L-mPFC→R-mPFC,DMN→DMN,Warszawa,eyes open,alpha,0.2464985426459127
L-mPFC→L-aSTG,DMN→DMN,Warszawa,eyes open,alpha,-0.05464725780952158
L-mPFC→R-aSTG,DMN→DMN,Warszawa,eyes open,alpha,-0.013013872879077763
L-mPFC→L-PREC,DMN→DMN,Warszawa,eyes open,alpha,0.12896515122756289
L-mPFC→R-PREC,DMN→DMN,Warszawa,eyes open,alpha,0.034191633751239264
L-mPFC→L-ANG,DMN→DMN,Warszawa,eyes open,alpha,0.04864631360041657
L-mPFC→R-ANG,DMN→DMN,Warszawa,eyes open,alpha,0.28624879433973677
L-mPFC→L-SFG,DMN→CEN,Warszawa,eyes open,alpha,0.10014454355894152
L-mPFC→R-SFG,DMN→CEN,Warszawa,eyes open,alpha,-0.024090023711337356
L-mPFC→L-pSTG,DMN→CEN,Warszawa,eyes open,alpha,-0.006310687047189609
L-mPFC→R-pSTG,DMN→CEN,Warszawa,eyes open,alpha,0.14464233224058617
L-mPFC→L-ITG,DMN→CEN,Warszawa,eyes open,alpha,-0.024636000448440908
L-mPFC→R-ITG,DMN→CEN,Warszawa,eyes open,alpha,0.08215842470499754
L-mPFC→L-SUP,DMN→CEN,Warszawa,eyes open,alpha,-0.07003024042960712
L-mPFC→R-SUP,DMN→CEN,Warszawa,eyes open,alpha,0.26559492519749744
R-mPFC→L-ACC,DMN→SN,Warszawa,eyes open,alpha,-0.017129007699514653
R-mPFC→R-ACC,DMN→SN,Warszawa,eyes open,alpha,-0.0362451078613412
R-mPFC→L-INS,DMN→SN,Warszawa,eyes open,alpha,-0.020299948573528754
R-mPFC→R-INS,DMN→SN,Warszawa,eyes open,alpha,-0.1654620980339887
R-mPFC→L-IFG,DMN→DMN,Warszawa,eyes open,alpha,-0.023106200364103952
R-mPFC→R-IFG,DMN→CEN,Warszawa,eyes open,alpha,-0.008713393508469046
R-mPFC→L-mPFC,DMN→DMN,Warszawa,eyes open,alpha,0.08190589897960902
R-mPFC→L-aSTG,DMN→DMN,Warszawa,eyes open,alpha,-0.14413752196021734
R-mPFC→R-aSTG,DMN→DMN,Warszawa,eyes open,alpha,-0.17475772151904426
R-mPFC→L-PREC,DMN→DMN,Warszawa,eyes open,alpha,0.0032737214445585387
R-mPFC→R-PREC,DMN→DMN,Warszawa,eyes open,alpha,-0.033464244546199964
R-mPFC→L-ANG,DMN→DMN,Warszawa,eyes open,alpha,0.1121167525331334
R-mPFC→R-ANG,DMN→DMN,Warszawa,eyes open,alpha,-0.027066598098038335
R-mPFC→L-SFG,DMN→CEN,Warszawa,eyes open,alpha,-0.0750801547483064
R-mPFC→R-SFG,DMN→CEN,Warszawa,eyes open,alpha,-0.052280361050814274
R-mPFC→L-pSTG,DMN→CEN,Warszawa,eyes open,alpha,-0.2554410195502368
R-mPFC→R-pSTG,DMN→CEN,Warszawa,eyes open,alpha,0.044910308466772936
R-mPFC→L-ITG,DMN→CEN,Warszawa,eyes open,alpha,0.07302366440319404
R-mPFC→R-ITG,DMN→CEN,Warszawa,eyes open,alpha,-0.16312315254410578
R-mPFC→L-SUP,DMN→CEN,Warszawa,eyes open,alpha,-0.08203893161346491
R-mPFC→R-SUP,DMN→CEN,Warszawa,eyes open,alpha,-0.0383389314372638
L-aSTG→L-ACC,DMN→SN,Warszawa,eyes open,alpha,0.21145900384911778
L-aSTG→R-ACC,DMN→SN,Warszawa,eyes open,alpha,0.3328209894868938
L-aSTG→L-INS,DMN→SN,Warszawa,eyes open,alpha,0.24800585730362346
L-aSTG→R-INS,DMN→SN,Warszawa,eyes open,alpha,0.28816432803672193
L-aSTG→L-IFG,DMN→DMN,Warszawa,eyes open,alpha,-0.05222967286838706
L-aSTG→R-IFG,DMN→CEN,Warszawa,eyes open,alpha,0.13943435227583317
L-aSTG→L-mPFC,DMN→DMN,Warszawa,eyes open,alpha,0.1725262960519762
L-aSTG→R-mPFC,DMN→DMN,Warszawa,eyes open,alpha,0.14363160038806444
L-aSTG→R-aSTG,DMN→DMN,Warszawa,eyes open,alpha,0.07144982676944618
L-aSTG→L-PREC,DMN→DMN,Warszawa,eyes open,alpha,-0.020806259464411975
L-aSTG→R-PREC,DMN→DMN,Warszawa,eyes open,alpha,0.2858909424105299
L-aSTG→L-ANG,DMN→DMN,Warszawa,eyes open,alpha,0.13873506855665316
L-aSTG→R-ANG,DMN→DMN,Warszawa,eyes open,alpha,-0.02964925995241521
L-aSTG→L-SFG,DMN→CEN,Warszawa,eyes open,alpha,0.17131260714752283
L-aSTG→R-SFG,DMN→CEN,Warszawa,eyes open,alpha,0.1325244279909818
L-aSTG→L-pSTG,DMN→CEN,Warszawa,eyes open,alpha,0.2210275500597967
L-aSTG→R-pSTG,DMN→CEN,Warszawa,eyes open,alpha,0.20976613525979712
L-aSTG→L-ITG,DMN→CEN,Warszawa,eyes open,alpha,0.10225185833561101
L-aSTG→R-ITG,DMN→CEN,Warszawa,eyes open,alpha,0.167603186398195
L-aSTG→L-SUP,DMN→CEN,Warszawa,eyes open,alpha,0.021184422675929935
L-aSTG→R-SUP,DMN→CEN,Warszawa,eyes open,alpha,0.19382824502082371
R-aSTG→L-ACC,DMN→SN,Warszawa,eyes open,alpha,-0.0638375681688915
R-aSTG→R-ACC,DMN→SN,Warszawa,eyes open,alpha,0.057445441157804464
R-aSTG→L-INS,DMN→SN,Warszawa,eyes open,alpha,0.11674396106263488
R-aSTG→R-INS,DMN→SN,Warszawa,eyes open,alpha,0.13749630067145863
R-aSTG→L-IFG,DMN→DMN,Warszawa,eyes open,alpha,0.0734930919740164
R-aSTG→R-IFG,DMN→CEN,Warszawa,eyes open,alpha,0.04973165962370072
R-aSTG→L-mPFC,DMN→DMN,Warszawa,eyes open,alpha,0.2519763153394848
R-aSTG→R-mPFC,DMN→DMN,Warszawa,eyes open,alpha,0.10628852167487818
R-aSTG→L-aSTG,DMN→DMN,Warszawa,eyes open,alpha,0.04417480933032726
R-aSTG→L-PREC,DMN→DMN,Warszawa,eyes open,alpha,-0.0446742027128159
R-aSTG→R-PREC,DMN→DMN,Warszawa,eyes open,alpha,0.04311389612810202
R-aSTG→L-ANG,DMN→DMN,Warszawa,eyes open,alpha,-0.012161578400104142
R-aSTG→R-ANG,DMN→DMN,Warszawa,eyes open,alpha,-0.05942283606769105
R-aSTG→L-SFG,DMN→CEN,Warszawa,eyes open,alpha,-0.170233515117044
R-aSTG→R-SFG,DMN→CEN,Warszawa,eyes open,alpha,0.14191318817897194
R-aSTG→L-pSTG,DMN→CEN,Warszawa,eyes open,alpha,-0.21525529407882
R-aSTG→R-pSTG,DMN→CEN,Warszawa,eyes open,alpha,0.32617146106618755
R-aSTG→L-ITG,DMN→CEN,Warszawa,eyes open,alpha,-0.18716095344962103
R-aSTG→R-ITG,DMN→CEN,Warszawa,eyes open,alpha,0.16098486813355972
R-aSTG→L-SUP,DMN→CEN,Warszawa,eyes open,alpha,0.0
R-aSTG→R-SUP,DMN→CEN,Warszawa,eyes open,alpha,-0.0385218374722857
L-PREC→L-ACC,DMN→SN,Warszawa,eyes open,alpha,-0.02694618508006376
L-PREC→R-ACC,DMN→SN,Warszawa,eyes open,alpha,0.18267103011617702
L-PREC→L-INS,DMN→SN,Warszawa,eyes open,alpha,-0.1424517029899224
L-PREC→R-INS,DMN→SN,Warszawa,eyes open,alpha,0.10148536478131469
L-PREC→L-IFG,DMN→DMN,Warszawa,eyes open,alpha,-0.19940176959247183
L-PREC→R-IFG,DMN→CEN,Warszawa,eyes open,alpha,0.08420450181827395
L-PREC→L-mPFC,DMN→DMN,Warszawa,eyes open,alpha,0.30554203017488424
L-PREC→R-mPFC,DMN→DMN,Warszawa,eyes open,alpha,0.04804584065340578
L-PREC→L-aSTG,DMN→DMN,Warszawa,eyes open,alpha,-0.186808090869564
L-PREC→R-aSTG,DMN→DMN,Warszawa,eyes open,alpha,0.005228036105081428
L-PREC→R-PREC,DMN→DMN,Warszawa,eyes open,alpha,0.30793032055931135
L-PREC→L-ANG,DMN→DMN,Warszawa,eyes open,alpha,0.021072737128686746
L-PREC→R-ANG,DMN→DMN,Warszawa,eyes open,alpha,0.24611679484039478
L-PREC→L-SFG,DMN→CEN,Warszawa,eyes open,alpha,0.1595702296217944
L-PREC→R-SFG,DMN→CEN,Warszawa,eyes open,alpha,-0.029501831980161444
L-PREC→L-pSTG,DMN→CEN,Warszawa,eyes open,alpha,-0.08637069966907514
L-PREC→R-pSTG,DMN→CEN,Warszawa,eyes open,alpha,0.11859703980966084
L-PREC→L-ITG,DMN→CEN,Warszawa,eyes open,alpha,0.04024621703338993
L-PREC→R-ITG,DMN→CEN,Warszawa,eyes open,alpha,0.18468521288567702
L-PREC→L-SUP,DMN→CEN,Warszawa,eyes open,alpha,-0.13385697818479986
L-PREC→R-SUP,DMN→CEN,Warszawa,eyes open,alpha,0.15058910045789986
R-PREC→L-ACC,DMN→SN,Warszawa,eyes open,alpha,0.24880282978644894
R-PREC→R-ACC,DMN→SN,Warszawa,eyes open,alpha,0.1652699351577244
R-PREC→L-INS,DMN→SN,Warszawa,eyes open,alpha,0.006310687047189609
R-PREC→R-INS,DMN→SN,Warszawa,eyes open,alpha,-0.03413183443474743
R-PREC→L-IFG,DMN→DMN,Warszawa,eyes open,alpha,-0.12222187534638312
R-PREC→R-IFG,DMN→CEN,Warszawa,eyes open,alpha,-0.03634541871210613
R-PREC→L-mPFC,DMN→DMN,Warszawa,eyes open,alpha,0.13220635944810477
R-PREC→R-mPFC,DMN→DMN,Warszawa,eyes open,alpha,-0.01681681984990781
R-PREC→L-aSTG,DMN→DMN,Warszawa,eyes open,alpha,-0.12053605637608818
R-PREC→R-aSTG,DMN→DMN,Warszawa,eyes open,alpha,-0.13348264612489696
R-PREC→L-PREC,DMN→DMN,Warszawa,eyes open,alpha,0.18033509561007757
R-PREC→L-ANG,DMN→DMN,Warszawa,eyes open,alpha,0.19419699435017213
R-PREC→R-ANG,DMN→DMN,Warszawa,eyes open,alpha,0.15936477224423173
R-PREC→L-SFG,DMN→CEN,Warszawa,eyes open,alpha,-0.15668901860516118
R-PREC→R-SFG,DMN→CEN,Warszawa,eyes open,alpha,0.08713393508469046
R-PREC→L-pSTG,DMN→CEN,Warszawa,eyes open,alpha,0.06935815762622324
R-PREC→R-pSTG,DMN→CEN,Warszawa,eyes open,alpha,0.1324435813287295
R-PREC→L-ITG,DMN→CEN,Warszawa,eyes open,alpha,0.15792024176602318
R-PREC→R-ITG,DMN→CEN,Warszawa,eyes open,alpha,0.09700626628822955
R-PREC→L-SUP,DMN→CEN,Warszawa,eyes open,alpha,-0.03455928889104626
R-PREC→R-SUP,DMN→CEN,Warszawa,eyes open,alpha,0.007586185366327228
L-ANG→L-ACC,DMN→SN,Warszawa,eyes open,alpha,0.019248190755099537
L-ANG→R-ACC,DMN→SN,Warszawa,eyes open,alpha,-0.07282190812544191
L-ANG→L-INS,DMN→SN,Warszawa,eyes open,alpha,0.17940381748439033
L-ANG→R-INS,DMN→SN,Warszawa,eyes open,alpha,-0.06996148726724
L-ANG→L-IFG,DMN→DMN,Warszawa,eyes open,alpha,-0.17290034028258466
L-ANG→R-IFG,DMN→CEN,Warszawa,eyes open,alpha,0.04356696754234523
L-ANG→L-mPFC,DMN→DMN,Warszawa,eyes open,alpha,-0.01636860722279269
L-ANG→R-mPFC,DMN→DMN,Warszawa,eyes open,alpha,0.1070245626334192
L-ANG→L-aSTG,DMN→DMN,Warszawa,eyes open,alpha,0.056018363754857345
L-ANG→R-aSTG,DMN→DMN,Warszawa,eyes open,alpha,0.01694454693367623
L-ANG→L-PREC,DMN→DMN,Warszawa,eyes open,alpha,0.10639594694815249
L-ANG→R-PREC,DMN→DMN,Warszawa,eyes open,alpha,0.006970714806775237
L-ANG→R-ANG,DMN→DMN,Warszawa,eyes open,alpha,0.15430734985192204
L-ANG→L-SFG,DMN→CEN,Warszawa,eyes open,alpha,-0.27022571480650537
L-ANG→R-SFG,DMN→CEN,Warszawa,eyes open,alpha,-0.05949440778848947
L-ANG→L-pSTG,DMN→CEN,Warszawa,eyes open,alpha,-0.25223653956039144
L-ANG→R-pSTG,DMN→CEN,Warszawa,eyes open,alpha,0.12780783085929937
L-ANG→L-ITG,DMN→CEN,Warszawa,eyes open,alpha,0.005559236241077852
L-ANG→R-ITG,DMN→CEN,Warszawa,eyes open,alpha,0.15684108315244283
L-ANG→L-SUP,DMN→CEN,Warszawa,eyes open,alpha,-0.09430922950184023
L-ANG→R-SUP,DMN→CEN,Warszawa,eyes open,alpha,-0.07018362291689512
R-ANG→L-ACC,DMN→SN,Warszawa,eyes open,alpha,0.006949473371488081
R-ANG→R-ACC,DMN→SN,Warszawa,eyes open,alpha,-0.057445441157804464
R-ANG→L-INS,DMN→SN,Warszawa,eyes open,alpha,-0.19977604084464445
R-ANG→R-INS,DMN→SN,Warszawa,eyes open,alpha,0.19202519157876954
R-ANG→L-IFG,DMN→DMN,Warszawa,eyes open,alpha,0.12721554522364806
R-ANG→R-IFG,DMN→CEN,Warszawa,eyes open,alpha,-0.04647811742527772
R-ANG→L-mPFC,DMN→DMN,Warszawa,eyes open,alpha,0.10804607950501617
R-ANG→R-mPFC,DMN→DMN,Warszawa,eyes open,alpha,-0.06827566829694505
R-ANG→L-aSTG,DMN→DMN,Warszawa,eyes open,alpha,-0.10958115265892597
R-ANG→R-aSTG,DMN→DMN,Warszawa,eyes open,alpha,-0.08718305148683493
R-ANG→L-PREC,DMN→DMN,Warszawa,eyes open,alpha,0.15877549006108913
R-ANG→R-PREC,DMN→DMN,Warszawa,eyes open,alpha,0.31847006522073773
R-ANG→L-ANG,DMN→DMN,Warszawa,eyes open,alpha,0.06321821138606024
R-ANG→L-SFG,DMN→CEN,Warszawa,eyes open,alpha,-0.037216572384802714
R-ANG→R-SFG,DMN→CEN,Warszawa,eyes open,alpha,0.05401640383521588
R-ANG→L-pSTG,DMN→CEN,Warszawa,eyes open,alpha,-0.14209964001470127
R-ANG→R-pSTG,DMN→CEN,Warszawa,eyes open,alpha,0.2722597637026327
R-ANG→L-ITG,DMN→CEN,Warszawa,eyes open,alpha,-0.1366725229556894
R-ANG→R-ITG,DMN→CEN,Warszawa,eyes open,alpha,0.11621711128182811
R-ANG→L-SUP,DMN→CEN,Warszawa,eyes open,alpha,-0.1723363234734134
R-ANG→R-SUP,DMN→CEN,Warszawa,eyes open,alpha,0.1742412252561218
L-SFG→L-ACC,CEN→SN,Warszawa,eyes open,alpha,-0.01532595425746048
L-SFG→R-ACC,CEN→SN,Warszawa,eyes open,alpha,0.11016944871788611
L-SFG→L-INS,CEN→SN,Warszawa,eyes open,alpha,-0.11137756499759688
L-SFG→R-INS,CEN→SN,Warszawa,eyes open,alpha,-0.07123210205775284
L-SFG→L-IFG,CEN→DMN,Warszawa,eyes open,alpha,-0.23517174635614407
L-SFG→R-IFG,CEN→CEN,Warszawa,eyes open,alpha,-0.15628787346436981
L-SFG→L-mPFC,CEN→DMN,Warszawa,eyes open,alpha,-0.09759000729485331
L-SFG→R-mPFC,CEN→DMN,Warszawa,eyes open,alpha,0.01636860722279269
L-SFG→L-aSTG,CEN→DMN,Warszawa,eyes open,alpha,-0.2621448498808631
L-SFG→R-aSTG,CEN→DMN,Warszawa,eyes open,alpha,-0.12603827561550374
L-SFG→L-PREC,CEN→DMN,Warszawa,eyes open,alpha,0.21352206737499937
L-SFG→R-PREC,CEN→DMN,Warszawa,eyes open,alpha,-0.08868981185479731
L-SFG→L-ANG,CEN→DMN,Warszawa,eyes open,alpha,0.020450371667122203
L-SFG→R-ANG,CEN→DMN,Warszawa,eyes open,alpha,0.04721900085951174
L-SFG→R-SFG,CEN→CEN,Warszawa,eyes open,alpha,-0.08796644381862459
L-SFG→L-pSTG,CEN→CEN,Warszawa,eyes open,alpha,-0.16431684940999508
L-SFG→R-pSTG,CEN→CEN,Warszawa,eyes open,alpha,0.08049243406677986
L-SFG→L-ITG,CEN→CEN,Warszawa,eyes open,alpha,-0.1886447573674585
L-SFG→R-ITG,CEN→CEN,Warszawa,eyes open,alpha,0.20274283724415665
L-SFG→L-SUP,CEN→CEN,Warszawa,eyes open,alpha,-0.16618781247274345
L-SFG→R-SUP,CEN→CEN,Warszawa,eyes open,alpha,0.06695208710124811
R-SFG→L-ACC,CEN→SN,Warszawa,eyes open,alpha,0.04356696754234523
R-SFG→R-ACC,CEN→SN,Warszawa,eyes open,alpha,0.2047307562133314
R-SFG→L-INS,CEN→SN,Warszawa,eyes open,alpha,0.06884464673993668
R-SFG→R-INS,CEN→SN,Warszawa,eyes open,alpha,0.06622179066436475
R-SFG→L-IFG,CEN→DMN,Warszawa,eyes open,alpha,0.0157485197087178
R-SFG→R-IFG,CEN→CEN,Warszawa,eyes open,alpha,-0.043983221909312295
R-SFG→L-mPFC,CEN→DMN,Warszawa,eyes open,alpha,0.06259150810171366
R-SFG→R-mPFC,CEN→DMN,Warszawa,eyes open,alpha,0.2408789641458866
R-SFG→L-aSTG,CEN→DMN,Warszawa,eyes open,alpha,-0.04092151805698173
R-SFG→R-aSTG,CEN→DMN,Warszawa,eyes open,alpha,0.20136294947690211
R-SFG→L-PREC,CEN→DMN,Warszawa,eyes open,alpha,0.1601760958049316
R-SFG→R-PREC,CEN→DMN,Warszawa,eyes open,alpha,0.24102751356449323
R-SFG→L-ANG,CEN→DMN,Warszawa,eyes open,alpha,0.15509840445074902
R-SFG→R-ANG,CEN→DMN,Warszawa,eyes open,alpha,0.011857151797062267
R-SFG→L-SFG,CEN→CEN,Warszawa,eyes open,alpha,0.04024621703338993
R-SFG→L-pSTG,CEN→CEN,Warszawa,eyes open,alpha,0.19022862914982505
R-SFG→R-pSTG,CEN→CEN,Warszawa,eyes open,alpha,0.17760076404233616
R-SFG→L-ITG,CEN→CEN,Warszawa,eyes open,alpha,-0.06140359726994742
R-SFG→R-ITG,CEN→CEN,Warszawa,eyes open,alpha,0.03557145539118679
R-SFG→L-SUP,CEN→CEN,Warszawa,eyes open,alpha,-0.12827960409376654
R-SFG→R-SUP,CEN→CEN,Warszawa,eyes open,alpha,-0.004106000074740151
L-pSTG→L-ACC,CEN→SN,Warszawa,eyes open,alpha,0.12198750911856665
L-pSTG→R-ACC,CEN→SN,Warszawa,eyes open,alpha,0.31322055865116516
L-pSTG→L-INS,CEN→SN,Warszawa,eyes open,alpha,0.05003312616970067
L-pSTG→R-INS,CEN→SN,Warszawa,eyes open,alpha,0.28203673717133404
L-pSTG→L-IFG,CEN→DMN,Warszawa,eyes open,alpha,-0.006970714806775237
L-pSTG→R-IFG,CEN→CEN,Warszawa,eyes open,alpha,0.13013872879077765
L-pSTG→L-mPFC,CEN→DMN,Warszawa,eyes open,alpha,0.0736587325025671
L-pSTG→R-mPFC,CEN→DMN,Warszawa,eyes open,alpha,0.3011782009157997
L-pSTG→L-aSTG,CEN→DMN,Warszawa,eyes open,alpha,0.08165631211498496
L-pSTG→R-aSTG,CEN→DMN,Warszawa,eyes open,alpha,0.09436697373823336
L-pSTG→L-PREC,CEN→DMN,Warszawa,eyes open,alpha,0.1739946571582278
L-pSTG→R-PREC,CEN→DMN,Warszawa,eyes open,alpha,0.15988069814171163
L-pSTG→L-ANG,CEN→DMN,Warszawa,eyes open,alpha,0.1799399723940136
L-pSTG→R-ANG,CEN→DMN,Warszawa,eyes open,alpha,0.12874947814666393
L-pSTG→L-SFG,CEN→CEN,Warszawa,eyes open,alpha,0.018932061141568826
L-pSTG→R-SFG,CEN→CEN,Warszawa,eyes open,alpha,0.024188130505853812
L-pSTG→R-pSTG,CEN→CEN,Warszawa,eyes open,alpha,0.17360403198019533
L-pSTG→L-ITG,CEN→CEN,Warszawa,eyes open,alpha,0.011154748182066654
L-pSTG→R-ITG,CEN→CEN,Warszawa,eyes open,alpha,0.2626966783497584
L-pSTG→L-SUP,CEN→CEN,Warszawa,eyes open,alpha,-0.06761450407703153
L-pSTG→R-SUP,CEN→CEN,Warszawa,eyes open,alpha,0.07435610488836543
R-pSTG→L-ACC,CEN→SN,Warszawa,eyes open,alpha,-0.19518001458970663
R-pSTG→R-ACC,CEN→SN,Warszawa,eyes open,alpha,0.04879500364742666
R-pSTG→L-INS,CEN→SN,Warszawa,eyes open,alpha,-0.22654823122019518
R-pSTG→R-INS,CEN→SN,Warszawa,eyes open,alpha,-0.22360828696778212
R-pSTG→L-IFG,CEN→DMN,Warszawa,eyes open,alpha,0.04778091621443561
R-pSTG→R-IFG,CEN→CEN,Warszawa,eyes open,alpha,-0.11019037230444516
R-pSTG→L-mPFC,CEN→DMN,Warszawa,eyes open,alpha,-0.18567803983329442
R-pSTG→R-mPFC,CEN→DMN,Warszawa,eyes open,alpha,0.017701099188096866
R-pSTG→L-aSTG,CEN→DMN,Warszawa,eyes open,alpha,-0.19866537199309425
R-pSTG→R-aSTG,CEN→DMN,Warszawa,eyes open,alpha,-0.06222223344465891
R-pSTG→L-PREC,CEN→DMN,Warszawa,eyes open,alpha,0.1566453918370729
R-pSTG→R-PREC,CEN→DMN,Warszawa,eyes open,alpha,0.06740498124159525
R-pSTG→L-ANG,CEN→DMN,Warszawa,eyes open,alpha,0.0802061753916842
R-pSTG→R-ANG,CEN→DMN,Warszawa,eyes open,alpha,0.2658548316725886
R-pSTG→L-SFG,CEN→CEN,Warszawa,eyes open,alpha,0.04166912828996168
R-pSTG→R-SFG,CEN→CEN,Warszawa,eyes open,alpha,-0.07525173381324847
R-pSTG→L-pSTG,CEN→CEN,Warszawa,eyes open,alpha,-0.3498074363362
R-pSTG→L-ITG,CEN→CEN,Warszawa,eyes open,alpha,-0.0845831190563698
R-pSTG→R-ITG,CEN→CEN,Warszawa,eyes open,alpha,0.14443924551770412
R-pSTG→L-SUP,CEN→CEN,Warszawa,eyes open,alpha,-0.16857585455930332
R-pSTG→R-SUP,CEN→CEN,Warszawa,eyes open,alpha,-0.1376716174338109
L-ITG→L-ACC,CEN→SN,Warszawa,eyes open,alpha,0.078742598543589
L-ITG→R-ACC,CEN→SN,Warszawa,eyes open,alpha,0.2792492080008946
L-ITG→L-INS,CEN→SN,Warszawa,eyes open,alpha,0.200466556280194
L-ITG→R-INS,CEN→SN,Warszawa,eyes open,alpha,0.09450701609832347
L-ITG→L-IFG,CEN→DMN,Warszawa,eyes open,alpha,-0.07577192556041673
L-ITG→R-IFG,CEN→CEN,Warszawa,eyes open,alpha,-0.16784920219079658
L-ITG→L-mPFC,CEN→DMN,Warszawa,eyes open,alpha,0.11885023740579324
L-ITG→R-mPFC,CEN→DMN,Warszawa,eyes open,alpha,0.09585666533801325
L-ITG→L-aSTG,CEN→DMN,Warszawa,eyes open,alpha,0.03273956231734627
L-ITG→R-aSTG,CEN→DMN,Warszawa,eyes open,alpha,0.11340660651767766
L-ITG→L-PREC,CEN→DMN,Warszawa,eyes open,alpha,0.2695730810666108
L-ITG→R-PREC,CEN→DMN,Warszawa,eyes open,alpha,0.15901626382597522
L-ITG→L-ANG,CEN→DMN,Warszawa,eyes open,alpha,0.4200728051450748
L-ITG→R-ANG,CEN→DMN,Warszawa,eyes open,alpha,0.1440437435605757
L-ITG→L-SFG,CEN→CEN,Warszawa,eyes open,alpha,-0.2168102134020362
L-ITG→R-SFG,CEN→CEN,Warszawa,eyes open,alpha,0.014910501299480674
L-ITG→L-pSTG,CEN→CEN,Warszawa,eyes open,alpha,-0.005228036105081428
L-ITG→R-pSTG,CEN→CEN,Warszawa,eyes open,alpha,0.40893405541045863
L-ITG→R-ITG,CEN→CEN,Warszawa,eyes open,alpha,0.21005572599931127
L-ITG→L-SUP,CEN→CEN,Warszawa,eyes open,alpha,0.14694885552741518
L-ITG→R-SUP,CEN→CEN,Warszawa,eyes open,alpha,0.20913522468480075
R-ITG→L-ACC,CEN→SN,Warszawa,eyes open,alpha,0.2835212097832684
R-ITG→R-ACC,CEN→SN,Warszawa,eyes open,alpha,0.33987557382721184
R-ITG→L-INS,CEN→SN,Warszawa,eyes open,alpha,0.07164730623753493
R-ITG→R-INS,CEN→SN,Warszawa,eyes open,alpha,0.10281804339993474
R-ITG→L-IFG,CEN→DMN,Warszawa,eyes open,alpha,0.14379130239582866
R-ITG→R-IFG,CEN→CEN,Warszawa,eyes open,alpha,0.16032644055583042
R-ITG→L-mPFC,CEN→DMN,Warszawa,eyes open,alpha,0.17949590627446235
R-ITG→R-mPFC,CEN→DMN,Warszawa,eyes open,alpha,0.17219160371617362
R-ITG→L-aSTG,CEN→DMN,Warszawa,eyes open,alpha,0.023353360402721925
R-ITG→R-aSTG,CEN→DMN,Warszawa,eyes open,alpha,0.043161223420490544
R-ITG→L-PREC,CEN→DMN,Warszawa,eyes open,alpha,0.25791644785068374
R-ITG→R-PREC,CEN→DMN,Warszawa,eyes open,alpha,0.256138928718062
R-ITG→L-ANG,CEN→DMN,Warszawa,eyes open,alpha,0.31803252765195045
R-ITG→R-ANG,CEN→DMN,Warszawa,eyes open,alpha,0.21890841120187454
R-ITG→L-SFG,CEN→CEN,Warszawa,eyes open,alpha,0.12024483041687284
R-ITG→R-SFG,CEN→CEN,Warszawa,eyes open,alpha,0.14987036834566758
R-ITG→L-pSTG,CEN→CEN,Warszawa,eyes open,alpha,0.05499312998265231
R-ITG→R-pSTG,CEN→CEN,Warszawa,eyes open,alpha,0.3302768673140901
R-ITG→L-ITG,CEN→CEN,Warszawa,eyes open,alpha,0.11334137953553554
R-ITG→L-SUP,CEN→CEN,Warszawa,eyes open,alpha,-0.16167711048038255
R-ITG→R-SUP,CEN→CEN,Warszawa,eyes open,alpha,0.3253468219769441
L-SUP→L-ACC,CEN→SN,Warszawa,eyes open,alpha,-0.12896515122756289
L-SUP→R-ACC,CEN→SN,Warszawa,eyes open,alpha,-0.05319007654059813
L-SUP→L-INS,CEN→SN,Warszawa,eyes open,alpha,-0.06761450407703153
L-SUP→R-INS,CEN→SN,Warszawa,eyes open,alpha,-0.0900273397253598
L-SUP→L-IFG,CEN→DMN,Warszawa,eyes open,alpha,-0.26499026082471094
L-SUP→R-IFG,CEN→CEN,Warszawa,eyes open,alpha,-0.3216285725829219
L-SUP→L-mPFC,CEN→DMN,Warszawa,eyes open,alpha,-0.0195860677048181
L-SUP→R-mPFC,CEN→DMN,Warszawa,eyes open,alpha,0.0104990131391452
L-SUP→L-aSTG,CEN→DMN,Warszawa,eyes open,alpha,-0.12170610733865675
L-SUP→R-aSTG,CEN→DMN,Warszawa,eyes open,alpha,-0.08675361828080128
L-SUP→L-PREC,CEN→DMN,Warszawa,eyes open,alpha,0.22033889743577223
L-SUP→R-PREC,CEN→DMN,Warszawa,eyes open,alpha,0.03251958516346338
L-SUP→L-ANG,CEN→DMN,Warszawa,eyes open,alpha,0.062205343750869
L-SUP→R-ANG,CEN→DMN,Warszawa,eyes open,alpha,0.035653701640614634
L-SUP→L-SFG,CEN→CEN,Warszawa,eyes open,alpha,-0.28290935168529385
L-SUP→R-SFG,CEN→CEN,Warszawa,eyes open,alpha,-0.09205450842419101
L-SUP→L-pSTG,CEN→CEN,Warszawa,eyes open,alpha,-0.15509840445074902
L-SUP→R-pSTG,CEN→CEN,Warszawa,eyes open,alpha,-0.1048152321920332
L-SUP→L-ITG,CEN→CEN,Warszawa,eyes open,alpha,-0.04473150389844203
L-SUP→R-ITG,CEN→CEN,Warszawa,eyes open,alpha,-0.006970714806775237
L-SUP→R-SUP,CEN→CEN,Warszawa,eyes open,alpha,0.021864423624369834
R-SUP→L-ACC,CEN→SN,Warszawa,eyes open,alpha,0.04850313314411477
R-SUP→R-ACC,CEN→SN,Warszawa,eyes open,alpha,0.10324029586826114
R-SUP→L-INS,CEN→SN,Warszawa,eyes open,alpha,0.0632102396983777
R-SUP→R-INS,CEN→SN,Warszawa,eyes open,alpha,0.1376716174338109
R-SUP→L-IFG,CEN→DMN,Warszawa,eyes open,alpha,-0.1643673496037566
R-SUP→R-IFG,CEN→CEN,Warszawa,eyes open,alpha,0.09473309334313418
R-SUP→L-mPFC,CEN→DMN,Warszawa,eyes open,alpha,-0.04437793751926178
R-SUP→R-mPFC,CEN→DMN,Warszawa,eyes open,alpha,0.13702465287131907
R-SUP→L-aSTG,CEN→DMN,Warszawa,eyes open,alpha,-0.09980808048651636
R-SUP→R-aSTG,CEN→DMN,Warszawa,eyes open,alpha,0.09709849717508606
R-SUP→L-PREC,CEN→DMN,Warszawa,eyes open,alpha,0.20333456320411478
R-SUP→R-PREC,CEN→DMN,Warszawa,eyes open,alpha,-0.06797864186733953
R-SUP→L-ANG,CEN→DMN,Warszawa,eyes open,alpha,0.12631579264168102
R-SUP→R-ANG,CEN→DMN,Warszawa,eyes open,alpha,0.19041970789911725
R-SUP→L-SFG,CEN→CEN,Warszawa,eyes open,alpha,0.02975038179389387
R-SUP→R-SFG,CEN→CEN,Warszawa,eyes open,alpha,-0.05929851990483042
R-SUP→L-pSTG,CEN→CEN,Warszawa,eyes open,alpha,-0.10908473324427753
R-SUP→R-pSTG,CEN→CEN,Warszawa,eyes open,alpha,0.0520959578214566
R-SUP→L-ITG,CEN→CEN,Warszawa,eyes open,alpha,0.007469115167314313
R-SUP→R-ITG,CEN→CEN,Warszawa,eyes open,alpha,0.06222223344465891
R-SUP→L-SUP,CEN→CEN,Warszawa,eyes open,alpha,-0.2082219660652442
L-ACC→R-ACC,SN→SN,Warszawa,eyes open,beta,0.1390800650493325
L-ACC→L-INS,SN→SN,Warszawa,eyes open,beta,0.12710653605557962
L-ACC→R-INS,SN→SN,Warszawa,eyes open,beta,-0.021072737128686746
L-ACC→L-IFG,SN→DMN,Warszawa,eyes open,beta,-0.13285287681427171
L-ACC→R-IFG,SN→CEN,Warszawa,eyes open,beta,0.02311027928283266
L-ACC→L-mPFC,SN→DMN,Warszawa,eyes open,beta,-0.2167318694209581
L-ACC→R-mPFC,SN→DMN,Warszawa,eyes open,beta,0.15558174911829994
L-ACC→L-aSTG,SN→DMN,Warszawa,eyes open,beta,0.020299948573528754
L-ACC→R-aSTG,SN→DMN,Warszawa,eyes open,beta,-0.08675361828080128
L-ACC→L-PREC,SN→DMN,Warszawa,eyes open,beta,0.21689824122119353
L-ACC→R-PREC,SN→DMN,Warszawa,eyes open,beta,0.05059749559124997
L-ACC→L-ANG,SN→DMN,Warszawa,eyes open,beta,0.05925107585758951
L-ACC→R-ANG,SN→DMN,Warszawa,eyes open,beta,0.23497309465629299
L-ACC→L-SFG,SN→CEN,Warszawa,eyes open,beta,0.058046261949778286
L-ACC→R-SFG,SN→CEN,Warszawa,eyes open,beta,-0.037216572384802714
L-ACC→L-pSTG,SN→CEN,Warszawa,eyes open,beta,-0.11629694701249423
L-ACC→R-pSTG,SN→CEN,Warszawa,eyes open,beta,0.17119581019233038
L-ACC→L-ITG,SN→CEN,Warszawa,eyes open,beta,-0.07365290588550762
L-ACC→R-ITG,SN→CEN,Warszawa,eyes open,beta,-0.016623822609112302
L-ACC→L-SUP,SN→CEN,Warszawa,eyes open,beta,0.10149046034507027
L-ACC→R-SUP,SN→CEN,Warszawa,eyes open,beta,0.19260569956133924
R-ACC→L-ACC,SN→SN,Warszawa,eyes open,beta,0.014731746500513423
R-ACC→L-INS,SN→SN,Warszawa,eyes open,beta,0.24190772050121764
R-ACC→R-INS,SN→SN,Warszawa,eyes open,beta,-0.131138100722977
R-ACC→L-IFG,SN→DMN,Warszawa,eyes open,beta,-0.08813757296540317
R-ACC→R-IFG,SN→CEN,Warszawa,eyes open,beta,0.1648552246296515
R-ACC→L-mPFC,SN→DMN,Warszawa,eyes open,beta,0.17673338784227752
R-ACC→R-mPFC,SN→DMN,Warszawa,eyes open,beta,0.029577032893799114
R-ACC→L-aSTG,SN→DMN,Warszawa,eyes open,beta,-0.034853574033876185
R-ACC→R-aSTG,SN→DMN,Warszawa,eyes open,beta,-0.03118765095045638
R-ACC→L-PREC,SN→DMN,Warszawa,eyes open,beta,0.08718305148683493
R-ACC→R-PREC,SN→DMN,Warszawa,eyes open,beta,0.24154576863269278
R-ACC→L-ANG,SN→DMN,Warszawa,eyes open,beta,0.170857900493867
R-ACC→R-ANG,SN→DMN,Warszawa,eyes open,beta,0.05920818333945886
R-ACC→L-SFG,SN→CEN,Warszawa,eyes open,beta,-0.020606903078706437
R-ACC→R-SFG,SN→CEN,Warszawa,eyes open,beta,0.027826632278747578
R-ACC→L-pSTG,SN→CEN,Warszawa,eyes open,beta,-0.10488306762989856
R-ACC→R-pSTG,SN→CEN,Warszawa,eyes open,beta,-0.0008958566854019931
R-ACC→L-ITG,SN→CEN,Warszawa,eyes open,beta,0.03718249394022218
R-ACC→R-ITG,SN→CEN,Warszawa,eyes open,beta,-0.03273721444558538
R-ACC→L-SUP,SN→CEN,Warszawa,eyes open,beta,0.015684108315244284
R-ACC→R-SUP,SN→CEN,Warszawa,eyes open,beta,0.07393984116513265
L-INS→L-ACC,SN→SN,Warszawa,eyes open,beta,-0.09862040976225396
L-INS→R-ACC,SN→SN,Warszawa,eyes open,beta,0.23529847418806973
L-INS→R-INS,SN→SN,Warszawa,eyes open,beta,0.0949546915250792
L-INS→L-IFG,SN→DMN,Warszawa,eyes open,beta,0.02783039956496219
L-INS→R-IFG,SN→CEN,Warszawa,eyes open,beta,0.06949473371488081
L-INS→L-mPFC,SN→DMN,Warszawa,eyes open,beta,0.02258578845733626
L-INS→R-mPFC,SN→DMN,Warszawa,eyes open,beta,0.24021605812009023
L-INS→L-aSTG,SN→DMN,Warszawa,eyes open,beta,-0.1550568413280241
L-INS→R-aSTG,SN→DMN,Warszawa,eyes open,beta,0.07622411257745547
L-INS→L-PREC,SN→DMN,Warszawa,eyes open,beta,0.13631135180348622
L-INS→R-PREC,SN→DMN,Warszawa,eyes open,beta,0.09753755512946531
L-INS→L-ANG,SN→DMN,Warszawa,eyes open,beta,0.11334137953553554
L-INS→R-ANG,SN→DMN,Warszawa,eyes open,beta,0.17757323392688834
L-INS→L-SFG,SN→CEN,Warszawa,eyes open,beta,0.13597138073167242
L-INS→R-SFG,SN→CEN,Warszawa,eyes open,beta,-0.027796181205389257
L-INS→L-pSTG,SN→CEN,Warszawa,eyes open,beta,-0.31967577508845174
L-INS→R-pSTG,SN→CEN,Warszawa,eyes open,beta,0.05386185014552416
L-INS→L-ITG,SN→CEN,Warszawa,eyes open,beta,-0.13117119482928094
L-INS→R-ITG,SN→CEN,Warszawa,eyes open,beta,-0.12483922090568753
L-INS→L-SUP,SN→CEN,Warszawa,eyes open,beta,-0.08184303611396346
L-INS→R-SUP,SN→CEN,Warszawa,eyes open,beta,0.05729012527977442
R-INS→L-ACC,SN→SN,Warszawa,eyes open,beta,0.013522900815406306
R-INS→R-ACC,SN→SN,Warszawa,eyes open,beta,-0.0026875700562059793
R-INS→L-INS,SN→SN,Warszawa,eyes open,beta,0.026130194039571564
R-INS→L-IFG,SN→DMN,Warszawa,eyes open,beta,-0.03772465911208926
R-INS→R-IFG,SN→CEN,Warszawa,eyes open,beta,-0.19134045312847564
R-INS→L-mPFC,SN→DMN,Warszawa,eyes open,beta,-0.0028774148946993697
R-INS→R-mPFC,SN→DMN,Warszawa,eyes open,beta,0.06622179066436475
R-INS→L-aSTG,SN→DMN,Warszawa,eyes open,beta,0.19115784906739575
R-INS→R-aSTG,SN→DMN,Warszawa,eyes open,beta,-0.0375400773741532
R-INS→L-PREC,SN→DMN,Warszawa,eyes open,beta,0.18300992436849867
R-INS→R-PREC,SN→DMN,Warszawa,eyes open,beta,-0.0638375681688915
R-INS→L-ANG,SN→DMN,Warszawa,eyes open,beta,0.0828914566752424
R-INS→R-ANG,SN→DMN,Warszawa,eyes open,beta,-0.0385218374722857
R-INS→L-SFG,SN→CEN,Warszawa,eyes open,beta,0.0834480390295995
R-INS→R-SFG,SN→CEN,Warszawa,eyes open,beta,0.0031702927813394514
R-INS→L-pSTG,SN→CEN,Warszawa,eyes open,beta,-0.11797401068267416
R-INS→R-pSTG,SN→CEN,Warszawa,eyes open,beta,0.02964925995241521
R-INS→L-ITG,SN→CEN,Warszawa,eyes open,beta,-0.013533299049019168
R-INS→R-ITG,SN→CEN,Warszawa,eyes open,beta,0.06222223344465891
R-INS→L-SUP,SN→CEN,Warszawa,eyes open,beta,0.28727645759496734
R-INS→R-SUP,SN→CEN,Warszawa,eyes open,beta,0.11052644398656412
L-IFG→L-ACC,DMN→SN,Warszawa,eyes open,beta,0.07016400433008842
L-IFG→R-ACC,DMN→SN,Warszawa,eyes open,beta,0.13315229681625698
L-IFG→L-INS,DMN→SN,Warszawa,eyes open,beta,0.16098486813355972
L-IFG→R-INS,DMN→SN,Warszawa,eyes open,beta,0.2700351265206716
L-IFG→R-IFG,DMN→CEN,Warszawa,eyes open,beta,0.2653478118834944
L-IFG→L-mPFC,DMN→DMN,Warszawa,eyes open,beta,-0.008686841714360101
L-IFG→R-mPFC,DMN→DMN,Warszawa,eyes open,beta,0.2349888830671152
L-IFG→L-aSTG,DMN→DMN,Warszawa,eyes open,beta,-0.15988069814171163
L-IFG→R-aSTG,DMN→DMN,Warszawa,eyes open,beta,0.08324104113399187
L-IFG→L-PREC,DMN→DMN,Warszawa,eyes open,beta,-0.09793063662822575
L-IFG→R-PREC,DMN→DMN,Warszawa,eyes open,beta,0.08513385799989445
L-IFG→L-ANG,DMN→DMN,Warszawa,eyes open,beta,-0.12682788902965747
L-IFG→R-ANG,DMN→DMN,Warszawa,eyes open,beta,0.10166728160205739
L-IFG→L-SFG,DMN→CEN,Warszawa,eyes open,beta,0.0613511150013666
L-IFG→R-SFG,DMN→CEN,Warszawa,eyes open,beta,-0.06622179066436475
L-IFG→L-pSTG,DMN→CEN,Warszawa,eyes open,beta,-0.23720168001585049
L-IFG→R-pSTG,DMN→CEN,Warszawa,eyes open,beta,0.09473309334313418
L-IFG→L-ITG,DMN→CEN,Warszawa,eyes open,beta,-0.2353410008722957
L-IFG→R-ITG,DMN→CEN,Warszawa,eyes open,beta,0.13702465287131907
L-IFG→L-SUP,DMN→CEN,Warszawa,eyes open,beta,0.015107931192408046
L-IFG→R-SUP,DMN→CEN,Warszawa,eyes open,beta,-0.10945420560093727
R-IFG→L-ACC,CEN→SN,Warszawa,eyes open,beta,0.04864631360041657
R-IFG→R-ACC,CEN→SN,Warszawa,eyes open,beta,0.3089829222513978
R-IFG→L-INS,CEN→SN,Warszawa,eyes open,beta,0.2425106879562864
R-IFG→R-INS,CEN→SN,Warszawa,eyes open,beta,-0.017373683428720203
R-IFG→L-IFG,CEN→DMN,Warszawa,eyes open,beta,0.12319674124114263
R-IFG→L-mPFC,CEN→DMN,Warszawa,eyes open,beta,0.11629694701249423
R-IFG→R-mPFC,CEN→DMN,Warszawa,eyes open,beta,0.20314118592054023
R-IFG→L-aSTG,CEN→DMN,Warszawa,eyes open,beta,-0.05892698600205369
R-IFG→R-aSTG,CEN→DMN,Warszawa,eyes open,beta,0.07548025452273958
R-IFG→L-PREC,CEN→DMN,Warszawa,eyes open,beta,0.17211161684984172
R-IFG→R-PREC,CEN→DMN,Warszawa,eyes open,beta,0.08564503849757327
R-IFG→L-ANG,CEN→DMN,Warszawa,eyes open,beta,0.29222253237287477
R-IFG→R-ANG,CEN→DMN,Warszawa,eyes open,beta,0.061532392415765295
R-IFG→L-SFG,CEN→CEN,Warszawa,eyes open,beta,0.04356696754234523
R-IFG→R-SFG,CEN→CEN,Warszawa,eyes open,beta,0.03822210354318445
R-IFG→L-pSTG,CEN→CEN,Warszawa,eyes open,beta,-0.005212105028616061
R-IFG→R-pSTG,CEN→CEN,Warszawa,eyes open,beta,0.1131739773362678
R-IFG→L-ITG,CEN→CEN,Warszawa,eyes open,beta,-0.263830668851158
R-IFG→R-ITG,CEN→CEN,Warszawa,eyes open,beta,-0.08976975024254027
R-IFG→L-SUP,CEN→CEN,Warszawa,eyes open,beta,-0.1516130470473614
R-IFG→R-SUP,CEN→CEN,Warszawa,eyes open,beta,0.010090091909944688
L-mPFC→L-ACC,DMN→SN,Warszawa,eyes open,beta,-0.20726794589297218
L-mPFC→R-ACC,DMN→SN,Warszawa,eyes open,beta,0.07767217314281656
L-mPFC→L-INS,DMN→SN,Warszawa,eyes open,beta,0.34747917157143693
L-mPFC→R-INS,DMN→SN,Warszawa,eyes open,beta,-0.06080789200052071
L-mPFC→L-IFG,DMN→DMN,Warszawa,eyes open,beta,-0.36410954062720957
L-mPFC→R-IFG,DMN→CEN,Warszawa,eyes open,beta,-0.15807810658913343
L-mPFC→R-mPFC,DMN→DMN,Warszawa,eyes open,beta,0.275235793536128
L-mPFC→L-aSTG,DMN→DMN,Warszawa,eyes open,beta,-0.06916671881619654
L-mPFC→R-aSTG,DMN→DMN,Warszawa,eyes open,beta,-0.1976562648938043
L-mPFC→L-PREC,DMN→DMN,Warszawa,eyes open,beta,0.13739424607903758
L-mPFC→R-PREC,DMN→DMN,Warszawa,eyes open,beta,0.0055660799129924375
L-mPFC→L-ANG,DMN→DMN,Warszawa,eyes open,beta,0.13533299049019168
L-mPFC→R-ANG,DMN→DMN,Warszawa,eyes open,beta,0.13913724124598983
L-mPFC→L-SFG,DMN→CEN,Warszawa,eyes open,beta,-0.06762034325933892
L-mPFC→R-SFG,DMN→CEN,Warszawa,eyes open,beta,-0.018812990393441854
L-mPFC→L-pSTG,DMN→CEN,Warszawa,eyes open,beta,-0.19320459420645886
L-mPFC→R-pSTG,DMN→CEN,Warszawa,eyes open,beta,0.19022213813671537
L-mPFC→L-ITG,DMN→CEN,Warszawa,eyes open,beta,-0.33446738593711506
L-mPFC→R-ITG,DMN→CEN,Warszawa,eyes open,beta,0.03455928889104626
L-mPFC→L-SUP,DMN→CEN,Warszawa,eyes open,beta,-0.06503917032692676
L-mPFC→R-SUP,DMN→CEN,Warszawa,eyes open,beta,0.012323306860855442
R-mPFC→L-ACC,DMN→SN,Warszawa,eyes open,beta,-0.11334137953553554
R-mPFC→R-ACC,DMN→SN,Warszawa,eyes open,beta,-0.09019131491077927
R-mPFC→L-INS,DMN→SN,Warszawa,eyes open,beta,0.018932061141568826
R-mPFC→R-INS,DMN→SN,Warszawa,eyes open,beta,-0.09058506149991669
R-mPFC→L-IFG,DMN→DMN,Warszawa,eyes open,beta,0.1489543257274135
R-mPFC→R-IFG,DMN→CEN,Warszawa,eyes open,beta,-0.07769020215688298
R-mPFC→L-mPFC,DMN→DMN,Warszawa,eyes open,beta,-0.09466628207395156
R-mPFC→L-aSTG,DMN→DMN,Warszawa,eyes open,beta,-0.14812768964397377
R-mPFC→R-aSTG,DMN→DMN,Warszawa,eyes open,beta,-0.041824288840651425
R-mPFC→L-PREC,DMN→DMN,Warszawa,eyes open,beta,-0.07529559322484639
R-mPFC→R-PREC,DMN→DMN,Warszawa,eyes open,beta,0.023683273335783545
R-mPFC→L-ANG,DMN→DMN,Warszawa,eyes open,beta,0.07274148238847802
R-mPFC→R-ANG,DMN→DMN,Warszawa,eyes open,beta,-0.06766649524509584
R-mPFC→L-SFG,DMN→CEN,Warszawa,eyes open,beta,-0.1964232866735123
R-mPFC→R-SFG,DMN→CEN,Warszawa,eyes open,beta,0.00845831190563698
R-mPFC→L-pSTG,DMN→CEN,Warszawa,eyes open,beta,-0.23079736184137695
R-mPFC→R-pSTG,DMN→CEN,Warszawa,eyes open,beta,-0.06539753803434549
R-mPFC→L-ITG,DMN→CEN,Warszawa,eyes open,beta,0.04936125968657438
R-mPFC→R-ITG,DMN→CEN,Warszawa,eyes open,beta,-0.23720168001585049
R-mPFC→L-SUP,DMN→CEN,Warszawa,eyes open,beta,-0.039324670227558055
R-mPFC→R-SUP,DMN→CEN,Warszawa,eyes open,beta,-0.11675947301348522
L-aSTG→L-ACC,DMN→SN,Warszawa,eyes open,beta,0.131138100722977
L-aSTG→R-ACC,DMN→SN,Warszawa,eyes open,beta,0.3503004060408289
L-aSTG→L-INS,DMN→SN,Warszawa,eyes open,beta,0.22747861801481267
L-aSTG→R-INS,DMN→SN,Warszawa,eyes open,beta,0.0715564651235153
L-aSTG→L-IFG,DMN→DMN,Warszawa,eyes open,beta,-0.05201564866102994
L-aSTG→R-IFG,DMN→CEN,Warszawa,eyes open,beta,0.05074987143382188
L-aSTG→L-mPFC,DMN→DMN,Warszawa,eyes open,beta,0.28406049649469733
L-aSTG→R-mPFC,DMN→DMN,Warszawa,eyes open,beta,0.1372520990868896
L-aSTG→R-aSTG,DMN→DMN,Warszawa,eyes open,beta,0.09585666533801325
L-aSTG→L-PREC,DMN→DMN,Warszawa,eyes open,beta,0.3659625273556999
L-aSTG→R-PREC,DMN→DMN,Warszawa,eyes open,beta,0.32534736183179025
L-aSTG→L-ANG,DMN→DMN,Warszawa,eyes open,beta,0.3084541301998042
L-aSTG→R-ANG,DMN→DMN,Warszawa,eyes open,beta,0.01664172656972317
L-aSTG→L-SFG,DMN→CEN,Warszawa,eyes open,beta,0.0958473285931595
L-aSTG→R-SFG,DMN→CEN,Warszawa,eyes open,beta,0.26054122237682814
L-aSTG→L-pSTG,DMN→CEN,Warszawa,eyes open,beta,0.11785397200410738
L-aSTG→R-pSTG,DMN→CEN,Warszawa,eyes open,beta,0.19580894491512998
L-aSTG→L-ITG,DMN→CEN,Warszawa,eyes open,beta,-0.07296947040062485
L-aSTG→R-ITG,DMN→CEN,Warszawa,eyes open,beta,0.17034546339404769
L-aSTG→L-SUP,DMN→CEN,Warszawa,eyes open,beta,0.03772465911208926
L-aSTG→R-SUP,DMN→CEN,Warszawa,eyes open,beta,0.22329943430881627
R-aSTG→L-ACC,DMN→SN,Warszawa,eyes open,beta,-0.18070668853634875
R-aSTG→R-ACC,DMN→SN,Warszawa,eyes open,beta,0.2518264709697684
R-aSTG→L-INS,DMN→SN,Warszawa,eyes open,beta,0.12084310530572209
R-aSTG→R-INS,DMN→SN,Warszawa,eyes open,beta,0.016015280217801926
R-aSTG→L-IFG,DMN→DMN,Warszawa,eyes open,beta,0.0575083971558957
R-aSTG→R-IFG,DMN→CEN,Warszawa,eyes open,beta,0.07703426427610886
R-aSTG→L-mPFC,DMN→DMN,Warszawa,eyes open,beta,0.13199785348778872
R-aSTG→R-mPFC,DMN→DMN,Warszawa,eyes open,beta,0.012161578400104142
R-aSTG→L-aSTG,DMN→DMN,Warszawa,eyes open,beta,0.018932061141568826
R-aSTG→L-PREC,DMN→DMN,Warszawa,eyes open,beta,-0.10229744236669222
R-aSTG→R-PREC,DMN→DMN,Warszawa,eyes open,beta,0.05568878249879844
R-aSTG→L-ANG,DMN→DMN,Warszawa,eyes open,beta,0.1508807978413971
R-aSTG→R-ANG,DMN→DMN,Warszawa,eyes open,beta,0.040081610138957606
R-aSTG→L-SFG,DMN→CEN,Warszawa,eyes open,beta,0.18074853435099458
R-aSTG→R-SFG,DMN→CEN,Warszawa,eyes open,beta,0.29265759193503954
R-aSTG→L-pSTG,DMN→CEN,Warszawa,eyes open,beta,-0.013143367340946217
R-aSTG→R-pSTG,DMN→CEN,Warszawa,eyes open,beta,0.09880267862690045
R-aSTG→L-ITG,DMN→CEN,Warszawa,eyes open,beta,-0.19969700811807084
R-aSTG→R-ITG,DMN→CEN,Warszawa,eyes open,beta,0.13749630067145863
R-aSTG→L-SUP,DMN→CEN,Warszawa,eyes open,beta,0.2026445919742109
R-aSTG→R-SUP,DMN→CEN,Warszawa,eyes open,beta,-0.004755439172009177
L-PREC→L-ACC,DMN→SN,Warszawa,eyes open,beta,-0.1868268832217754
L-PREC→R-ACC,DMN→SN,Warszawa,eyes open,beta,-0.1664500757152958
L-PREC→L-INS,DMN→SN,Warszawa,eyes open,beta,-0.011154748182066654
L-PREC→R-INS,DMN→SN,Warszawa,eyes open,beta,-0.06949473371488081
L-PREC→L-IFG,DMN→DMN,Warszawa,eyes open,beta,-0.11269084012838587
L-PREC→R-IFG,DMN→CEN,Warszawa,eyes open,beta,-0.05352685998753094
L-PREC→L-mPFC,DMN→DMN,Warszawa,eyes open,beta,0.08744809193962744
L-PREC→R-mPFC,DMN→DMN,Warszawa,eyes open,beta,-0.14852813221947572
L-PREC→L-aSTG,DMN→DMN,Warszawa,eyes open,beta,-0.06259150810171366
L-PREC→R-aSTG,DMN→DMN,Warszawa,eyes open,beta,-0.009821164333675615
L-PREC→R-PREC,DMN→DMN,Warszawa,eyes open,beta,0.12440141489322447
L-PREC→L-ANG,DMN→DMN,Warszawa,eyes open,beta,-0.004755439172009177
L-PREC→R-ANG,DMN→DMN,Warszawa,eyes open,beta,0.16327007823898176
L-PREC→L-SFG,DMN→CEN,Warszawa,eyes open,beta,0.0055660799129924375
L-PREC→R-SFG,DMN→CEN,Warszawa,eyes open,beta,-0.03552491000367532
L-PREC→L-pSTG,DMN→CEN,Warszawa,eyes open,beta,-0.2622076690747464
L-PREC→R-pSTG,DMN→CEN,Warszawa,eyes open,beta,0.13070951542800047
L-PREC→L-ITG,DMN→CEN,Warszawa,eyes open,beta,-0.1868268832217754
L-PREC→R-ITG,DMN→CEN,Warszawa,eyes open,beta,-0.00845831190563698
L-PREC→L-SUP,DMN→CEN,Warszawa,eyes open,beta,-0.1760424809674653
L-PREC→R-SUP,DMN→CEN,Warszawa,eyes open,beta,-0.03170292781339452
R-PREC→L-ACC,DMN→SN,Warszawa,eyes open,beta,0.06321821138606024
R-PREC→R-ACC,DMN→SN,Warszawa,eyes open,beta,0.10536368564343372
R-PREC→L-INS,DMN→SN,Warszawa,eyes open,beta,0.11990305389660258
R-PREC→R-INS,DMN→SN,Warszawa,eyes open,beta,-0.16099571166316673
R-PREC→L-IFG,DMN→DMN,Warszawa,eyes open,beta,-0.049058209052694486
R-PREC→R-IFG,DMN→CEN,Warszawa,eyes open,beta,-0.06711128961345003
R-PREC→L-mPFC,DMN→DMN,Warszawa,eyes open,beta,-0.15902094277735473
R-PREC→R-mPFC,DMN→DMN,Warszawa,eyes open,beta,0.01142524093995967
R-PREC→L-aSTG,DMN→DMN,Warszawa,eyes open,beta,-0.0419960525565808
R-PREC→R-aSTG,DMN→DMN,Warszawa,eyes open,beta,-0.05559578697190465
R-PREC→L-PREC,DMN→DMN,Warszawa,eyes open,beta,0.04080443192842739
R-PREC→L-ANG,DMN→DMN,Warszawa,eyes open,beta,-0.06547442889117076
R-PREC→R-ANG,DMN→DMN,Warszawa,eyes open,beta,0.17350723656160255
R-PREC→L-SFG,DMN→CEN,Warszawa,eyes open,beta,-0.253933979733608
R-PREC→R-SFG,DMN→CEN,Warszawa,eyes open,beta,-0.10367786667313879
R-PREC→L-pSTG,DMN→CEN,Warszawa,eyes open,beta,-0.20314118592054023
R-PREC→R-pSTG,DMN→CEN,Warszawa,eyes open,beta,-0.17362659169517292
R-PREC→L-ITG,DMN→CEN,Warszawa,eyes open,beta,-0.10597010772963321
R-PREC→R-ITG,DMN→CEN,Warszawa,eyes open,beta,-0.005228036105081428
R-PREC→L-SUP,DMN→CEN,Warszawa,eyes open,beta,-0.003592824677341835
R-PREC→R-SUP,DMN→CEN,Warszawa,eyes open,beta,-0.06974644118946793
L-ANG→L-ACC,DMN→SN,Warszawa,eyes open,beta,-0.22486002803590027
L-ANG→R-ACC,DMN→SN,Warszawa,eyes open,beta,-0.04992517970916951
L-ANG→L-INS,DMN→SN,Warszawa,eyes open,beta,0.0008429094851474698
L-ANG→R-INS,DMN→SN,Warszawa,eyes open,beta,-0.10367786667313879
L-ANG→L-IFG,DMN→DMN,Warszawa,eyes open,beta,-0.23854338429673394
L-ANG→R-IFG,DMN→CEN,Warszawa,eyes open,beta,-0.12931199706006224
L-ANG→L-mPFC,DMN→DMN,Warszawa,eyes open,beta,0.01971802192919941
L-ANG→R-mPFC,DMN→DMN,Warszawa,eyes open,beta,-0.004910582166837808
L-ANG→L-aSTG,DMN→DMN,Warszawa,eyes open,beta,-0.10782923242664433
L-ANG→R-aSTG,DMN→DMN,Warszawa,eyes open,beta,-0.014329461247506987
L-ANG→L-PREC,DMN→DMN,Warszawa,eyes open,beta,-0.10030622873254891
L-ANG→R-PREC,DMN→DMN,Warszawa,eyes open,beta,-0.07558575072859773
L-ANG→R-ANG,DMN→DMN,Warszawa,eyes open,beta,0.015224961430146565
L-ANG→L-SFG,DMN→CEN,Warszawa,eyes open,beta,-0.20979644959948743
L-ANG→R-SFG,DMN→CEN,Warszawa,eyes open,beta,-0.1087353235840236
L-ANG→L-pSTG,DMN→CEN,Warszawa,eyes open,beta,-0.05019636681929995
L-ANG→R-pSTG,DMN→CEN,Warszawa,eyes open,beta,0.17785390136611612
L-ANG→L-ITG,DMN→CEN,Warszawa,eyes open,beta,-0.14072683577263365
L-ANG→R-ITG,DMN→CEN,Warszawa,eyes open,beta,0.08985243288116365
L-ANG→L-SUP,DMN→CEN,Warszawa,eyes open,beta,-0.18169154017299888
L-ANG→R-SUP,DMN→CEN,Warszawa,eyes open,beta,0.0
R-ANG→L-ACC,DMN→SN,Warszawa,eyes open,beta,-0.11094917291063974
R-ANG→R-ACC,DMN→SN,Warszawa,eyes open,beta,0.0008429094851474698
R-ANG→L-INS,DMN→SN,Warszawa,eyes open,beta,-0.06933083784849799
R-ANG→R-INS,DMN→SN,Warszawa,eyes open,beta,-0.06539753803434549
R-ANG→L-IFG,DMN→DMN,Warszawa,eyes open,beta,0.05237954311293662
R-ANG→R-IFG,DMN→CEN,Warszawa,eyes open,beta,-0.16121785099125768
R-ANG→L-mPFC,DMN→DMN,Warszawa,eyes open,beta,0.045495723602962536
R-ANG→R-mPFC,DMN→DMN,Warszawa,eyes open,beta,-0.016732122273099982
R-ANG→L-aSTG,DMN→DMN,Warszawa,eyes open,beta,-0.08737886075952213
R-ANG→R-aSTG,DMN→DMN,Warszawa,eyes open,beta,-0.34132139713815934
R-ANG→L-PREC,DMN→DMN,Warszawa,eyes open,beta,0.11449389357044006
R-ANG→R-PREC,DMN→DMN,Warszawa,eyes open,beta,0.098279076221523
R-ANG→L-ANG,DMN→DMN,Warszawa,eyes open,beta,-0.0900273397253598
R-ANG→L-SFG,DMN→CEN,Warszawa,eyes open,beta,-0.11850215171517901
R-ANG→R-SFG,DMN→CEN,Warszawa,eyes open,beta,0.07493518417283379
R-ANG→L-pSTG,DMN→CEN,Warszawa,eyes open,beta,-0.14886628953921086
R-ANG→R-pSTG,DMN→CEN,Warszawa,eyes open,beta,0.23011428944525925
R-ANG→L-ITG,DMN→CEN,Warszawa,eyes open,beta,-0.28419928002940253
R-ANG→R-ITG,DMN→CEN,Warszawa,eyes open,beta,0.026060525143080306
R-ANG→L-SUP,DMN→CEN,Warszawa,eyes open,beta,-0.0982186869520388
R-ANG→R-SUP,DMN→CEN,Warszawa,eyes open,beta,-0.020450371667122203
L-SFG→L-ACC,CEN→SN,Warszawa,eyes open,beta,-0.15534434628563312
L-SFG→R-ACC,CEN→SN,Warszawa,eyes open,beta,0.0736587325025671
L-SFG→L-INS,CEN→SN,Warszawa,eyes open,beta,0.12485495097192344
L-SFG→R-INS,CEN→SN,Warszawa,eyes open,beta,0.030798920909971675
L-SFG→L-IFG,CEN→DMN,Warszawa,eyes open,beta,0.040900743334244406
L-SFG→R-IFG,CEN→CEN,Warszawa,eyes open,beta,-0.20569174091988052
L-SFG→L-mPFC,CEN→DMN,Warszawa,eyes open,beta,-0.07904214290152037
L-SFG→R-mPFC,CEN→DMN,Warszawa,eyes open,beta,-0.14960806646213284
L-SFG→L-aSTG,CEN→DMN,Warszawa,eyes open,beta,-0.13973664175919848
L-SFG→R-aSTG,CEN→DMN,Warszawa,eyes open,beta,-0.25951618706479823
L-SFG→L-PREC,CEN→DMN,Warszawa,eyes open,beta,0.026140180525407137
L-SFG→R-PREC,CEN→DMN,Warszawa,eyes open,beta,0.10257490125371778
L-SFG→L-ANG,CEN→DMN,Warszawa,eyes open,beta,-0.09473309334313418
L-SFG→R-ANG,CEN→DMN,Warszawa,eyes open,beta,-0.013094885778234155
L-SFG→R-SFG,CEN→CEN,Warszawa,eyes open,beta,0.0708590144499188
L-SFG→L-pSTG,CEN→CEN,Warszawa,eyes open,beta,-0.12248848662336066
L-SFG→R-pSTG,CEN→CEN,Warszawa,eyes open,beta,-0.0767123320254435
L-SFG→L-ITG,CEN→CEN,Warszawa,eyes open,beta,-0.2770859135693156
L-SFG→R-ITG,CEN→CEN,Warszawa,eyes open,beta,0.049058209052694486
L-SFG→L-SUP,CEN→CEN,Warszawa,eyes open,beta,-0.20988446180172
L-SFG→R-SUP,CEN→CEN,Warszawa,eyes open,beta,0.08513385799989445
R-SFG→L-ACC,CEN→SN,Warszawa,eyes open,beta,-0.04356696754234523
R-SFG→R-ACC,CEN→SN,Warszawa,eyes open,beta,0.12078111850814509
R-SFG→L-INS,CEN→SN,Warszawa,eyes open,beta,0.1601760958049316
R-SFG→R-INS,CEN→SN,Warszawa,eyes open,beta,0.04044298874495715
R-SFG→L-IFG,CEN→DMN,Warszawa,eyes open,beta,0.06467084419215303
R-SFG→R-IFG,CEN→CEN,Warszawa,eyes open,beta,-0.014872997576088873
R-SFG→L-mPFC,CEN→DMN,Warszawa,eyes open,beta,0.12112769344866593
R-SFG→R-mPFC,CEN→DMN,Warszawa,eyes open,beta,0.1585837618541366
R-SFG→L-aSTG,CEN→DMN,Warszawa,eyes open,beta,0.07077792064989087
R-SFG→R-aSTG,CEN→DMN,Warszawa,eyes open,beta,0.23700430343035803
R-SFG→L-PREC,CEN→DMN,Warszawa,eyes open,beta,0.08031058160174803
R-SFG→R-PREC,CEN→DMN,Warszawa,eyes open,beta,0.18368063712875046
R-SFG→L-ANG,CEN→DMN,Warszawa,eyes open,beta,0.039172254651290296
R-SFG→R-ANG,CEN→DMN,Warszawa,eyes open,beta,0.13315229681625698
R-SFG→L-SFG,CEN→CEN,Warszawa,eyes open,beta,0.06855144563975803
R-SFG→L-pSTG,CEN→CEN,Warszawa,eyes open,beta,0.0828914566752424
R-SFG→R-pSTG,CEN→CEN,Warszawa,eyes open,beta,0.24070763451423224
R-SFG→L-ITG,CEN→CEN,Warszawa,eyes open,beta,-0.1423326149179495
R-SFG→R-ITG,CEN→CEN,Warszawa,eyes open,beta,0.06826366886949486
R-SFG→L-SUP,CEN→CEN,Warszawa,eyes open,beta,-0.07567568932458515
R-SFG→R-SUP,CEN→CEN,Warszawa,eyes open,beta,0.18239170284509454
L-pSTG→L-ACC,CEN→SN,Warszawa,eyes open,beta,-0.0017373683428720203
L-pSTG→R-ACC,CEN→SN,Warszawa,eyes open,beta,0.4059618413802811
L-pSTG→L-INS,CEN→SN,Warszawa,eyes open,beta,0.10733444324690647
L-pSTG→R-INS,CEN→SN,Warszawa,eyes open,beta,0.08176222005930457
L-pSTG→L-IFG,CEN→DMN,Warszawa,eyes open,beta,-0.0037061574940519012
L-pSTG→R-IFG,CEN→CEN,Warszawa,eyes open,beta,0.25955175206417236
L-pSTG→L-mPFC,CEN→DMN,Warszawa,eyes open,beta,0.21282772151587545
L-pSTG→R-mPFC,CEN→DMN,Warszawa,eyes open,beta,0.2509818340964997
L-pSTG→L-aSTG,CEN→DMN,Warszawa,eyes open,beta,0.1595702296217944
L-pSTG→R-aSTG,CEN→DMN,Warszawa,eyes open,beta,0.040081610138957606
L-pSTG→L-PREC,CEN→DMN,Warszawa,eyes open,beta,0.2670208672314867
L-pSTG→R-PREC,CEN→DMN,Warszawa,eyes open,beta,0.40556676366348327
L-pSTG→L-ANG,CEN→DMN,Warszawa,eyes open,beta,0.31823893252256175
L-pSTG→R-ANG,CEN→DMN,Warszawa,eyes open,beta,0.1657829133504848
L-pSTG→L-SFG,CEN→CEN,Warszawa,eyes open,beta,0.2645501275500921
L-pSTG→R-SFG,CEN→CEN,Warszawa,eyes open,beta,0.12323584224644817
L-pSTG→R-pSTG,CEN→CEN,Warszawa,eyes open,beta,0.06119149440034297
L-pSTG→L-ITG,CEN→CEN,Warszawa,eyes open,beta,-0.03118765095045638
L-pSTG→R-ITG,CEN→CEN,Warszawa,eyes open,beta,0.10187251947606082
L-pSTG→L-SUP,CEN→CEN,Warszawa,eyes open,beta,-0.08802420459487496
L-pSTG→R-SUP,CEN→CEN,Warszawa,eyes open,beta,0.1672971553626057
R-pSTG→L-ACC,CEN→SN,Warszawa,eyes open,beta,-0.07526892568574199
R-pSTG→R-ACC,CEN→SN,Warszawa,eyes open,beta,0.13473981651619596
R-pSTG→L-INS,CEN→SN,Warszawa,eyes open,beta,-0.033464244546199964
R-pSTG→R-INS,CEN→SN,Warszawa,eyes open,beta,-0.24697247914820863
R-pSTG→L-IFG,CEN→DMN,Warszawa,eyes open,beta,-0.11990305389660258
R-pSTG→R-IFG,CEN→CEN,Warszawa,eyes open,beta,-0.22509078747510106
R-pSTG→L-mPFC,CEN→DMN,Warszawa,eyes open,beta,-0.13739424607903758
R-pSTG→R-mPFC,CEN→DMN,Warszawa,eyes open,beta,0.10995805477328074
R-pSTG→L-aSTG,CEN→DMN,Warszawa,eyes open,beta,-0.21185877944136547
R-pSTG→R-aSTG,CEN→DMN,Warszawa,eyes open,beta,-0.08029298804862886
R-pSTG→L-PREC,CEN→DMN,Warszawa,eyes open,beta,-0.05237405415863563
R-pSTG→R-PREC,CEN→DMN,Warszawa,eyes open,beta,-0.08007640108900962
R-pSTG→L-ANG,CEN→DMN,Warszawa,eyes open,beta,0.203533388309315
R-pSTG→R-ANG,CEN→DMN,Warszawa,eyes open,beta,0.08338854361616777
R-pSTG→L-SFG,CEN→CEN,Warszawa,eyes open,beta,-0.13823700633207847
R-pSTG→R-SFG,CEN→CEN,Warszawa,eyes open,beta,-0.07250586318343324
R-pSTG→L-pSTG,CEN→CEN,Warszawa,eyes open,beta,-0.20819864283142503
R-pSTG→L-ITG,CEN→CEN,Warszawa,eyes open,beta,-0.2291605011190977
R-pSTG→R-ITG,CEN→CEN,Warszawa,eyes open,beta,0.09642475572426157
R-pSTG→L-SUP,CEN→CEN,Warszawa,eyes open,beta,-0.3455619131660002
R-pSTG→R-SUP,CEN→CEN,Warszawa,eyes open,beta,-0.12456135469974432
L-ITG→L-ACC,CEN→SN,Warszawa,eyes open,beta,-0.09227323859640528
L-ITG→R-ACC,CEN→SN,Warszawa,eyes open,beta,0.2631343008511745
L-ITG→L-INS,CEN→SN,Warszawa,eyes open,beta,0.1375616892782417
L-ITG→R-INS,CEN→SN,Warszawa,eyes open,beta,0.11334137953553554
L-ITG→L-IFG,CEN→DMN,Warszawa,eyes open,beta,0.2558171944805152
L-ITG→R-IFG,CEN→CEN,Warszawa,eyes open,beta,-0.14767630914412172
L-ITG→L-mPFC,CEN→DMN,Warszawa,eyes open,beta,0.20298092069014054
L-ITG→R-mPFC,CEN→DMN,Warszawa,eyes open,beta,0.15810051920135385
L-ITG→L-aSTG,CEN→DMN,Warszawa,eyes open,beta,0.11979821044828352
L-ITG→R-aSTG,CEN→DMN,Warszawa,eyes open,beta,0.016677708723233556
L-ITG→L-PREC,CEN→DMN,Warszawa,eyes open,beta,0.06499100201745876
L-ITG→R-PREC,CEN→DMN,Warszawa,eyes open,beta,0.06340585562678903
L-ITG→L-ANG,CEN→DMN,Warszawa,eyes open,beta,0.2712245060945843
L-ITG→R-ANG,CEN→DMN,Warszawa,eyes open,beta,0.08184303611396346
L-ITG→L-SFG,CEN→CEN,Warszawa,eyes open,beta,-0.08513385799989445
L-ITG→R-SFG,CEN→CEN,Warszawa,eyes open,beta,-0.15856663331615278
L-ITG→L-pSTG,CEN→CEN,Warszawa,eyes open,beta,-0.10367786667313879
L-ITG→R-pSTG,CEN→CEN,Warszawa,eyes open,beta,0.1727809565830001
L-ITG→R-ITG,CEN→CEN,Warszawa,eyes open,beta,0.07529559322484639
L-ITG→L-SUP,CEN→CEN,Warszawa,eyes open,beta,0.02285048187991934
L-ITG→R-SUP,CEN→CEN,Warszawa,eyes open,beta,0.13555637546940985
R-ITG→L-ACC,CEN→SN,Warszawa,eyes open,beta,0.10594596505441922
R-ITG→R-ACC,CEN→SN,Warszawa,eyes open,beta,0.28939007744969497
R-ITG→L-INS,CEN→SN,Warszawa,eyes open,beta,-0.054789116534585534
R-ITG→R-INS,CEN→SN,Warszawa,eyes open,beta,-0.004755439172009177
R-ITG→L-IFG,CEN→DMN,Warszawa,eyes open,beta,0.11458025055954885
R-ITG→R-IFG,CEN→CEN,Warszawa,eyes open,beta,0.07842054157622141
R-ITG→L-mPFC,CEN→DMN,Warszawa,eyes open,beta,0.12896515122756289
R-ITG→R-mPFC,CEN→DMN,Warszawa,eyes open,beta,0.24610849039791569
R-ITG→L-aSTG,CEN→DMN,Warszawa,eyes open,beta,0.02002537364889009
R-ITG→R-aSTG,CEN→DMN,Warszawa,eyes open,beta,0.03383324762254792
R-ITG→L-PREC,CEN→DMN,Warszawa,eyes open,beta,0.07450188036147712
R-ITG→R-PREC,CEN→DMN,Warszawa,eyes open,beta,0.10936934839009205
R-ITG→L-ANG,CEN→DMN,Warszawa,eyes open,beta,0.14058753230389867
R-ITG→R-ANG,CEN→DMN,Warszawa,eyes open,beta,0.3187746878553905
R-ITG→L-SFG,CEN→CEN,Warszawa,eyes open,beta,0.03493841073067773
R-ITG→R-SFG,CEN→CEN,Warszawa,eyes open,beta,0.008686841714360101
R-ITG→L-pSTG,CEN→CEN,Warszawa,eyes open,beta,0.03696259556211057
R-ITG→R-pSTG,CEN→CEN,Warszawa,eyes open,beta,0.2537157550293884
R-ITG→L-ITG,CEN→CEN,Warszawa,eyes open,beta,-0.14875190896946935
R-ITG→L-SUP,CEN→CEN,Warszawa,eyes open,beta,-0.01632177277137096
R-ITG→R-SUP,CEN→CEN,Warszawa,eyes open,beta,0.043723731609760313
L-SUP→L-ACC,CEN→SN,Warszawa,eyes open,beta,0.011502179458699656
L-SUP→R-ACC,CEN→SN,Warszawa,eyes open,beta,0.08675361828080128
L-SUP→L-INS,CEN→SN,Warszawa,eyes open,beta,0.12323763705749631
L-SUP→R-INS,CEN→SN,Warszawa,eyes open,beta,-0.03311089533218237
L-SUP→L-IFG,CEN→DMN,Warszawa,eyes open,beta,0.051886204916726616
L-SUP→R-IFG,CEN→CEN,Warszawa,eyes open,beta,-0.16695979367248545
L-SUP→L-mPFC,CEN→DMN,Warszawa,eyes open,beta,0.18723240098142274
L-SUP→R-mPFC,CEN→DMN,Warszawa,eyes open,beta,0.013013872879077763
L-SUP→L-aSTG,CEN→DMN,Warszawa,eyes open,beta,-0.07006008120816579
L-SUP→R-aSTG,CEN→DMN,Warszawa,eyes open,beta,-0.08513104880072898
L-SUP→L-PREC,CEN→DMN,Warszawa,eyes open,beta,0.22480555251850137
L-SUP→R-PREC,CEN→DMN,Warszawa,eyes open,beta,0.027815010648760574
L-SUP→L-ANG,CEN→DMN,Warszawa,eyes open,beta,0.11666496308109651
L-SUP→R-ANG,CEN→DMN,Warszawa,eyes open,beta,0.04690894525754455
L-SUP→L-SFG,CEN→CEN,Warszawa,eyes open,beta,-0.16638394098953493
L-SUP→R-SFG,CEN→CEN,Warszawa,eyes open,beta,-0.22030034003379234
L-SUP→L-pSTG,CEN→CEN,Warszawa,eyes open,beta,-0.28911795340558216
L-SUP→R-pSTG,CEN→CEN,Warszawa,eyes open,beta,-0.08669274776838323
L-SUP→L-ITG,CEN→CEN,Warszawa,eyes open,beta,-0.15713862933880984
L-SUP→R-ITG,CEN→CEN,Warszawa,eyes open,beta,0.04746896094609881
L-SUP→R-SUP,CEN→CEN,Warszawa,eyes open,beta,-0.07699276302039815
R-SUP→L-ACC,CEN→SN,Warszawa,eyes open,beta,0.00792573195334863
R-SUP→R-ACC,CEN→SN,Warszawa,eyes open,beta,0.14334274864330684
R-SUP→L-INS,CEN→SN,Warszawa,eyes open,beta,0.10499013139145201
R-SUP→R-INS,CEN→SN,Warszawa,eyes open,beta,-0.008113740489243782
R-SUP→L-IFG,CEN→DMN,Warszawa,eyes open,beta,-0.16886275983506624
R-SUP→R-IFG,CEN→CEN,Warszawa,eyes open,beta,-0.09088438809880889
R-SUP→L-mPFC,CEN→DMN,Warszawa,eyes open,beta,-0.06254526034339274
R-SUP→R-mPFC,CEN→DMN,Warszawa,eyes open,beta,0.0808859774899143
R-SUP→L-aSTG,CEN→DMN,Warszawa,eyes open,beta,-0.02439750182371333
R-SUP→R-aSTG,CEN→DMN,Warszawa,eyes open,beta,-0.07975732794691257
R-SUP→L-PREC,CEN→DMN,Warszawa,eyes open,beta,0.023543547789870937
R-SUP→R-PREC,CEN→DMN,Warszawa,eyes open,beta,-0.007651667097285499
R-SUP→L-ANG,CEN→DMN,Warszawa,eyes open,beta,0.16596001790409504
R-SUP→R-ANG,CEN→DMN,Warszawa,eyes open,beta,0.16032644055583042
R-SUP→L-SFG,CEN→CEN,Warszawa,eyes open,beta,0.006949473371488081
R-SUP→R-SFG,CEN→CEN,Warszawa,eyes open,beta,0.014329461247506987
R-SUP→L-pSTG,CEN→CEN,Warszawa,eyes open,beta,0.020912144420325712
R-SUP→R-pSTG,CEN→CEN,Warszawa,eyes open,beta,0.16562366819363405
R-SUP→L-ITG,CEN→CEN,Warszawa,eyes open,beta,0.018932061141568826
R-SUP→R-ITG,CEN→CEN,Warszawa,eyes open,beta,0.04681408379492694
R-SUP→L-SUP,CEN→CEN,Warszawa,eyes open,beta,-0.1964031055013046
L-ACC→R-ACC,SN→SN,Warszawa,eyes open,delta,0.15633954261199912
L-ACC→L-INS,SN→SN,Warszawa,eyes open,delta,0.03324687494062647
L-ACC→R-INS,SN→SN,Warszawa,eyes open,delta,0.05389237016012752
L-ACC→L-IFG,SN→DMN,Warszawa,eyes open,delta,0.09140192751967736
L-ACC→R-IFG,SN→CEN,Warszawa,eyes open,delta,0.09550562817162968
L-ACC→L-mPFC,SN→DMN,Warszawa,eyes open,delta,-0.2253453859887647
L-ACC→R-mPFC,SN→DMN,Warszawa,eyes open,delta,0.2080744728786697
L-ACC→L-aSTG,SN→DMN,Warszawa,eyes open,delta,-0.044910308466772936
L-ACC→R-aSTG,SN→DMN,Warszawa,eyes open,delta,-0.10728167980222335
L-ACC→L-PREC,SN→DMN,Warszawa,eyes open,delta,0.23914456235978007
L-ACC→R-PREC,SN→DMN,Warszawa,eyes open,delta,-0.08860578548647303
L-ACC→L-ANG,SN→DMN,Warszawa,eyes open,delta,-0.05582485857720407
L-ACC→R-ANG,SN→DMN,Warszawa,eyes open,delta,0.10257490125371778
L-ACC→L-SFG,SN→CEN,Warszawa,eyes open,delta,-0.12108110291933624
L-ACC→R-SFG,SN→CEN,Warszawa,eyes open,delta,-0.17775322757276854
L-ACC→L-pSTG,SN→CEN,Warszawa,eyes open,delta,-0.022758556098981683
L-ACC→R-pSTG,SN→CEN,Warszawa,eyes open,delta,0.020383866217285457
L-ACC→L-ITG,SN→CEN,Warszawa,eyes open,delta,-0.20813301071658777
L-ACC→R-ITG,SN→CEN,Warszawa,eyes open,delta,0.021864423624369834
L-ACC→L-SUP,SN→CEN,Warszawa,eyes open,delta,0.16886275983506624
L-ACC→R-SUP,SN→CEN,Warszawa,eyes open,delta,0.017953950048508055
R-ACC→L-ACC,SN→SN,Warszawa,eyes open,delta,0.04107921235249877
R-ACC→L-INS,SN→SN,Warszawa,eyes open,delta,-0.19230439591680107
R-ACC→R-INS,SN→SN,Warszawa,eyes open,delta,0.004244256995733765
R-ACC→L-IFG,SN→DMN,Warszawa,eyes open,delta,-0.1925969187021773
R-ACC→R-IFG,SN→CEN,Warszawa,eyes open,delta,-0.015107931192408046
R-ACC→L-mPFC,SN→DMN,Warszawa,eyes open,delta,0.031100353723306117
R-ACC→R-mPFC,SN→DMN,Warszawa,eyes open,delta,-0.007586185366327228
R-ACC→L-aSTG,SN→DMN,Warszawa,eyes open,delta,0.11390400630154326
R-ACC→R-aSTG,SN→DMN,Warszawa,eyes open,delta,-0.19979735943028235
R-ACC→L-PREC,SN→DMN,Warszawa,eyes open,delta,-0.27736210949538614
R-ACC→R-PREC,SN→DMN,Warszawa,eyes open,delta,-0.24720725179364483
R-ACC→L-ANG,SN→DMN,Warszawa,eyes open,delta,-0.12895822392534187
R-ACC→R-ANG,SN→DMN,Warszawa,eyes open,delta,-0.09821317359237537
R-ACC→L-SFG,SN→CEN,Warszawa,eyes open,delta,0.20299948573528753
R-ACC→R-SFG,SN→CEN,Warszawa,eyes open,delta,-0.129899219383289
R-ACC→L-pSTG,SN→CEN,Warszawa,eyes open,delta,-0.15224961430146564
R-ACC→R-pSTG,SN→CEN,Warszawa,eyes open,delta,0.12500738486988502
R-ACC→L-ITG,SN→CEN,Warszawa,eyes open,delta,-0.2062444510071879
R-ACC→R-ITG,SN→CEN,Warszawa,eyes open,delta,0.1286307873298817
R-ACC→L-SUP,SN→CEN,Warszawa,eyes open,delta,0.038496381510199074
R-ACC→R-SUP,SN→CEN,Warszawa,eyes open,delta,-0.21567870592489036
L-INS→L-ACC,SN→SN,Warszawa,eyes open,delta,0.03311089533218237
L-INS→R-ACC,SN→SN,Warszawa,eyes open,delta,0.2856295618486759
L-INS→R-INS,SN→SN,Warszawa,eyes open,delta,0.05499312998265231
L-INS→L-IFG,SN→DMN,Warszawa,eyes open,delta,0.18896437682149436
L-INS→R-IFG,SN→CEN,Warszawa,eyes open,delta,0.15808428580304074
L-INS→L-mPFC,SN→DMN,Warszawa,eyes open,delta,0.07904214290152037
L-INS→R-mPFC,SN→DMN,Warszawa,eyes open,delta,0.1175167639538709
L-INS→L-aSTG,SN→DMN,Warszawa,eyes open,delta,-0.03437407516786466
L-INS→R-aSTG,SN→DMN,Warszawa,eyes open,delta,0.011118472482155703
L-INS→L-PREC,SN→DMN,Warszawa,eyes open,delta,0.027815010648760574
L-INS→R-PREC,SN→DMN,Warszawa,eyes open,delta,-0.032873469920751325
L-INS→L-ANG,SN→DMN,Warszawa,eyes open,delta,0.07318255106230342
L-INS→R-ANG,SN→DMN,Warszawa,eyes open,delta,-0.02618977155646831
L-INS→L-SFG,SN→CEN,Warszawa,eyes open,delta,0.2054006671011436
L-INS→R-SFG,SN→CEN,Warszawa,eyes open,delta,-0.16331262422996992
L-INS→L-pSTG,SN→CEN,Warszawa,eyes open,delta,0.014329461247506987
L-INS→R-pSTG,SN→CEN,Warszawa,eyes open,delta,-0.06312625355260537
L-INS→L-ITG,SN→CEN,Warszawa,eyes open,delta,-0.06124424331168033
L-INS→R-ITG,SN→CEN,Warszawa,eyes open,delta,0.17552420643188635
L-INS→L-SUP,SN→CEN,Warszawa,eyes open,delta,-0.05053768234912046
L-INS→R-SUP,SN→CEN,Warszawa,eyes open,delta,0.16121785099125768
R-INS→L-ACC,SN→SN,Warszawa,eyes open,delta,0.2677139563695997
R-INS→R-ACC,SN→SN,Warszawa,eyes open,delta,-0.10712333936199699
R-INS→L-INS,SN→SN,Warszawa,eyes open,delta,0.02618977155646831
R-INS→L-IFG,SN→DMN,Warszawa,eyes open,delta,-0.06980200127058257
R-INS→R-IFG,SN→CEN,Warszawa,eyes open,delta,-0.14012016241633157
R-INS→L-mPFC,SN→DMN,Warszawa,eyes open,delta,-0.1848822342626613
R-INS→R-mPFC,SN→DMN,Warszawa,eyes open,delta,-0.1598460983729259
R-INS→L-aSTG,SN→DMN,Warszawa,eyes open,delta,0.003383324762254792
R-INS→R-aSTG,SN→DMN,Warszawa,eyes open,delta,-0.1429429687242164
R-INS→L-PREC,SN→DMN,Warszawa,eyes open,delta,-0.22350564108443136
R-INS→R-PREC,SN→DMN,Warszawa,eyes open,delta,-0.10584135685796643
R-INS→L-ANG,SN→DMN,Warszawa,eyes open,delta,-0.026141903085600094
R-INS→R-ANG,SN→DMN,Warszawa,eyes open,delta,0.13094885778234153
R-INS→L-SFG,SN→CEN,Warszawa,eyes open,delta,0.10536368564343372
R-INS→R-SFG,SN→CEN,Warszawa,eyes open,delta,-0.012681908609988336
R-INS→L-pSTG,SN→CEN,Warszawa,eyes open,delta,0.0034747366857440405
R-INS→R-pSTG,SN→CEN,Warszawa,eyes open,delta,-0.07693245394712565
R-INS→L-ITG,SN→CEN,Warszawa,eyes open,delta,0.008215842470499755
R-INS→R-ITG,SN→CEN,Warszawa,eyes open,delta,0.10456761234240038
R-INS→L-SUP,SN→CEN,Warszawa,eyes open,delta,0.012643642277212047
R-INS→R-SUP,SN→CEN,Warszawa,eyes open,delta,0.003851713213805443
L-IFG→L-ACC,DMN→SN,Warszawa,eyes open,delta,0.09099144720592507
L-IFG→R-ACC,DMN→SN,Warszawa,eyes open,delta,0.2249540883383442
L-IFG→L-INS,DMN→SN,Warszawa,eyes open,delta,0.13570842710874265
L-IFG→R-INS,DMN→SN,Warszawa,eyes open,delta,0.044910308466772936
L-IFG→R-IFG,DMN→CEN,Warszawa,eyes open,delta,0.17279644445523132
L-IFG→L-mPFC,DMN→DMN,Warszawa,eyes open,delta,-0.03044992286029313
L-IFG→R-mPFC,DMN→DMN,Warszawa,eyes open,delta,0.10006946603400665
L-IFG→L-aSTG,DMN→DMN,Warszawa,eyes open,delta,-0.2101573426798067
L-IFG→R-aSTG,DMN→DMN,Warszawa,eyes open,delta,0.19520809318616647
L-IFG→L-PREC,DMN→DMN,Warszawa,eyes open,delta,-0.14083398477397224
L-IFG→R-PREC,DMN→DMN,Warszawa,eyes open,delta,0.2651714370092416
L-IFG→L-ANG,DMN→DMN,Warszawa,eyes open,delta,-0.02434122146773135
L-IFG→R-ANG,DMN→DMN,Warszawa,eyes open,delta,0.5172247438908171
L-IFG→L-SFG,DMN→CEN,Warszawa,eyes open,delta,-0.09450701609832347
L-IFG→R-SFG,DMN→CEN,Warszawa,eyes open,delta,-0.32328293486031234
L-IFG→L-pSTG,DMN→CEN,Warszawa,eyes open,delta,-0.2655909938370012
L-IFG→R-pSTG,DMN→CEN,Warszawa,eyes open,delta,0.009295623485055545
L-IFG→L-ITG,DMN→CEN,Warszawa,eyes open,delta,-0.24458026604944644
L-IFG→R-ITG,DMN→CEN,Warszawa,eyes open,delta,0.1337994511223349
L-IFG→L-SUP,DMN→CEN,Warszawa,eyes open,delta,-0.16068500904299549
L-IFG→R-SUP,DMN→CEN,Warszawa,eyes open,delta,0.19051292191716157
R-IFG→L-ACC,CEN→SN,Warszawa,eyes open,delta,-0.003698161459938482
R-IFG→R-ACC,CEN→SN,Warszawa,eyes open,delta,0.13652733773898973
R-IFG→L-INS,CEN→SN,Warszawa,eyes open,delta,0.20299459426981367
R-IFG→R-INS,CEN→SN,Warszawa,eyes open,delta,0.04130256477222602
R-IFG→L-IFG,CEN→DMN,Warszawa,eyes open,delta,0.3202199007439286
R-IFG→L-mPFC,CEN→DMN,Warszawa,eyes open,delta,0.18300992436849867
R-IFG→R-mPFC,CEN→DMN,Warszawa,eyes open,delta,0.12564711706853915
R-IFG→L-aSTG,CEN→DMN,Warszawa,eyes open,delta,-0.036484735200312424
R-IFG→R-aSTG,CEN→DMN,Warszawa,eyes open,delta,0.24976476409301085
R-IFG→L-PREC,CEN→DMN,Warszawa,eyes open,delta,-0.03260132520466999
R-IFG→R-PREC,CEN→DMN,Warszawa,eyes open,delta,0.11847798671941047
R-IFG→L-ANG,CEN→DMN,Warszawa,eyes open,delta,0.2255132060190555
R-IFG→R-ANG,CEN→DMN,Warszawa,eyes open,delta,-0.01597605386535342
R-IFG→L-SFG,CEN→CEN,Warszawa,eyes open,delta,0.21689824122119353
R-IFG→R-SFG,CEN→CEN,Warszawa,eyes open,delta,-0.06490403035635517
R-IFG→L-pSTG,CEN→CEN,Warszawa,eyes open,delta,0.19334896848915534
R-IFG→R-pSTG,CEN→CEN,Warszawa,eyes open,delta,0.15058471282260036
R-IFG→L-ITG,CEN→CEN,Warszawa,eyes open,delta,-0.23319065200889122
R-IFG→R-ITG,CEN→CEN,Warszawa,eyes open,delta,0.13432748143303597
R-IFG→L-SUP,CEN→CEN,Warszawa,eyes open,delta,0.06970714806775237
R-IFG→R-SUP,CEN→CEN,Warszawa,eyes open,delta,-0.02146693953705459
L-mPFC→L-ACC,DMN→SN,Warszawa,eyes open,delta,-0.1150167943117914
L-mPFC→R-ACC,DMN→SN,Warszawa,eyes open,delta,0.19454117382965055
L-mPFC→L-INS,DMN→SN,Warszawa,eyes open,delta,0.18723240098142274
L-mPFC→R-INS,DMN→SN,Warszawa,eyes open,delta,0.009272004336622168
L-mPFC→L-IFG,DMN→DMN,Warszawa,eyes open,delta,-0.15983788754422587
L-mPFC→R-IFG,DMN→CEN,Warszawa,eyes open,delta,-0.11094484379815445
L-mPFC→R-mPFC,DMN→DMN,Warszawa,eyes open,delta,0.37724659112089265
L-mPFC→L-aSTG,DMN→DMN,Warszawa,eyes open,delta,-0.15565861475017984
L-mPFC→R-aSTG,DMN→DMN,Warszawa,eyes open,delta,-0.014731746500513423
L-mPFC→L-PREC,DMN→DMN,Warszawa,eyes open,delta,0.0736587325025671
L-mPFC→R-PREC,DMN→DMN,Warszawa,eyes open,delta,0.06254526034339274
L-mPFC→L-ANG,DMN→DMN,Warszawa,eyes open,delta,0.07896012088301159
L-mPFC→R-ANG,DMN→DMN,Warszawa,eyes open,delta,0.02694618508006376
L-mPFC→L-SFG,DMN→CEN,Warszawa,eyes open,delta,-0.10747856732750513
L-mPFC→R-SFG,DMN→CEN,Warszawa,eyes open,delta,-0.10191933108642727
L-mPFC→L-pSTG,DMN→CEN,Warszawa,eyes open,delta,-0.07612480715073282
L-mPFC→R-pSTG,DMN→CEN,Warszawa,eyes open,delta,0.0
L-mPFC→L-ITG,DMN→CEN,Warszawa,eyes open,delta,-0.17616808239582119
L-mPFC→R-ITG,DMN→CEN,Warszawa,eyes open,delta,0.18074853435099458
L-mPFC→L-SUP,DMN→CEN,Warszawa,eyes open,delta,-0.06671083489293422
L-mPFC→R-SUP,DMN→CEN,Warszawa,eyes open,delta,-0.07018362291689512
R-mPFC→L-ACC,DMN→SN,Warszawa,eyes open,delta,0.09938374374713561
R-mPFC→R-ACC,DMN→SN,Warszawa,eyes open,delta,-0.10262779791094419
R-mPFC→L-INS,DMN→SN,Warszawa,eyes open,delta,-0.09485721437649813
R-mPFC→R-INS,DMN→SN,Warszawa,eyes open,delta,-0.18646662108123757
R-mPFC→L-IFG,DMN→DMN,Warszawa,eyes open,delta,0.0839921051131616
R-mPFC→R-IFG,DMN→CEN,Warszawa,eyes open,delta,-0.20894612248652422
R-mPFC→L-mPFC,DMN→DMN,Warszawa,eyes open,delta,-0.08495889281301557
R-mPFC→L-aSTG,DMN→DMN,Warszawa,eyes open,delta,-0.04373348503065487
R-mPFC→R-aSTG,DMN→DMN,Warszawa,eyes open,delta,-0.30788255336518605
R-mPFC→L-PREC,DMN→DMN,Warszawa,eyes open,delta,-0.31272630171696364
R-mPFC→R-PREC,DMN→DMN,Warszawa,eyes open,delta,-0.07887208771679764
R-mPFC→L-ANG,DMN→DMN,Warszawa,eyes open,delta,-0.044910308466772936
R-mPFC→R-ANG,DMN→DMN,Warszawa,eyes open,delta,-0.0799423619714777
R-mPFC→L-SFG,DMN→CEN,Warszawa,eyes open,delta,0.0008496326982147768
R-mPFC→R-SFG,DMN→CEN,Warszawa,eyes open,delta,-0.017129007699514653
R-mPFC→L-pSTG,DMN→CEN,Warszawa,eyes open,delta,-0.089658106199752
R-mPFC→R-pSTG,DMN→CEN,Warszawa,eyes open,delta,-0.10945420560093727
R-mPFC→L-ITG,DMN→CEN,Warszawa,eyes open,delta,-0.30359368523538505
R-mPFC→R-ITG,DMN→CEN,Warszawa,eyes open,delta,-0.27797893485952324
R-mPFC→L-SUP,DMN→CEN,Warszawa,eyes open,delta,-0.15319149320374084
R-mPFC→R-SUP,DMN→CEN,Warszawa,eyes open,delta,-0.022538168025677173
L-aSTG→L-ACC,DMN→SN,Warszawa,eyes open,delta,0.2584207124767718
L-aSTG→R-ACC,DMN→SN,Warszawa,eyes open,delta,0.22033889743577223
L-aSTG→L-INS,DMN→SN,Warszawa,eyes open,delta,0.23351894602697043
L-aSTG→R-INS,DMN→SN,Warszawa,eyes open,delta,0.1926091873614285
L-aSTG→L-IFG,DMN→DMN,Warszawa,eyes open,delta,-0.17436610297366986
L-aSTG→R-IFG,DMN→CEN,Warszawa,eyes open,delta,-0.09406495196720926
L-aSTG→L-mPFC,DMN→DMN,Warszawa,eyes open,delta,0.18902576061982054
L-aSTG→R-mPFC,DMN→DMN,Warszawa,eyes open,delta,0.06286874481895419
L-aSTG→R-aSTG,DMN→DMN,Warszawa,eyes open,delta,0.15509840445074902
L-aSTG→L-PREC,DMN→DMN,Warszawa,eyes open,delta,0.14919497887110214
L-aSTG→R-PREC,DMN→DMN,Warszawa,eyes open,delta,0.12444446688931782
L-aSTG→L-ANG,DMN→DMN,Warszawa,eyes open,delta,0.13749630067145863
L-aSTG→R-ANG,DMN→DMN,Warszawa,eyes open,delta,0.13317421662116172
L-aSTG→L-SFG,DMN→CEN,Warszawa,eyes open,delta,0.10367786667313879
L-aSTG→R-SFG,DMN→CEN,Warszawa,eyes open,delta,0.07227007113401207
L-aSTG→L-pSTG,DMN→CEN,Warszawa,eyes open,delta,0.0034853574033876186
L-aSTG→R-pSTG,DMN→CEN,Warszawa,eyes open,delta,0.05059749559124997
L-aSTG→L-ITG,DMN→CEN,Warszawa,eyes open,delta,0.09274128272911594
L-aSTG→R-ITG,DMN→CEN,Warszawa,eyes open,delta,-0.11118472482155703
L-aSTG→L-SUP,DMN→CEN,Warszawa,eyes open,delta,-0.04567488429043969
L-aSTG→R-SUP,DMN→CEN,Warszawa,eyes open,delta,0.056438971180325564
R-aSTG→L-ACC,DMN→SN,Warszawa,eyes open,delta,-0.06935815762622324
R-aSTG→R-ACC,DMN→SN,Warszawa,eyes open,delta,-0.036484735200312424
R-aSTG→L-INS,DMN→SN,Warszawa,eyes open,delta,0.052855544438717594
R-aSTG→R-INS,DMN→SN,Warszawa,eyes open,delta,0.05920818333945886
R-aSTG→L-IFG,DMN→DMN,Warszawa,eyes open,delta,0.2712245060945843
R-aSTG→R-IFG,DMN→CEN,Warszawa,eyes open,delta,-0.20459488473338444
R-aSTG→L-mPFC,DMN→DMN,Warszawa,eyes open,delta,0.17604840918974993
R-aSTG→R-mPFC,DMN→DMN,Warszawa,eyes open,delta,0.08749177615954333
R-aSTG→L-aSTG,DMN→DMN,Warszawa,eyes open,delta,-0.14674815962966786
R-aSTG→L-PREC,DMN→DMN,Warszawa,eyes open,delta,0.0026875700562059793
R-aSTG→R-PREC,DMN→DMN,Warszawa,eyes open,delta,-0.007436498788044437
R-aSTG→L-ANG,DMN→DMN,Warszawa,eyes open,delta,-0.04311389612810202
R-aSTG→R-ANG,DMN→DMN,Warszawa,eyes open,delta,0.13473733528569673
R-aSTG→L-SFG,DMN→CEN,Warszawa,eyes open,delta,0.012744490473221652
R-aSTG→R-SFG,DMN→CEN,Warszawa,eyes open,delta,0.1390800650493325
R-aSTG→L-pSTG,DMN→CEN,Warszawa,eyes open,delta,-0.006310687047189609
R-aSTG→R-pSTG,DMN→CEN,Warszawa,eyes open,delta,0.11730083290955971
R-aSTG→L-ITG,DMN→CEN,Warszawa,eyes open,delta,-0.18300992436849867
R-aSTG→R-ITG,DMN→CEN,Warszawa,eyes open,delta,-0.3883835100023568
R-aSTG→L-SUP,DMN→CEN,Warszawa,eyes open,delta,0.15563293906372044
R-aSTG→R-SUP,DMN→CEN,Warszawa,eyes open,delta,-0.033288074204064245
L-PREC→L-ACC,DMN→SN,Warszawa,eyes open,delta,0.1995573629647969
L-PREC→R-ACC,DMN→SN,Warszawa,eyes open,delta,0.12024483041687284
L-PREC→L-INS,DMN→SN,Warszawa,eyes open,delta,0.18169154017299888
L-PREC→R-INS,DMN→SN,Warszawa,eyes open,delta,-0.004929505482299853
L-PREC→L-IFG,DMN→DMN,Warszawa,eyes open,delta,-0.009345959680362545
L-PREC→R-IFG,DMN→CEN,Warszawa,eyes open,delta,-0.22366370400377392
L-PREC→L-mPFC,DMN→DMN,Warszawa,eyes open,delta,0.15871869730542915
L-PREC→R-mPFC,DMN→DMN,Warszawa,eyes open,delta,-0.055773740910333276
L-PREC→L-aSTG,DMN→DMN,Warszawa,eyes open,delta,-0.13832375007766065
L-PREC→R-aSTG,DMN→DMN,Warszawa,eyes open,delta,0.023683273335783545
L-PREC→R-PREC,DMN→DMN,Warszawa,eyes open,delta,0.08347989683624273
L-PREC→L-ANG,DMN→DMN,Warszawa,eyes open,delta,-0.1533557257490552
L-PREC→R-ANG,DMN→DMN,Warszawa,eyes open,delta,0.1538649078942513
L-PREC→L-SFG,DMN→CEN,Warszawa,eyes open,delta,-0.05424490121891687
L-PREC→R-SFG,DMN→CEN,Warszawa,eyes open,delta,-0.07296947040062485
L-PREC→L-pSTG,DMN→CEN,Warszawa,eyes open,delta,0.08796644381862459
L-PREC→R-pSTG,DMN→CEN,Warszawa,eyes open,delta,0.23424971182339974
L-PREC→L-ITG,DMN→CEN,Warszawa,eyes open,delta,-0.0838015931990975
L-PREC→R-ITG,DMN→CEN,Warszawa,eyes open,delta,0.10239550330424228
L-PREC→L-SUP,DMN→CEN,Warszawa,eyes open,delta,0.062343989385153016
L-PREC→R-SUP,DMN→CEN,Warszawa,eyes open,delta,0.007651667097285499
R-PREC→L-ACC,DMN→SN,Warszawa,eyes open,delta,0.08513104880072898
R-PREC→R-ACC,DMN→SN,Warszawa,eyes open,delta,-0.05763286560734438
R-PREC→L-INS,DMN→SN,Warszawa,eyes open,delta,0.11675947301348522
R-PREC→R-INS,DMN→SN,Warszawa,eyes open,delta,-0.04567488429043969
R-PREC→L-IFG,DMN→DMN,Warszawa,eyes open,delta,0.3954628282411359
R-PREC→R-IFG,DMN→CEN,Warszawa,eyes open,delta,0.10281804339993474
R-PREC→L-mPFC,DMN→DMN,Warszawa,eyes open,delta,0.24834807931320088
R-PREC→R-mPFC,DMN→DMN,Warszawa,eyes open,delta,0.25457200463388935
R-PREC→L-aSTG,DMN→DMN,Warszawa,eyes open,delta,-0.07923044809025473
R-PREC→R-aSTG,DMN→DMN,Warszawa,eyes open,delta,0.12488238204650542
R-PREC→L-PREC,DMN→DMN,Warszawa,eyes open,delta,0.11030090429680918
R-PREC→L-ANG,DMN→DMN,Warszawa,eyes open,delta,-0.0828914566752424
R-PREC→R-ANG,DMN→DMN,Warszawa,eyes open,delta,0.021991610954656148
R-PREC→L-SFG,DMN→CEN,Warszawa,eyes open,delta,0.03772465911208926
R-PREC→R-SFG,DMN→CEN,Warszawa,eyes open,delta,-0.18703196815545906
R-PREC→L-pSTG,DMN→CEN,Warszawa,eyes open,delta,-0.14072683577263365
R-PREC→R-pSTG,DMN→CEN,Warszawa,eyes open,delta,0.07609145165993002
R-PREC→L-ITG,DMN→CEN,Warszawa,eyes open,delta,-0.1003927336385999
R-PREC→R-ITG,DMN→CEN,Warszawa,eyes open,delta,-0.09944009207962122
R-PREC→L-SUP,DMN→CEN,Warszawa,eyes open,delta,0.07250586318343324
R-PREC→R-SUP,DMN→CEN,Warszawa,eyes open,delta,-0.2023899823649999
L-ANG→L-ACC,DMN→SN,Warszawa,eyes open,delta,-0.10303451539353219
L-ANG→R-ACC,DMN→SN,Warszawa,eyes open,delta,-0.06281718758948608
L-ANG→L-INS,DMN→SN,Warszawa,eyes open,delta,-0.018530787470259505
L-ANG→R-INS,DMN→SN,Warszawa,eyes open,delta,-0.14379130239582866
L-ANG→L-IFG,DMN→DMN,Warszawa,eyes open,delta,0.006766649524509584
L-ANG→R-IFG,DMN→CEN,Warszawa,eyes open,delta,-0.1924579000458108
L-ANG→L-mPFC,DMN→DMN,Warszawa,eyes open,delta,-0.028887849103540822
L-ANG→R-mPFC,DMN→DMN,Warszawa,eyes open,delta,-0.012643642277212047
L-ANG→L-aSTG,DMN→DMN,Warszawa,eyes open,delta,0.08551973606251102
L-ANG→R-aSTG,DMN→DMN,Warszawa,eyes open,delta,-0.16307092973828366
L-ANG→L-PREC,DMN→DMN,Warszawa,eyes open,delta,-0.05053768234912046
L-ANG→R-PREC,DMN→DMN,Warszawa,eyes open,delta,0.10145526887990669
L-ANG→R-ANG,DMN→DMN,Warszawa,eyes open,delta,0.04850441067036267
L-ANG→L-SFG,DMN→CEN,Warszawa,eyes open,delta,-0.09839013954483354
L-ANG→R-SFG,DMN→CEN,Warszawa,eyes open,delta,-0.10101882131507478
L-ANG→L-pSTG,DMN→CEN,Warszawa,eyes open,delta,-0.39328108489147495
L-ANG→R-pSTG,DMN→CEN,Warszawa,eyes open,delta,0.13432748143303597
L-ANG→L-ITG,DMN→CEN,Warszawa,eyes open,delta,0.13979047132184244
L-ANG→R-ITG,DMN→CEN,Warszawa,eyes open,delta,-0.17616808239582119
L-ANG→L-SUP,DMN→CEN,Warszawa,eyes open,delta,-0.2501656308485033
L-ANG→R-SUP,DMN→CEN,Warszawa,eyes open,delta,-0.023004358917399312
R-ANG→L-ACC,DMN→SN,Warszawa,eyes open,delta,-0.016732122273099982
R-ANG→R-ACC,DMN→SN,Warszawa,eyes open,delta,-0.010778474032025505
R-ANG→L-INS,DMN→SN,Warszawa,eyes open,delta,-0.01164613691022591
R-ANG→R-INS,DMN→SN,Warszawa,eyes open,delta,-0.04059989714705751
R-ANG→L-IFG,DMN→DMN,Warszawa,eyes open,delta,-0.10624642384544006
R-ANG→R-IFG,DMN→CEN,Warszawa,eyes open,delta,-0.09061929248807807
R-ANG→L-mPFC,DMN→DMN,Warszawa,eyes open,delta,-0.04347622325589497
R-ANG→R-mPFC,DMN→DMN,Warszawa,eyes open,delta,-0.15058910045789986
R-ANG→L-aSTG,DMN→DMN,Warszawa,eyes open,delta,-0.05205549151631105
R-ANG→R-aSTG,DMN→DMN,Warszawa,eyes open,delta,0.01643168494099951
R-ANG→L-PREC,DMN→DMN,Warszawa,eyes open,delta,0.19969700811807084
R-ANG→R-PREC,DMN→DMN,Warszawa,eyes open,delta,0.02694618508006376
R-ANG→L-ANG,DMN→DMN,Warszawa,eyes open,delta,0.11502179458699656
R-ANG→L-SFG,DMN→CEN,Warszawa,eyes open,delta,0.22261958599358378
R-ANG→R-SFG,DMN→CEN,Warszawa,eyes open,delta,-0.06355326802778981
R-ANG→L-pSTG,DMN→CEN,Warszawa,eyes open,delta,-0.10848980243783374
R-ANG→R-pSTG,DMN→CEN,Warszawa,eyes open,delta,0.027730656831589158
R-ANG→L-ITG,DMN→CEN,Warszawa,eyes open,delta,-0.11466631062955333
R-ANG→R-ITG,DMN→CEN,Warszawa,eyes open,delta,0.08165631211498496
R-ANG→L-SUP,DMN→CEN,Warszawa,eyes open,delta,0.0613511150013666
R-ANG→R-SUP,DMN→CEN,Warszawa,eyes open,delta,-0.009272004336622168
L-SFG→L-ACC,CEN→SN,Warszawa,eyes open,delta,-0.1442329263497209
L-SFG→R-ACC,CEN→SN,Warszawa,eyes open,delta,0.23982708591443305
L-SFG→L-INS,CEN→SN,Warszawa,eyes open,delta,0.09373292194174737
L-SFG→R-INS,CEN→SN,Warszawa,eyes open,delta,0.17717880783505038
L-SFG→L-IFG,CEN→DMN,Warszawa,eyes open,delta,0.022260960250808055
L-SFG→R-IFG,CEN→CEN,Warszawa,eyes open,delta,-0.09080085860427158
L-SFG→L-mPFC,CEN→DMN,Warszawa,eyes open,delta,-0.03000390294674129
L-SFG→R-mPFC,CEN→DMN,Warszawa,eyes open,delta,-0.04850313314411477
L-SFG→L-aSTG,CEN→DMN,Warszawa,eyes open,delta,-0.2108641229049509
L-SFG→R-aSTG,CEN→DMN,Warszawa,eyes open,delta,0.02876218821956954
L-SFG→L-PREC,CEN→DMN,Warszawa,eyes open,delta,-0.1727809565830001
L-SFG→R-PREC,CEN→DMN,Warszawa,eyes open,delta,0.038496381510199074
L-SFG→L-ANG,CEN→DMN,Warszawa,eyes open,delta,-0.002385462819853902
L-SFG→R-ANG,CEN→DMN,Warszawa,eyes open,delta,-0.03413183443474743
L-SFG→R-SFG,CEN→CEN,Warszawa,eyes open,delta,-0.24610849039791569
L-SFG→L-pSTG,CEN→CEN,Warszawa,eyes open,delta,-0.3439290157742788
L-SFG→R-pSTG,CEN→CEN,Warszawa,eyes open,delta,0.1821942203070887
L-SFG→L-ITG,CEN→CEN,Warszawa,eyes open,delta,-0.2753974947870892
L-SFG→R-ITG,CEN→CEN,Warszawa,eyes open,delta,0.09859010964599704
L-SFG→L-SUP,CEN→CEN,Warszawa,eyes open,delta,-0.265516487821453
L-SFG→R-SUP,CEN→CEN,Warszawa,eyes open,delta,0.05712620469979836
R-SFG→L-ACC,CEN→SN,Warszawa,eyes open,delta,-0.12024483041687284
R-SFG→R-ACC,CEN→SN,Warszawa,eyes open,delta,0.35524910003675314
R-SFG→L-INS,CEN→SN,Warszawa,eyes open,delta,0.0900273397253598
R-SFG→R-INS,CEN→SN,Warszawa,eyes open,delta,-0.09862040976225396
R-SFG→L-IFG,CEN→DMN,Warszawa,eyes open,delta,-0.0826349675788622
R-SFG→R-IFG,CEN→CEN,Warszawa,eyes open,delta,-0.12510767905251474
R-SFG→L-mPFC,CEN→DMN,Warszawa,eyes open,delta,-0.18242367600156212
R-SFG→R-mPFC,CEN→DMN,Warszawa,eyes open,delta,0.09481535954756656
R-SFG→L-aSTG,CEN→DMN,Warszawa,eyes open,delta,0.07612480715073282
R-SFG→R-aSTG,CEN→DMN,Warszawa,eyes open,delta,-0.03413183443474743
R-SFG→L-PREC,CEN→DMN,Warszawa,eyes open,delta,-0.05072468450143122
R-SFG→R-PREC,CEN→DMN,Warszawa,eyes open,delta,-0.15692949267630285
R-SFG→L-ANG,CEN→DMN,Warszawa,eyes open,delta,-0.09410464989146569
R-SFG→R-ANG,CEN→DMN,Warszawa,eyes open,delta,0.2519763153394848
R-SFG→L-SFG,CEN→CEN,Warszawa,eyes open,delta,0.02783039956496219
R-SFG→L-pSTG,CEN→CEN,Warszawa,eyes open,delta,0.17673338784227752
R-SFG→R-pSTG,CEN→CEN,Warszawa,eyes open,delta,-0.09520985394955862
R-SFG→L-ITG,CEN→CEN,Warszawa,eyes open,delta,-0.046681969795714456
R-SFG→R-ITG,CEN→CEN,Warszawa,eyes open,delta,-0.0862747814374972
R-SFG→L-SUP,CEN→CEN,Warszawa,eyes open,delta,0.016732122273099982
R-SFG→R-SUP,CEN→CEN,Warszawa,eyes open,delta,-0.187700386870766
L-pSTG→L-ACC,CEN→SN,Warszawa,eyes open,delta,0.14582334093051227
L-pSTG→R-ACC,CEN→SN,Warszawa,eyes open,delta,0.11850215171517901
L-pSTG→L-INS,CEN→SN,Warszawa,eyes open,delta,0.36360339016986437
L-pSTG→R-INS,CEN→SN,Warszawa,eyes open,delta,0.23177626732527662
L-pSTG→L-IFG,CEN→DMN,Warszawa,eyes open,delta,-0.08510638511318934
L-pSTG→R-IFG,CEN→CEN,Warszawa,eyes open,delta,-0.020806259464411975
L-pSTG→L-mPFC,CEN→DMN,Warszawa,eyes open,delta,-0.08034250452149774
L-pSTG→R-mPFC,CEN→DMN,Warszawa,eyes open,delta,-0.007950699499770848
L-pSTG→L-aSTG,CEN→DMN,Warszawa,eyes open,delta,0.16124140946985172
L-pSTG→R-aSTG,CEN→DMN,Warszawa,eyes open,delta,0.23332992616219303
L-pSTG→L-PREC,CEN→DMN,Warszawa,eyes open,delta,0.11621711128182811
L-pSTG→R-PREC,CEN→DMN,Warszawa,eyes open,delta,0.2852231902801113
L-pSTG→L-ANG,CEN→DMN,Warszawa,eyes open,delta,-0.07577192556041673
L-pSTG→R-ANG,CEN→DMN,Warszawa,eyes open,delta,0.2101573426798067
L-pSTG→L-SFG,CEN→CEN,Warszawa,eyes open,delta,0.1853162304364027
L-pSTG→R-SFG,CEN→CEN,Warszawa,eyes open,delta,-0.10562548858047917
L-pSTG→R-pSTG,CEN→CEN,Warszawa,eyes open,delta,0.07896012088301159
L-pSTG→L-ITG,CEN→CEN,Warszawa,eyes open,delta,0.04461899272826662
L-pSTG→R-ITG,CEN→CEN,Warszawa,eyes open,delta,0.02155694806405101
L-pSTG→L-SUP,CEN→CEN,Warszawa,eyes open,delta,-0.061532392415765295
L-pSTG→R-SUP,CEN→CEN,Warszawa,eyes open,delta,0.027886870455166638
R-pSTG→L-ACC,CEN→SN,Warszawa,eyes open,delta,0.17552420643188635
R-pSTG→R-ACC,CEN→SN,Warszawa,eyes open,delta,0.09187713388107421
R-pSTG→L-INS,CEN→SN,Warszawa,eyes open,delta,0.05019636681929995
R-pSTG→R-INS,CEN→SN,Warszawa,eyes open,delta,-0.17065917217373716
R-pSTG→L-IFG,CEN→DMN,Warszawa,eyes open,delta,-0.2123337619496726
R-pSTG→R-IFG,CEN→CEN,Warszawa,eyes open,delta,0.006766649524509584
R-pSTG→L-mPFC,CEN→DMN,Warszawa,eyes open,delta,-0.19134045312847564
R-pSTG→R-mPFC,CEN→DMN,Warszawa,eyes open,delta,0.04092151805698173
R-pSTG→L-aSTG,CEN→DMN,Warszawa,eyes open,delta,0.003623402459996668
R-pSTG→R-aSTG,CEN→DMN,Warszawa,eyes open,delta,-0.00993837437471356
R-pSTG→L-PREC,CEN→DMN,Warszawa,eyes open,delta,0.14717462715808347
R-pSTG→R-PREC,CEN→DMN,Warszawa,eyes open,delta,-0.09330106116991835
R-pSTG→L-ANG,CEN→DMN,Warszawa,eyes open,delta,-0.2872632007761289
R-pSTG→R-ANG,CEN→DMN,Warszawa,eyes open,delta,0.1690769069447406
R-pSTG→L-SFG,CEN→CEN,Warszawa,eyes open,delta,0.23852439573896284
R-pSTG→R-SFG,CEN→CEN,Warszawa,eyes open,delta,-0.025943102458363308
R-pSTG→L-pSTG,CEN→CEN,Warszawa,eyes open,delta,-0.0539191817955678
R-pSTG→L-ITG,CEN→CEN,Warszawa,eyes open,delta,-0.019928713529981674
R-pSTG→R-ITG,CEN→CEN,Warszawa,eyes open,delta,-0.24831255210147735
R-pSTG→L-SUP,CEN→CEN,Warszawa,eyes open,delta,-0.07344797747116931
R-pSTG→R-SUP,CEN→CEN,Warszawa,eyes open,delta,-0.05212105028616061
L-ITG→L-ACC,CEN→SN,Warszawa,eyes open,delta,0.15808100287749582
L-ITG→R-ACC,CEN→SN,Warszawa,eyes open,delta,0.15712216247590688
L-ITG→L-INS,CEN→SN,Warszawa,eyes open,delta,-0.13203999405827355
L-ITG→R-INS,CEN→SN,Warszawa,eyes open,delta,-0.06115159865185637
L-ITG→L-IFG,CEN→DMN,Warszawa,eyes open,delta,-0.0638375681688915
L-ITG→R-IFG,CEN→CEN,Warszawa,eyes open,delta,-0.07396322919876964
L-ITG→L-mPFC,CEN→DMN,Warszawa,eyes open,delta,0.0052495065695726
L-ITG→R-mPFC,CEN→DMN,Warszawa,eyes open,delta,0.072152368927474
L-ITG→L-aSTG,CEN→DMN,Warszawa,eyes open,delta,-0.07144982676944618
L-ITG→R-aSTG,CEN→DMN,Warszawa,eyes open,delta,-0.03961674580193108
L-ITG→L-PREC,CEN→DMN,Warszawa,eyes open,delta,0.04583210022381954
L-ITG→R-PREC,CEN→DMN,Warszawa,eyes open,delta,-0.18459717724729588
L-ITG→L-ANG,CEN→DMN,Warszawa,eyes open,delta,0.09236197118977188
L-ITG→R-ANG,CEN→DMN,Warszawa,eyes open,delta,0.07470683874349687
L-ITG→L-SFG,CEN→CEN,Warszawa,eyes open,delta,-0.03127263017169637
L-ITG→R-SFG,CEN→CEN,Warszawa,eyes open,delta,0.2566250046712594
L-ITG→L-pSTG,CEN→CEN,Warszawa,eyes open,delta,0.13638298501029592
L-ITG→R-pSTG,CEN→CEN,Warszawa,eyes open,delta,0.2858909424105299
L-ITG→R-ITG,CEN→CEN,Warszawa,eyes open,delta,0.03136821663048857
L-ITG→L-SUP,CEN→CEN,Warszawa,eyes open,delta,0.08364857768130285
L-ITG→R-SUP,CEN→CEN,Warszawa,eyes open,delta,-0.04733314103697578
R-ITG→L-ACC,CEN→SN,Warszawa,eyes open,delta,-0.08324104113399187
R-ITG→R-ACC,CEN→SN,Warszawa,eyes open,delta,0.10107536469824092
R-ITG→L-INS,CEN→SN,Warszawa,eyes open,delta,0.10826639239215334
R-ITG→R-INS,CEN→SN,Warszawa,eyes open,delta,-0.025149772741392844
R-ITG→L-IFG,CEN→DMN,Warszawa,eyes open,delta,-0.023683273335783545
R-ITG→R-IFG,CEN→CEN,Warszawa,eyes open,delta,-0.3313319872588304
R-ITG→L-mPFC,CEN→DMN,Warszawa,eyes open,delta,0.1925516697008663
R-ITG→R-mPFC,CEN→DMN,Warszawa,eyes open,delta,0.10119499118249994
R-ITG→L-aSTG,CEN→DMN,Warszawa,eyes open,delta,-0.021740414759980006
R-ITG→R-aSTG,CEN→DMN,Warszawa,eyes open,delta,-0.17026209760145797
R-ITG→L-PREC,CEN→DMN,Warszawa,eyes open,delta,0.3323362826541197
R-ITG→R-PREC,CEN→DMN,Warszawa,eyes open,delta,-0.0491395381107615
R-ITG→L-ANG,CEN→DMN,Warszawa,eyes open,delta,0.10454607450741044
R-ITG→R-ANG,CEN→DMN,Warszawa,eyes open,delta,0.22275512999519376
R-ITG→L-SFG,CEN→CEN,Warszawa,eyes open,delta,0.27185787746423423
R-ITG→R-SFG,CEN→CEN,Warszawa,eyes open,delta,-0.09060495576849281
R-ITG→L-pSTG,CEN→CEN,Warszawa,eyes open,delta,-0.16480483452909656
R-ITG→R-pSTG,CEN→CEN,Warszawa,eyes open,delta,-0.03127263017169637
R-ITG→L-ITG,CEN→CEN,Warszawa,eyes open,delta,-0.08887661378638427
R-ITG→L-SUP,CEN→CEN,Warszawa,eyes open,delta,-0.025149772741392844
R-ITG→R-SUP,CEN→CEN,Warszawa,eyes open,delta,0.11137756499759688
L-SUP→L-ACC,CEN→SN,Warszawa,eyes open,delta,0.1412934769728443
L-SUP→R-ACC,CEN→SN,Warszawa,eyes open,delta,0.14781635309132887
L-SUP→L-INS,CEN→SN,Warszawa,eyes open,delta,-0.060425712788686775
L-SUP→R-INS,CEN→SN,Warszawa,eyes open,delta,-0.010456072210162856
L-SUP→L-IFG,CEN→DMN,Warszawa,eyes open,delta,-0.05582485857720407
L-SUP→R-IFG,CEN→CEN,Warszawa,eyes open,delta,0.13143367340946216
L-SUP→L-mPFC,CEN→DMN,Warszawa,eyes open,delta,-0.007586185366327228
L-SUP→R-mPFC,CEN→DMN,Warszawa,eyes open,delta,0.13749630067145863
L-SUP→L-aSTG,CEN→DMN,Warszawa,eyes open,delta,-0.08749177615954333
L-SUP→R-aSTG,CEN→DMN,Warszawa,eyes open,delta,0.047052324945732846
L-SUP→L-PREC,CEN→DMN,Warszawa,eyes open,delta,0.2182244471654341
L-SUP→R-PREC,CEN→DMN,Warszawa,eyes open,delta,0.04438409893875232
L-SUP→L-ANG,CEN→DMN,Warszawa,eyes open,delta,0.14077002211601716
L-SUP→R-ANG,CEN→DMN,Warszawa,eyes open,delta,-0.004214547425737349
L-SUP→L-SFG,CEN→CEN,Warszawa,eyes open,delta,-0.02002537364889009
L-SUP→R-SFG,CEN→CEN,Warszawa,eyes open,delta,-0.0413174837894311
L-SUP→L-pSTG,CEN→CEN,Warszawa,eyes open,delta,-0.15250298941906662
L-SUP→R-pSTG,CEN→CEN,Warszawa,eyes open,delta,-0.07693245394712565
L-SUP→L-ITG,CEN→CEN,Warszawa,eyes open,delta,-0.17785390136611612
L-SUP→R-ITG,CEN→CEN,Warszawa,eyes open,delta,-0.09061929248807807
L-SUP→R-SUP,CEN→CEN,Warszawa,eyes open,delta,0.07950813191298761
R-SUP→L-ACC,CEN→SN,Warszawa,eyes open,delta,-0.10282716845963703
R-SUP→R-ACC,CEN→SN,Warszawa,eyes open,delta,-0.12816542387953211
R-SUP→L-INS,CEN→SN,Warszawa,eyes open,delta,0.1375752275788221
R-SUP→R-INS,CEN→SN,Warszawa,eyes open,delta,-0.008632244684098109
R-SUP→L-IFG,CEN→DMN,Warszawa,eyes open,delta,0.2222061762276008
R-SUP→R-IFG,CEN→CEN,Warszawa,eyes open,delta,0.07076873032233243
R-SUP→L-mPFC,CEN→DMN,Warszawa,eyes open,delta,0.020735114583623
R-SUP→R-mPFC,CEN→DMN,Warszawa,eyes open,delta,0.1519220027653856
R-SUP→L-aSTG,CEN→DMN,Warszawa,eyes open,delta,0.0
R-SUP→R-aSTG,CEN→DMN,Warszawa,eyes open,delta,0.08364857768130285
R-SUP→L-PREC,CEN→DMN,Warszawa,eyes open,delta,0.09208052217221707
R-SUP→R-PREC,CEN→DMN,Warszawa,eyes open,delta,-0.09481535954756656
R-SUP→L-ANG,CEN→DMN,Warszawa,eyes open,delta,0.14346875807410311
R-SUP→R-ANG,CEN→DMN,Warszawa,eyes open,delta,0.04356696754234523
R-SUP→L-SFG,CEN→CEN,Warszawa,eyes open,delta,0.09729262720083313
R-SUP→R-SFG,CEN→CEN,Warszawa,eyes open,delta,0.004755439172009177
R-SUP→L-pSTG,CEN→CEN,Warszawa,eyes open,delta,-0.037216572384802714
R-SUP→R-pSTG,CEN→CEN,Warszawa,eyes open,delta,0.09933268599654713
R-SUP→L-ITG,CEN→CEN,Warszawa,eyes open,delta,-0.32647398385590043
R-SUP→R-ITG,CEN→CEN,Warszawa,eyes open,delta,-0.017373683428720203
R-SUP→L-SUP,CEN→CEN,Warszawa,eyes open,delta,0.10826639239215334
L-ACC→R-ACC,SN→SN,Warszawa,eyes open,gamma,0.11885023740579324
L-ACC→L-INS,SN→SN,Warszawa,eyes open,gamma,0.029745995152177747
L-ACC→R-INS,SN→SN,Warszawa,eyes open,gamma,-0.044910308466772936
L-ACC→L-IFG,SN→DMN,Warszawa,eyes open,gamma,-0.03324687494062647
L-ACC→R-IFG,SN→CEN,Warszawa,eyes open,gamma,0.11173545759879666
L-ACC→L-mPFC,SN→DMN,Warszawa,eyes open,gamma,-0.041824288840651425
L-ACC→R-mPFC,SN→DMN,Warszawa,eyes open,gamma,0.06996148726724
L-ACC→L-aSTG,SN→DMN,Warszawa,eyes open,gamma,-0.006970714806775237
L-ACC→R-aSTG,SN→DMN,Warszawa,eyes open,gamma,-0.12948782871612413
L-ACC→L-PREC,SN→DMN,Warszawa,eyes open,gamma,0.15117150145719546
L-ACC→R-PREC,SN→DMN,Warszawa,eyes open,gamma,-0.0032737214445585387
L-ACC→L-ANG,SN→DMN,Warszawa,eyes open,gamma,0.21665633804476808
L-ACC→R-ANG,SN→DMN,Warszawa,eyes open,gamma,0.15208425298044506
L-ACC→L-SFG,SN→CEN,Warszawa,eyes open,gamma,-0.03170292781339452
L-ACC→R-SFG,SN→CEN,Warszawa,eyes open,gamma,-0.1537591998949634
L-ACC→L-pSTG,SN→CEN,Warszawa,eyes open,gamma,-0.23526162472866421
L-ACC→R-pSTG,SN→CEN,Warszawa,eyes open,gamma,0.1784832233654684
L-ACC→L-ITG,SN→CEN,Warszawa,eyes open,gamma,0.04318534983453757
L-ACC→R-ITG,SN→CEN,Warszawa,eyes open,gamma,0.042436609205564496
L-ACC→L-SUP,SN→CEN,Warszawa,eyes open,gamma,-0.08675361828080128
L-ACC→R-SUP,SN→CEN,Warszawa,eyes open,gamma,-0.014824629976207605
R-ACC→L-ACC,SN→SN,Warszawa,eyes open,gamma,-0.08084246592415602
R-ACC→L-INS,SN→SN,Warszawa,eyes open,gamma,0.11051377502989836
R-ACC→R-INS,SN→SN,Warszawa,eyes open,gamma,-0.18459717724729588
R-ACC→L-IFG,SN→DMN,Warszawa,eyes open,gamma,-0.028142508630198407
R-ACC→R-IFG,SN→CEN,Warszawa,eyes open,gamma,-0.0799766865797177
R-ACC→L-mPFC,SN→DMN,Warszawa,eyes open,gamma,0.013094885778234155
R-ACC→R-mPFC,SN→DMN,Warszawa,eyes open,gamma,-0.06758811322919389
R-ACC→L-aSTG,SN→DMN,Warszawa,eyes open,gamma,-0.12727933225726795
R-ACC→R-aSTG,SN→DMN,Warszawa,eyes open,gamma,0.037792875364298865
R-ACC→L-PREC,SN→DMN,Warszawa,eyes open,gamma,-0.1417180288998376
R-ACC→R-PREC,SN→DMN,Warszawa,eyes open,gamma,-0.00933639395914289
R-ACC→L-ANG,SN→DMN,Warszawa,eyes open,gamma,0.0638375681688915
R-ACC→R-ANG,SN→DMN,Warszawa,eyes open,gamma,-0.05599473674210773
R-ACC→L-SFG,SN→CEN,Warszawa,eyes open,gamma,0.031011016658100726
R-ACC→R-SFG,SN→CEN,Warszawa,eyes open,gamma,-0.23454472628772274
R-ACC→L-pSTG,SN→CEN,Warszawa,eyes open,gamma,-0.14392292346451874
R-ACC→R-pSTG,SN→CEN,Warszawa,eyes open,gamma,-0.08331467174238535
R-ACC→L-ITG,SN→CEN,Warszawa,eyes open,gamma,-0.22412051623049062
R-ACC→R-ITG,SN→CEN,Warszawa,eyes open,gamma,-0.2457176969388271
R-ACC→L-SUP,SN→CEN,Warszawa,eyes open,gamma,-0.041591160655387115
R-ACC→R-SUP,SN→CEN,Warszawa,eyes open,gamma,-0.11771773894935468
L-INS→L-ACC,SN→SN,Warszawa,eyes open,gamma,-0.1868268832217754
L-INS→R-ACC,SN→SN,Warszawa,eyes open,gamma,0.06658984932665012
L-INS→R-INS,SN→SN,Warszawa,eyes open,gamma,-0.02874259741873468
L-INS→L-IFG,SN→DMN,Warszawa,eyes open,gamma,0.05074987143382188
L-INS→R-IFG,SN→CEN,Warszawa,eyes open,gamma,-0.06428317048284105
L-INS→L-mPFC,SN→DMN,Warszawa,eyes open,gamma,-0.021864423624369834
L-INS→R-mPFC,SN→DMN,Warszawa,eyes open,gamma,0.1742412252561218
L-INS→L-aSTG,SN→DMN,Warszawa,eyes open,gamma,-0.26213658227856634
L-INS→R-aSTG,SN→DMN,Warszawa,eyes open,gamma,0.05012832919467183
L-INS→L-PREC,SN→DMN,Warszawa,eyes open,gamma,0.0766778628745276
L-INS→R-PREC,SN→DMN,Warszawa,eyes open,gamma,-0.1806863076586901
L-INS→L-ANG,SN→DMN,Warszawa,eyes open,gamma,0.08744809193962744
L-INS→R-ANG,SN→DMN,Warszawa,eyes open,gamma,-0.08559790509616519
L-INS→L-SFG,SN→CEN,Warszawa,eyes open,gamma,0.02788285922710095
L-INS→R-SFG,SN→CEN,Warszawa,eyes open,gamma,-0.15628787346436981
L-INS→L-pSTG,SN→CEN,Warszawa,eyes open,gamma,-0.4185640749103237
L-INS→R-pSTG,SN→CEN,Warszawa,eyes open,gamma,0.05892698600205369
L-INS→L-ITG,SN→CEN,Warszawa,eyes open,gamma,-0.05751089729349828
L-INS→R-ITG,SN→CEN,Warszawa,eyes open,gamma,-0.06917842177576315
L-INS→L-SUP,SN→CEN,Warszawa,eyes open,gamma,-0.10110629108755843
L-INS→R-SUP,SN→CEN,Warszawa,eyes open,gamma,0.013533299049019168
R-INS→L-ACC,SN→SN,Warszawa,eyes open,gamma,-0.0016368607222792693
R-INS→R-ACC,SN→SN,Warszawa,eyes open,gamma,-0.034853574033876185
R-INS→L-INS,SN→SN,Warszawa,eyes open,gamma,0.0845831190563698
R-INS→L-IFG,SN→DMN,Warszawa,eyes open,gamma,-0.13377736240114554
R-INS→R-IFG,SN→CEN,Warszawa,eyes open,gamma,-0.1375752275788221
R-INS→L-mPFC,SN→DMN,Warszawa,eyes open,gamma,-0.17598834323756649
R-INS→R-mPFC,SN→DMN,Warszawa,eyes open,gamma,-0.08212000149480302
R-INS→L-aSTG,SN→DMN,Warszawa,eyes open,gamma,0.01532595425746048
R-INS→R-aSTG,SN→DMN,Warszawa,eyes open,gamma,-0.07693245394712565
R-INS→L-PREC,SN→DMN,Warszawa,eyes open,gamma,0.12948782871612413
R-INS→R-PREC,SN→DMN,Warszawa,eyes open,gamma,-0.009345959680362545
R-INS→L-ANG,SN→DMN,Warszawa,eyes open,gamma,0.0018672787918285782
R-INS→R-ANG,SN→DMN,Warszawa,eyes open,gamma,0.0736587325025671
R-INS→L-SFG,SN→CEN,Warszawa,eyes open,gamma,0.019021756688036708
R-INS→R-SFG,SN→CEN,Warszawa,eyes open,gamma,-0.09550562817162968
R-INS→L-pSTG,SN→CEN,Warszawa,eyes open,gamma,-0.08049243406677986
R-INS→R-pSTG,SN→CEN,Warszawa,eyes open,gamma,0.017701099188096866
R-INS→L-ITG,SN→CEN,Warszawa,eyes open,gamma,0.06651912098826565
R-INS→R-ITG,SN→CEN,Warszawa,eyes open,gamma,-0.018005467945071962
R-INS→L-SUP,SN→CEN,Warszawa,eyes open,gamma,0.01694454693367623
R-INS→R-SUP,SN→CEN,Warszawa,eyes open,gamma,0.0892416116827342
L-IFG→L-ACC,DMN→SN,Warszawa,eyes open,gamma,-0.22329943430881627
L-IFG→R-ACC,DMN→SN,Warszawa,eyes open,gamma,-0.04313157401299405
L-IFG→L-INS,DMN→SN,Warszawa,eyes open,gamma,0.12931199706006224
L-IFG→R-INS,DMN→SN,Warszawa,eyes open,gamma,0.1679842102263232
L-IFG→R-IFG,DMN→CEN,Warszawa,eyes open,gamma,-0.09524877182166408
L-IFG→L-mPFC,DMN→DMN,Warszawa,eyes open,gamma,0.11608784809956843
L-IFG→R-mPFC,DMN→DMN,Warszawa,eyes open,gamma,0.04356696754234523
L-IFG→L-aSTG,DMN→DMN,Warszawa,eyes open,gamma,-0.11130979299679189
L-IFG→R-aSTG,DMN→DMN,Warszawa,eyes open,gamma,-0.008713393508469046
L-IFG→L-PREC,DMN→DMN,Warszawa,eyes open,gamma,-0.0866718157880251
L-IFG→R-PREC,DMN→DMN,Warszawa,eyes open,gamma,0.02537493571691094
L-IFG→L-ANG,DMN→DMN,Warszawa,eyes open,gamma,0.023683273335783545
L-IFG→R-ANG,DMN→DMN,Warszawa,eyes open,gamma,0.2776954755028917
L-IFG→L-SFG,DMN→CEN,Warszawa,eyes open,gamma,0.03995947188605647
L-IFG→R-SFG,DMN→CEN,Warszawa,eyes open,gamma,-0.1516130470473614
L-IFG→L-pSTG,DMN→CEN,Warszawa,eyes open,gamma,-0.2745041981737792
L-IFG→R-pSTG,DMN→CEN,Warszawa,eyes open,gamma,0.003851713213805443
L-IFG→L-ITG,DMN→CEN,Warszawa,eyes open,gamma,-0.15425243578198697
L-IFG→R-ITG,DMN→CEN,Warszawa,eyes open,gamma,-0.03044992286029313
L-IFG→L-SUP,DMN→CEN,Warszawa,eyes open,gamma,-0.1866021223398367
L-IFG→R-SUP,DMN→CEN,Warszawa,eyes open,gamma,-0.22725107961452115
R-IFG→L-ACC,CEN→SN,Warszawa,eyes open,gamma,0.1364871708088876
R-IFG→R-ACC,CEN→SN,Warszawa,eyes open,gamma,0.341121183239108
R-IFG→L-INS,CEN→SN,Warszawa,eyes open,gamma,0.03361101825291441
R-IFG→R-INS,CEN→SN,Warszawa,eyes open,gamma,-0.029625537928794753
R-IFG→L-IFG,CEN→DMN,Warszawa,eyes open,gamma,-0.022940082851798972
R-IFG→L-mPFC,CEN→DMN,Warszawa,eyes open,gamma,-0.03995947188605647
R-IFG→R-mPFC,CEN→DMN,Warszawa,eyes open,gamma,0.26947467057139346
R-IFG→L-aSTG,CEN→DMN,Warszawa,eyes open,gamma,0.04710423197995668
R-IFG→R-aSTG,CEN→DMN,Warszawa,eyes open,gamma,-0.011458025055954885
R-IFG→L-PREC,CEN→DMN,Warszawa,eyes open,gamma,0.0845831190563698
R-IFG→R-PREC,CEN→DMN,Warszawa,eyes open,gamma,-0.16942480651464142
R-IFG→L-ANG,CEN→DMN,Warszawa,eyes open,gamma,0.13145347952799608
R-IFG→R-ANG,CEN→DMN,Warszawa,eyes open,gamma,-0.049105821668378076
R-IFG→L-SFG,CEN→CEN,Warszawa,eyes open,gamma,0.023683273335783545
R-IFG→R-SFG,CEN→CEN,Warszawa,eyes open,gamma,0.015636315085848184
R-IFG→L-pSTG,CEN→CEN,Warszawa,eyes open,gamma,0.013941429613550474
R-IFG→R-pSTG,CEN→CEN,Warszawa,eyes open,gamma,0.2131494600220519
R-IFG→L-ITG,CEN→CEN,Warszawa,eyes open,gamma,-0.021991610954656148
R-IFG→R-ITG,CEN→CEN,Warszawa,eyes open,gamma,-0.09510878344018356
R-IFG→L-SUP,CEN→CEN,Warszawa,eyes open,gamma,-0.08324104113399187
R-IFG→R-SUP,CEN→CEN,Warszawa,eyes open,gamma,-0.017701099188096866
L-mPFC→L-ACC,DMN→SN,Warszawa,eyes open,gamma,-0.08581290251969245
L-mPFC→R-ACC,DMN→SN,Warszawa,eyes open,gamma,-0.053103297564290594
L-mPFC→L-INS,DMN→SN,Warszawa,eyes open,gamma,0.14829095873150955
L-mPFC→R-INS,DMN→SN,Warszawa,eyes open,gamma,-0.02537493571691094
L-mPFC→L-IFG,DMN→DMN,Warszawa,eyes open,gamma,-0.055654896498395945
L-mPFC→R-IFG,DMN→CEN,Warszawa,eyes open,gamma,-0.18378862526897244
L-mPFC→R-mPFC,DMN→DMN,Warszawa,eyes open,gamma,0.11556551241685711
L-mPFC→L-aSTG,DMN→DMN,Warszawa,eyes open,gamma,-0.07302366440319404
L-mPFC→R-aSTG,DMN→DMN,Warszawa,eyes open,gamma,-0.01691662381127396
L-mPFC→L-PREC,DMN→DMN,Warszawa,eyes open,gamma,0.10367786667313879
L-mPFC→R-PREC,DMN→DMN,Warszawa,eyes open,gamma,-0.12483922090568753
L-mPFC→L-ANG,DMN→DMN,Warszawa,eyes open,gamma,0.0862747814374972
L-mPFC→R-ANG,DMN→DMN,Warszawa,eyes open,gamma,0.040568702446218914
L-mPFC→L-SFG,DMN→CEN,Warszawa,eyes open,gamma,0.18479352545983005
L-mPFC→R-SFG,DMN→CEN,Warszawa,eyes open,gamma,-0.17448226342552625
L-mPFC→L-pSTG,DMN→CEN,Warszawa,eyes open,gamma,-0.19343733588801282
L-mPFC→R-pSTG,DMN→CEN,Warszawa,eyes open,gamma,-0.0017964123386709175
L-mPFC→L-ITG,DMN→CEN,Warszawa,eyes open,gamma,-0.04690894525754455
L-mPFC→R-ITG,DMN→CEN,Warszawa,eyes open,gamma,0.006766649524509584
L-mPFC→L-SUP,DMN→CEN,Warszawa,eyes open,gamma,-0.11327411561009759
L-mPFC→R-SUP,DMN→CEN,Warszawa,eyes open,gamma,-0.2582437645333856
R-mPFC→L-ACC,DMN→SN,Warszawa,eyes open,gamma,-0.07038501105800858
R-mPFC→R-ACC,DMN→SN,Warszawa,eyes open,gamma,-0.05748519483746936
R-mPFC→L-INS,DMN→SN,Warszawa,eyes open,gamma,0.3143711882322143
R-mPFC→R-INS,DMN→SN,Warszawa,eyes open,gamma,-0.26897431859925597
R-mPFC→L-IFG,DMN→DMN,Warszawa,eyes open,gamma,0.11957228117989004
R-mPFC→R-IFG,DMN→CEN,Warszawa,eyes open,gamma,-0.19470507454132405
R-mPFC→L-mPFC,DMN→DMN,Warszawa,eyes open,gamma,-0.08160886385685479
R-mPFC→L-aSTG,DMN→DMN,Warszawa,eyes open,gamma,-0.1516130470473614
R-mPFC→R-aSTG,DMN→DMN,Warszawa,eyes open,gamma,-0.06040229030881483
R-mPFC→L-PREC,DMN→DMN,Warszawa,eyes open,gamma,-0.08581290251969245
R-mPFC→R-PREC,DMN→DMN,Warszawa,eyes open,gamma,-0.10826639239215334
R-mPFC→L-ANG,DMN→DMN,Warszawa,eyes open,gamma,0.09134976858087938
R-mPFC→R-ANG,DMN→DMN,Warszawa,eyes open,gamma,-0.08349119869488657
R-mPFC→L-SFG,DMN→CEN,Warszawa,eyes open,gamma,-0.19969700811807084
R-mPFC→R-SFG,DMN→CEN,Warszawa,eyes open,gamma,-0.23854338429673394
R-mPFC→L-pSTG,DMN→CEN,Warszawa,eyes open,gamma,-0.18298126367784995
R-mPFC→R-pSTG,DMN→CEN,Warszawa,eyes open,gamma,-0.08860578548647303
R-mPFC→L-ITG,DMN→CEN,Warszawa,eyes open,gamma,-0.04108013342022872
R-mPFC→R-ITG,DMN→CEN,Warszawa,eyes open,gamma,-0.2230628738168076
R-mPFC→L-SUP,DMN→CEN,Warszawa,eyes open,gamma,-0.02136119042329936
R-mPFC→R-SUP,DMN→CEN,Warszawa,eyes open,gamma,-0.24485334711313597
L-aSTG→L-ACC,DMN→SN,Warszawa,eyes open,gamma,0.0661805425780855
L-aSTG→R-ACC,DMN→SN,Warszawa,eyes open,gamma,0.2131040559079843
L-aSTG→L-INS,DMN→SN,Warszawa,eyes open,gamma,0.14421230771175653
L-aSTG→R-INS,DMN→SN,Warszawa,eyes open,gamma,-0.053813823519705
L-aSTG→L-IFG,DMN→DMN,Warszawa,eyes open,gamma,-0.06222223344465891
L-aSTG→R-IFG,DMN→CEN,Warszawa,eyes open,gamma,-0.050742682390657344
L-aSTG→L-mPFC,DMN→DMN,Warszawa,eyes open,gamma,0.15636315085848182
L-aSTG→R-mPFC,DMN→DMN,Warszawa,eyes open,gamma,0.28037481023942407
L-aSTG→R-aSTG,DMN→DMN,Warszawa,eyes open,gamma,0.026060525143080306
L-aSTG→L-PREC,DMN→DMN,Warszawa,eyes open,gamma,0.19871332313129397
L-aSTG→R-PREC,DMN→DMN,Warszawa,eyes open,gamma,0.04373348503065487
L-aSTG→L-ANG,DMN→DMN,Warszawa,eyes open,gamma,0.12895822392534187
L-aSTG→R-ANG,DMN→DMN,Warszawa,eyes open,gamma,0.05059749559124997
L-aSTG→L-SFG,DMN→CEN,Warszawa,eyes open,gamma,-0.09687296812154544
L-aSTG→R-SFG,DMN→CEN,Warszawa,eyes open,gamma,0.13342166978586845
L-aSTG→L-pSTG,DMN→CEN,Warszawa,eyes open,gamma,0.10936906558005696
L-aSTG→R-pSTG,DMN→CEN,Warszawa,eyes open,gamma,-0.05222967286838706
L-aSTG→L-ITG,DMN→CEN,Warszawa,eyes open,gamma,-0.029625537928794753
L-aSTG→R-ITG,DMN→CEN,Warszawa,eyes open,gamma,-0.040313550843089685
L-aSTG→L-SUP,DMN→CEN,Warszawa,eyes open,gamma,0.05413319619607667
L-aSTG→R-SUP,DMN→CEN,Warszawa,eyes open,gamma,-0.13873506855665316
R-aSTG→L-ACC,DMN→SN,Warszawa,eyes open,gamma,-0.2128697822684579
R-aSTG→R-ACC,DMN→SN,Warszawa,eyes open,gamma,0.09759000729485331
R-aSTG→L-INS,DMN→SN,Warszawa,eyes open,gamma,0.17088952338639488
R-aSTG→R-INS,DMN→SN,Warszawa,eyes open,gamma,0.040552867937516335
R-aSTG→L-IFG,DMN→DMN,Warszawa,eyes open,gamma,0.06259150810171366
R-aSTG→R-IFG,DMN→CEN,Warszawa,eyes open,gamma,0.001691662381127396
R-aSTG→L-mPFC,DMN→DMN,Warszawa,eyes open,gamma,0.07470683874349687
R-aSTG→R-mPFC,DMN→DMN,Warszawa,eyes open,gamma,0.23447796010757616
R-aSTG→L-aSTG,DMN→DMN,Warszawa,eyes open,gamma,-0.17784482152842082
R-aSTG→L-PREC,DMN→DMN,Warszawa,eyes open,gamma,0.21381522330495953
R-aSTG→R-PREC,DMN→DMN,Warszawa,eyes open,gamma,-0.07818157542924091
R-aSTG→L-ANG,DMN→DMN,Warszawa,eyes open,gamma,-0.11221918089327543
R-aSTG→R-ANG,DMN→DMN,Warszawa,eyes open,gamma,0.0026875700562059793
R-aSTG→L-SFG,DMN→CEN,Warszawa,eyes open,gamma,0.13070090262703568
R-aSTG→R-SFG,DMN→CEN,Warszawa,eyes open,gamma,0.21606561534086352
R-aSTG→L-pSTG,DMN→CEN,Warszawa,eyes open,gamma,-0.2519763153394848
R-aSTG→R-pSTG,DMN→CEN,Warszawa,eyes open,gamma,0.14717462715808347
R-aSTG→L-ITG,DMN→CEN,Warszawa,eyes open,gamma,-0.20674683280177042
R-aSTG→R-ITG,DMN→CEN,Warszawa,eyes open,gamma,0.10995805477328074
R-aSTG→L-SUP,DMN→CEN,Warszawa,eyes open,gamma,-0.14919497887110214
R-aSTG→R-SUP,DMN→CEN,Warszawa,eyes open,gamma,-0.060390559254072544
L-PREC→L-ACC,DMN→SN,Warszawa,eyes open,gamma,-0.15610100693949533
L-PREC→R-ACC,DMN→SN,Warszawa,eyes open,gamma,-0.25539314640218697
L-PREC→L-INS,DMN→SN,Warszawa,eyes open,gamma,0.11390400630154326
L-PREC→R-INS,DMN→SN,Warszawa,eyes open,gamma,-0.12483922090568753
L-PREC→L-IFG,DMN→DMN,Warszawa,eyes open,gamma,-0.026290695905599213
L-PREC→R-IFG,DMN→CEN,Warszawa,eyes open,gamma,-0.07443314476960543
L-PREC→L-mPFC,DMN→DMN,Warszawa,eyes open,gamma,-0.03455928889104626
L-PREC→R-mPFC,DMN→DMN,Warszawa,eyes open,gamma,-0.03499671046381734
L-PREC→L-aSTG,DMN→DMN,Warszawa,eyes open,gamma,-0.0632102396983777
L-PREC→R-aSTG,DMN→DMN,Warszawa,eyes open,gamma,0.07274148238847802
L-PREC→R-PREC,DMN→DMN,Warszawa,eyes open,gamma,-0.11458025055954885
L-PREC→L-ANG,DMN→DMN,Warszawa,eyes open,gamma,0.024552910834189038
L-PREC→R-ANG,DMN→DMN,Warszawa,eyes open,gamma,-0.014329461247506987
L-PREC→L-SFG,DMN→CEN,Warszawa,eyes open,gamma,-0.07239942780752572
L-PREC→R-SFG,DMN→CEN,Warszawa,eyes open,gamma,-0.21875020191242214
L-PREC→L-pSTG,DMN→CEN,Warszawa,eyes open,gamma,-0.3684215836196845
L-PREC→R-pSTG,DMN→CEN,Warszawa,eyes open,gamma,0.1691662381127396
L-PREC→L-ITG,DMN→CEN,Warszawa,eyes open,gamma,-0.36160816912826454
L-PREC→R-ITG,DMN→CEN,Warszawa,eyes open,gamma,-0.032873469920751325
L-PREC→L-SUP,DMN→CEN,Warszawa,eyes open,gamma,-0.06766649524509584
L-PREC→R-SUP,DMN→CEN,Warszawa,eyes open,gamma,-0.07856931466940492
R-PREC→L-ACC,DMN→SN,Warszawa,eyes open,gamma,-0.12522656486290834
R-PREC→R-ACC,DMN→SN,Warszawa,eyes open,gamma,0.0017426787016938093
R-PREC→L-INS,DMN→SN,Warszawa,eyes open,gamma,0.14071254315099205
R-PREC→R-INS,DMN→SN,Warszawa,eyes open,gamma,-0.18033509561007757
R-PREC→L-IFG,DMN→DMN,Warszawa,eyes open,gamma,0.07302366440319404
R-PREC→R-IFG,DMN→CEN,Warszawa,eyes open,gamma,-0.20951817245174648
R-PREC→L-mPFC,DMN→DMN,Warszawa,eyes open,gamma,-0.10262779791094419
R-PREC→R-mPFC,DMN→DMN,Warszawa,eyes open,gamma,0.2486743700257272
R-PREC→L-aSTG,DMN→DMN,Warszawa,eyes open,gamma,-0.02973714443751719
R-PREC→R-aSTG,DMN→DMN,Warszawa,eyes open,gamma,-0.08524162236319373
R-PREC→L-PREC,DMN→DMN,Warszawa,eyes open,gamma,-0.12444446688931782
R-PREC→L-ANG,DMN→DMN,Warszawa,eyes open,gamma,0.015684108315244284
R-PREC→R-ANG,DMN→DMN,Warszawa,eyes open,gamma,0.09493792189219762
R-PREC→L-SFG,DMN→CEN,Warszawa,eyes open,gamma,-0.21556948064051007
R-PREC→R-SFG,DMN→CEN,Warszawa,eyes open,gamma,-0.09693459079195903
R-PREC→L-pSTG,DMN→CEN,Warszawa,eyes open,gamma,-0.16706634749639532
R-PREC→R-pSTG,DMN→CEN,Warszawa,eyes open,gamma,0.13779346458867325
R-PREC→L-ITG,DMN→CEN,Warszawa,eyes open,gamma,-0.3704740614668997
R-PREC→R-ITG,DMN→CEN,Warszawa,eyes open,gamma,-0.041824288840651425
R-PREC→L-SUP,DMN→CEN,Warszawa,eyes open,gamma,0.01964232866735123
R-PREC→R-SUP,DMN→CEN,Warszawa,eyes open,gamma,-0.036730124101481715
L-ANG→L-ACC,DMN→SN,Warszawa,eyes open,gamma,-0.13551473074401757
L-ANG→R-ACC,DMN→SN,Warszawa,eyes open,gamma,0.11432894131018102
L-ANG→L-INS,DMN→SN,Warszawa,eyes open,gamma,-0.12440141489322447
L-ANG→R-INS,DMN→SN,Warszawa,eyes open,gamma,-0.10312222550359396
L-ANG→L-IFG,DMN→DMN,Warszawa,eyes open,gamma,-0.16519098466970117
L-ANG→R-IFG,DMN→CEN,Warszawa,eyes open,gamma,-0.13790773598826614
L-ANG→L-mPFC,DMN→DMN,Warszawa,eyes open,gamma,0.012744490473221652
L-ANG→R-mPFC,DMN→DMN,Warszawa,eyes open,gamma,-0.125593513286973
L-ANG→L-aSTG,DMN→DMN,Warszawa,eyes open,gamma,-0.12170610733865675
L-ANG→R-aSTG,DMN→DMN,Warszawa,eyes open,gamma,-0.19339342827393985
L-ANG→L-PREC,DMN→DMN,Warszawa,eyes open,gamma,-0.034191633751239264
L-ANG→R-PREC,DMN→DMN,Warszawa,eyes open,gamma,-0.11676680201360963
L-ANG→R-ANG,DMN→DMN,Warszawa,eyes open,gamma,-0.01749835523190867
L-ANG→L-SFG,DMN→CEN,Warszawa,eyes open,gamma,-0.016015280217801926
L-ANG→R-SFG,DMN→CEN,Warszawa,eyes open,gamma,-0.2774701371133063
L-ANG→L-pSTG,DMN→CEN,Warszawa,eyes open,gamma,-0.3283626168028118
L-ANG→R-pSTG,DMN→CEN,Warszawa,eyes open,gamma,-0.020848420114464243
L-ANG→L-ITG,DMN→CEN,Warszawa,eyes open,gamma,-0.1940125325764591
L-ANG→R-ITG,DMN→CEN,Warszawa,eyes open,gamma,-0.29754704825705686
L-ANG→L-SUP,DMN→CEN,Warszawa,eyes open,gamma,-0.24251566572057384
L-ANG→R-SUP,DMN→CEN,Warszawa,eyes open,gamma,-0.1727809565830001
R-ANG→L-ACC,DMN→SN,Warszawa,eyes open,gamma,0.07064673848642215
R-ANG→R-ACC,DMN→SN,Warszawa,eyes open,gamma,-0.031100353723306117
R-ANG→L-INS,DMN→SN,Warszawa,eyes open,gamma,-0.06360559599816679
R-ANG→R-INS,DMN→SN,Warszawa,eyes open,gamma,-0.043331267608953616
R-ANG→L-IFG,DMN→DMN,Warszawa,eyes open,gamma,0.11327411561009759
R-ANG→R-IFG,DMN→CEN,Warszawa,eyes open,gamma,-0.1132974678717346
R-ANG→L-mPFC,DMN→DMN,Warszawa,eyes open,gamma,-0.10107536469824092
R-ANG→R-mPFC,DMN→DMN,Warszawa,eyes open,gamma,0.0383389314372638
R-ANG→L-aSTG,DMN→DMN,Warszawa,eyes open,gamma,-0.2376913442707642
R-ANG→R-aSTG,DMN→DMN,Warszawa,eyes open,gamma,-0.1111915739438093
R-ANG→L-PREC,DMN→DMN,Warszawa,eyes open,gamma,-0.12452407927087704
R-ANG→R-PREC,DMN→DMN,Warszawa,eyes open,gamma,0.04746896094609881
R-ANG→L-ANG,DMN→DMN,Warszawa,eyes open,gamma,-0.37988114314031984
R-ANG→L-SFG,DMN→CEN,Warszawa,eyes open,gamma,-0.0736587325025671
R-ANG→R-SFG,DMN→CEN,Warszawa,eyes open,gamma,0.001691662381127396
R-ANG→L-pSTG,DMN→CEN,Warszawa,eyes open,gamma,-0.1239524513682933
R-ANG→R-pSTG,DMN→CEN,Warszawa,eyes open,gamma,0.12891832110687346
R-ANG→L-ITG,DMN→CEN,Warszawa,eyes open,gamma,-0.3466965372505713
R-ANG→R-ITG,DMN→CEN,Warszawa,eyes open,gamma,-0.06898096477595347
R-ANG→L-SUP,DMN→CEN,Warszawa,eyes open,gamma,0.10326931482172028
R-ANG→R-SUP,DMN→CEN,Warszawa,eyes open,gamma,-0.12682788902965747
L-SFG→L-ACC,CEN→SN,Warszawa,eyes open,gamma,-0.12440141489322447
L-SFG→R-ACC,CEN→SN,Warszawa,eyes open,gamma,0.10351961512829691
L-SFG→L-INS,CEN→SN,Warszawa,eyes open,gamma,0.05763286560734438
L-SFG→R-INS,CEN→SN,Warszawa,eyes open,gamma,-0.13093513539658905
L-SFG→L-IFG,CEN→DMN,Warszawa,eyes open,gamma,0.11809894505185398
L-SFG→R-IFG,CEN→CEN,Warszawa,eyes open,gamma,-0.04583210022381954
L-SFG→L-mPFC,CEN→DMN,Warszawa,eyes open,gamma,-0.008062710168617938
L-SFG→R-mPFC,CEN→DMN,Warszawa,eyes open,gamma,-0.12276278490432703
L-SFG→L-aSTG,CEN→DMN,Warszawa,eyes open,gamma,-0.18198289441185014
L-SFG→R-aSTG,CEN→DMN,Warszawa,eyes open,gamma,-0.11640367897242536
L-SFG→L-PREC,CEN→DMN,Warszawa,eyes open,gamma,0.0
L-SFG→R-PREC,CEN→DMN,Warszawa,eyes open,gamma,-0.16327007823898176
L-SFG→L-ANG,CEN→DMN,Warszawa,eyes open,gamma,0.0914427414277329
L-SFG→R-ANG,CEN→DMN,Warszawa,eyes open,gamma,0.04929505482299852
L-SFG→R-SFG,CEN→CEN,Warszawa,eyes open,gamma,-0.07450188036147712
L-SFG→L-pSTG,CEN→CEN,Warszawa,eyes open,gamma,-0.11300114886256532
L-SFG→R-pSTG,CEN→CEN,Warszawa,eyes open,gamma,0.008686841714360101
L-SFG→L-ITG,CEN→CEN,Warszawa,eyes open,gamma,-0.06970714806775237
L-SFG→R-ITG,CEN→CEN,Warszawa,eyes open,gamma,-0.26604489617334665
L-SFG→L-SUP,CEN→CEN,Warszawa,eyes open,gamma,-0.1100922891046967
L-SFG→R-SUP,CEN→CEN,Warszawa,eyes open,gamma,-0.11094917291063974
R-SFG→L-ACC,CEN→SN,Warszawa,eyes open,gamma,0.0712566944554007
R-SFG→R-ACC,CEN→SN,Warszawa,eyes open,gamma,0.007156388459561706
R-SFG→L-INS,CEN→SN,Warszawa,eyes open,gamma,0.08923798545653323
R-SFG→R-INS,CEN→SN,Warszawa,eyes open,gamma,-0.05319007654059813
R-SFG→L-IFG,CEN→DMN,Warszawa,eyes open,gamma,0.11373930900740634
R-SFG→R-IFG,CEN→CEN,Warszawa,eyes open,gamma,-0.09764837870881724
R-SFG→L-mPFC,CEN→DMN,Warszawa,eyes open,gamma,0.006766649524509584
R-SFG→R-mPFC,CEN→DMN,Warszawa,eyes open,gamma,0.12440141489322447
R-SFG→L-aSTG,CEN→DMN,Warszawa,eyes open,gamma,-0.06796446936605856
R-SFG→R-aSTG,CEN→DMN,Warszawa,eyes open,gamma,0.12372884047207292
R-SFG→L-PREC,CEN→DMN,Warszawa,eyes open,gamma,0.05582485857720407
R-SFG→R-PREC,CEN→DMN,Warszawa,eyes open,gamma,-0.03590790009701611
R-SFG→L-ANG,CEN→DMN,Warszawa,eyes open,gamma,-0.18242367600156212
R-SFG→R-ANG,CEN→DMN,Warszawa,eyes open,gamma,0.08472273466838115
R-SFG→L-SFG,CEN→CEN,Warszawa,eyes open,gamma,0.13863720218462372
R-SFG→L-pSTG,CEN→CEN,Warszawa,eyes open,gamma,0.18468521288567702
R-SFG→R-pSTG,CEN→CEN,Warszawa,eyes open,gamma,0.13941429613550474
R-SFG→L-ITG,CEN→CEN,Warszawa,eyes open,gamma,-0.14900376072295424
R-SFG→R-ITG,CEN→CEN,Warszawa,eyes open,gamma,0.15256661681169204
R-SFG→L-SUP,CEN→CEN,Warszawa,eyes open,gamma,-0.060390559254072544
R-SFG→R-SUP,CEN→CEN,Warszawa,eyes open,gamma,0.05486564485663974
L-pSTG→L-ACC,CEN→SN,Warszawa,eyes open,gamma,-0.06054055145966812
L-pSTG→R-ACC,CEN→SN,Warszawa,eyes open,gamma,0.2083838312858264
L-pSTG→L-INS,CEN→SN,Warszawa,eyes open,gamma,0.1812068709264445
L-pSTG→R-INS,CEN→SN,Warszawa,eyes open,gamma,-0.022747861801481268
L-pSTG→L-IFG,CEN→DMN,Warszawa,eyes open,gamma,0.1945115172971749
L-pSTG→R-IFG,CEN→CEN,Warszawa,eyes open,gamma,-0.005212105028616061
L-pSTG→L-mPFC,CEN→DMN,Warszawa,eyes open,gamma,-0.0016321772771370957
L-pSTG→R-mPFC,CEN→DMN,Warszawa,eyes open,gamma,0.2994242414595491
L-pSTG→L-aSTG,CEN→DMN,Warszawa,eyes open,gamma,0.19677981261932853
L-pSTG→R-aSTG,CEN→DMN,Warszawa,eyes open,gamma,0.0845831190563698
L-pSTG→L-PREC,CEN→DMN,Warszawa,eyes open,gamma,-0.04748040432630563
L-pSTG→R-PREC,CEN→DMN,Warszawa,eyes open,gamma,0.2455438497840705
L-pSTG→L-ANG,CEN→DMN,Warszawa,eyes open,gamma,0.20327209611602637
L-pSTG→R-ANG,CEN→DMN,Warszawa,eyes open,gamma,0.19882338778609404
L-pSTG→L-SFG,CEN→CEN,Warszawa,eyes open,gamma,0.1471035405576573
L-pSTG→R-SFG,CEN→CEN,Warszawa,eyes open,gamma,0.1227022300027332
L-pSTG→R-pSTG,CEN→CEN,Warszawa,eyes open,gamma,0.15628787346436981
L-pSTG→L-ITG,CEN→CEN,Warszawa,eyes open,gamma,-0.12631389532376827
L-pSTG→R-ITG,CEN→CEN,Warszawa,eyes open,gamma,0.15430734985192204
L-pSTG→L-SUP,CEN→CEN,Warszawa,eyes open,gamma,0.021218304602782248
L-pSTG→R-SUP,CEN→CEN,Warszawa,eyes open,gamma,0.37364600680135374
R-pSTG→L-ACC,CEN→SN,Warszawa,eyes open,gamma,-0.1751440972838818
R-pSTG→R-ACC,CEN→SN,Warszawa,eyes open,gamma,-0.07529559322484639
R-pSTG→L-INS,CEN→SN,Warszawa,eyes open,gamma,-0.1677389875443465
R-pSTG→R-INS,CEN→SN,Warszawa,eyes open,gamma,-0.2856295618486759
R-pSTG→L-IFG,CEN→DMN,Warszawa,eyes open,gamma,-0.16409125096935742
R-pSTG→R-IFG,CEN→CEN,Warszawa,eyes open,gamma,-0.3363369894269052
R-pSTG→L-mPFC,CEN→DMN,Warszawa,eyes open,gamma,-0.10516278362239685
R-pSTG→R-mPFC,CEN→DMN,Warszawa,eyes open,gamma,0.15802559924594425
R-pSTG→L-aSTG,CEN→DMN,Warszawa,eyes open,gamma,-0.3880250651529182
R-pSTG→R-aSTG,CEN→DMN,Warszawa,eyes open,gamma,-0.254619655233387
R-pSTG→L-PREC,CEN→DMN,Warszawa,eyes open,gamma,-0.1424517029899224
R-pSTG→R-PREC,CEN→DMN,Warszawa,eyes open,gamma,-0.34052419520291594
R-pSTG→L-ANG,CEN→DMN,Warszawa,eyes open,gamma,0.007703426427610886
R-pSTG→R-ANG,CEN→DMN,Warszawa,eyes open,gamma,0.13802615350439587
R-pSTG→L-SFG,CEN→CEN,Warszawa,eyes open,gamma,-0.25877321194027325
R-pSTG→R-SFG,CEN→CEN,Warszawa,eyes open,gamma,-0.17628774700081676
R-pSTG→L-pSTG,CEN→CEN,Warszawa,eyes open,gamma,-0.2902313097488914
R-pSTG→L-ITG,CEN→CEN,Warszawa,eyes open,gamma,-0.22588677967453916
R-pSTG→R-ITG,CEN→CEN,Warszawa,eyes open,gamma,0.008184303611396345
R-pSTG→L-SUP,CEN→CEN,Warszawa,eyes open,gamma,-0.23298020207239775
R-pSTG→R-SUP,CEN→CEN,Warszawa,eyes open,gamma,-0.25539314640218697
L-ITG→L-ACC,CEN→SN,Warszawa,eyes open,gamma,0.09061929248807807
L-ITG→R-ACC,CEN→SN,Warszawa,eyes open,gamma,0.08559790509616519
L-ITG→L-INS,CEN→SN,Warszawa,eyes open,gamma,0.11672470429779033
L-ITG→R-INS,CEN→SN,Warszawa,eyes open,gamma,-0.07529559322484639
L-ITG→L-IFG,CEN→DMN,Warszawa,eyes open,gamma,0.078742598543589
L-ITG→R-IFG,CEN→CEN,Warszawa,eyes open,gamma,0.15117150145719546
L-ITG→L-mPFC,CEN→DMN,Warszawa,eyes open,gamma,0.2607254929554392
L-ITG→R-mPFC,CEN→DMN,Warszawa,eyes open,gamma,0.21769317455268433
L-ITG→L-aSTG,CEN→DMN,Warszawa,eyes open,gamma,-0.09811641810538897
L-ITG→R-aSTG,CEN→DMN,Warszawa,eyes open,gamma,0.11676680201360963
L-ITG→L-PREC,CEN→DMN,Warszawa,eyes open,gamma,0.16409125096935742
L-ITG→R-PREC,CEN→DMN,Warszawa,eyes open,gamma,-0.0375400773741532
L-ITG→L-ANG,CEN→DMN,Warszawa,eyes open,gamma,0.2526884117456023
L-ITG→R-ANG,CEN→DMN,Warszawa,eyes open,gamma,-0.008184303611396345
L-ITG→L-SFG,CEN→CEN,Warszawa,eyes open,gamma,0.18776882630546568
L-ITG→R-SFG,CEN→CEN,Warszawa,eyes open,gamma,-0.018288548285546585
L-ITG→L-pSTG,CEN→CEN,Warszawa,eyes open,gamma,-0.012248848662336068
L-ITG→R-pSTG,CEN→CEN,Warszawa,eyes open,gamma,0.29248399194979124
L-ITG→R-ITG,CEN→CEN,Warszawa,eyes open,gamma,0.04092151805698173
L-ITG→L-SUP,CEN→CEN,Warszawa,eyes open,gamma,-0.2892493014184144
L-ITG→R-SUP,CEN→CEN,Warszawa,eyes open,gamma,0.052280361050814274
R-ITG→L-ACC,CEN→SN,Warszawa,eyes open,gamma,0.05093822331709848
R-ITG→R-ACC,CEN→SN,Warszawa,eyes open,gamma,0.01971802192919941
R-ITG→L-INS,CEN→SN,Warszawa,eyes open,gamma,0.02464978247182365
R-ITG→R-INS,CEN→SN,Warszawa,eyes open,gamma,-0.017129007699514653
R-ITG→L-IFG,CEN→DMN,Warszawa,eyes open,gamma,0.0
R-ITG→R-IFG,CEN→CEN,Warszawa,eyes open,gamma,-0.12444446688931782
R-ITG→L-mPFC,CEN→DMN,Warszawa,eyes open,gamma,0.048768777564732656
R-ITG→R-mPFC,CEN→DMN,Warszawa,eyes open,gamma,0.28374120392988095
R-ITG→L-aSTG,CEN→DMN,Warszawa,eyes open,gamma,-0.05401640383521588
R-ITG→R-aSTG,CEN→DMN,Warszawa,eyes open,gamma,0.0
R-ITG→L-PREC,CEN→DMN,Warszawa,eyes open,gamma,0.0510638310679136
R-ITG→R-PREC,CEN→DMN,Warszawa,eyes open,gamma,0.0031702927813394514
R-ITG→L-ANG,CEN→DMN,Warszawa,eyes open,gamma,0.014788516446899557
R-ITG→R-ANG,CEN→DMN,Warszawa,eyes open,gamma,0.37268932170137875
R-ITG→L-SFG,CEN→CEN,Warszawa,eyes open,gamma,0.08176222005930457
R-ITG→R-SFG,CEN→CEN,Warszawa,eyes open,gamma,0.06597483286396845
R-ITG→L-pSTG,CEN→CEN,Warszawa,eyes open,gamma,-0.08384198505551908
R-ITG→R-pSTG,CEN→CEN,Warszawa,eyes open,gamma,0.1789489393158181
R-ITG→L-ITG,CEN→CEN,Warszawa,eyes open,gamma,-0.026144274909785523
R-ITG→L-SUP,CEN→CEN,Warszawa,eyes open,gamma,0.1784832233654684
R-ITG→R-SUP,CEN→CEN,Warszawa,eyes open,gamma,0.08016322027791521
L-SUP→L-ACC,CEN→SN,Warszawa,eyes open,gamma,-0.17593288763724918
L-SUP→R-ACC,CEN→SN,Warszawa,eyes open,gamma,-0.05038368194328859
L-SUP→L-INS,CEN→SN,Warszawa,eyes open,gamma,0.06874815033572931
L-SUP→R-INS,CEN→SN,Warszawa,eyes open,gamma,-0.05729012527977442
L-SUP→L-IFG,CEN→DMN,Warszawa,eyes open,gamma,0.1231956836398867
L-SUP→R-IFG,CEN→CEN,Warszawa,eyes open,gamma,-0.19096474142504022
L-SUP→L-mPFC,CEN→DMN,Warszawa,eyes open,gamma,-0.014387074473496849
L-SUP→R-mPFC,CEN→DMN,Warszawa,eyes open,gamma,0.06428317048284105
L-SUP→L-aSTG,CEN→DMN,Warszawa,eyes open,gamma,-0.05925107585758951
L-SUP→R-aSTG,CEN→DMN,Warszawa,eyes open,gamma,0.05168502776350121
L-SUP→L-PREC,CEN→DMN,Warszawa,eyes open,gamma,0.031011368265604824
L-SUP→R-PREC,CEN→DMN,Warszawa,eyes open,gamma,0.10597010772963321
L-SUP→L-ANG,CEN→DMN,Warszawa,eyes open,gamma,0.014788516446899557
L-SUP→R-ANG,CEN→DMN,Warszawa,eyes open,gamma,0.09396521481402273
L-SUP→L-SFG,CEN→CEN,Warszawa,eyes open,gamma,-0.25202993605909346
L-SUP→R-SFG,CEN→CEN,Warszawa,eyes open,gamma,-0.19171174628894905
L-SUP→L-pSTG,CEN→CEN,Warszawa,eyes open,gamma,-0.06766649524509584
L-SUP→R-pSTG,CEN→CEN,Warszawa,eyes open,gamma,0.08007640108900962
L-SUP→L-ITG,CEN→CEN,Warszawa,eyes open,gamma,-0.18242367600156212
L-SUP→R-ITG,CEN→CEN,Warszawa,eyes open,gamma,-0.014731746500513423
L-SUP→R-SUP,CEN→CEN,Warszawa,eyes open,gamma,-0.060390559254072544
R-SUP→L-ACC,CEN→SN,Warszawa,eyes open,gamma,-0.007156388459561706
R-SUP→R-ACC,CEN→SN,Warszawa,eyes open,gamma,0.1234913538222999
R-SUP→L-INS,CEN→SN,Warszawa,eyes open,gamma,-0.04298838374252096
R-SUP→R-INS,CEN→SN,Warszawa,eyes open,gamma,-0.06490403035635517
R-SUP→L-IFG,CEN→DMN,Warszawa,eyes open,gamma,-0.13585943994917934
R-SUP→R-IFG,CEN→CEN,Warszawa,eyes open,gamma,-0.16976747878726284
R-SUP→L-mPFC,CEN→DMN,Warszawa,eyes open,gamma,-0.10771683725806525
R-SUP→R-mPFC,CEN→DMN,Warszawa,eyes open,gamma,0.03718249394022218
R-SUP→L-aSTG,CEN→DMN,Warszawa,eyes open,gamma,0.11183237705747395
R-SUP→R-aSTG,CEN→DMN,Warszawa,eyes open,gamma,-0.016805509126457206
R-SUP→L-PREC,CEN→DMN,Warszawa,eyes open,gamma,0.09956281390536284
R-SUP→R-PREC,CEN→DMN,Warszawa,eyes open,gamma,-0.10403129732205987
R-SUP→L-ANG,CEN→DMN,Warszawa,eyes open,gamma,0.059636570496347546
R-SUP→R-ANG,CEN→DMN,Warszawa,eyes open,gamma,-0.131138100722977
R-SUP→L-SFG,CEN→CEN,Warszawa,eyes open,gamma,-0.03578194229780853
R-SUP→R-SFG,CEN→CEN,Warszawa,eyes open,gamma,-0.14526377766520152
R-SUP→L-pSTG,CEN→CEN,Warszawa,eyes open,gamma,0.042371755888273084
R-SUP→R-pSTG,CEN→CEN,Warszawa,eyes open,gamma,0.14941367748699375
R-SUP→L-ITG,CEN→CEN,Warszawa,eyes open,gamma,-0.15235801585357772
R-SUP→R-ITG,CEN→CEN,Warszawa,eyes open,gamma,0.04736654667156709
R-SUP→L-SUP,CEN→CEN,Warszawa,eyes open,gamma,-0.132475548754196
L-ACC→R-ACC,SN→SN,Warszawa,eyes open,theta,0.15059118644969277
L-ACC→L-INS,SN→SN,Warszawa,eyes open,theta,-0.04210526421389368
L-ACC→R-INS,SN→SN,Warszawa,eyes open,theta,0.08713393508469046
L-ACC→L-IFG,SN→DMN,Warszawa,eyes open,theta,-0.039521071450760184
L-ACC→R-IFG,SN→CEN,Warszawa,eyes open,theta,0.07950813191298761
L-ACC→L-mPFC,SN→DMN,Warszawa,eyes open,theta,-0.11939942093434547
L-ACC→R-mPFC,SN→DMN,Warszawa,eyes open,theta,0.32677378857000117
L-ACC→L-aSTG,SN→DMN,Warszawa,eyes open,theta,0.20823042725971314
L-ACC→R-aSTG,SN→DMN,Warszawa,eyes open,theta,-0.058046261949778286
L-ACC→L-PREC,SN→DMN,Warszawa,eyes open,theta,-0.0575083971558957
L-ACC→R-PREC,SN→DMN,Warszawa,eyes open,theta,-0.06691926836262094
L-ACC→L-ANG,SN→DMN,Warszawa,eyes open,theta,0.13941429613550474
L-ACC→R-ANG,SN→DMN,Warszawa,eyes open,theta,0.236227795630767
L-ACC→L-SFG,SN→CEN,Warszawa,eyes open,theta,0.2148411224031793
L-ACC→R-SFG,SN→CEN,Warszawa,eyes open,theta,-0.024646613721710883
L-ACC→L-pSTG,SN→CEN,Warszawa,eyes open,theta,-0.019760535725380092
L-ACC→R-pSTG,SN→CEN,Warszawa,eyes open,theta,0.09764837870881724
L-ACC→L-ITG,SN→CEN,Warszawa,eyes open,theta,-0.07724573056284945
L-ACC→R-ITG,SN→CEN,Warszawa,eyes open,theta,0.11979821044828352
L-ACC→L-SUP,SN→CEN,Warszawa,eyes open,theta,0.12721554522364806
L-ACC→R-SUP,SN→CEN,Warszawa,eyes open,theta,0.09986422261219273
R-ACC→L-ACC,SN→SN,Warszawa,eyes open,theta,0.026290695905599213
R-ACC→L-INS,SN→SN,Warszawa,eyes open,theta,-0.054023039752508085
R-ACC→R-INS,SN→SN,Warszawa,eyes open,theta,-0.2186632109211651
R-ACC→L-IFG,SN→DMN,Warszawa,eyes open,theta,-0.13156715042558725
R-ACC→R-IFG,SN→CEN,Warszawa,eyes open,theta,-0.021469165378685116
R-ACC→L-mPFC,SN→DMN,Warszawa,eyes open,theta,0.04746896094609881
R-ACC→R-mPFC,SN→DMN,Warszawa,eyes open,theta,-0.16573348679936872
R-ACC→L-aSTG,SN→DMN,Warszawa,eyes open,theta,-0.026140180525407137
R-ACC→R-aSTG,SN→DMN,Warszawa,eyes open,theta,-0.06259150810171366
R-ACC→L-PREC,SN→DMN,Warszawa,eyes open,theta,0.006572673976399803
R-ACC→R-PREC,SN→DMN,Warszawa,eyes open,theta,-0.23879884186869094
R-ACC→L-ANG,SN→DMN,Warszawa,eyes open,theta,-0.11830813157519646
R-ACC→R-ANG,SN→DMN,Warszawa,eyes open,theta,0.012574886370696422
R-ACC→L-SFG,SN→CEN,Warszawa,eyes open,theta,0.048965318314112875
R-ACC→R-SFG,SN→CEN,Warszawa,eyes open,theta,0.06528709108548383
R-ACC→L-pSTG,SN→CEN,Warszawa,eyes open,theta,-0.14919497887110214
R-ACC→R-pSTG,SN→CEN,Warszawa,eyes open,theta,0.10239550330424228
R-ACC→L-ITG,SN→CEN,Warszawa,eyes open,theta,-0.046008717834798624
R-ACC→R-ITG,SN→CEN,Warszawa,eyes open,theta,-0.12839685764424777
R-ACC→L-SUP,SN→CEN,Warszawa,eyes open,theta,-0.2291605011190977
R-ACC→R-SUP,SN→CEN,Warszawa,eyes open,theta,-0.06440749613605536
L-INS→L-ACC,SN→SN,Warszawa,eyes open,theta,-0.00845831190563698
L-INS→R-ACC,SN→SN,Warszawa,eyes open,theta,0.020606903078706437
L-INS→R-INS,SN→SN,Warszawa,eyes open,theta,0.1168876781728412
L-INS→L-IFG,SN→DMN,Warszawa,eyes open,theta,0.157485197087178
L-INS→R-IFG,SN→CEN,Warszawa,eyes open,theta,0.13941429613550474
L-INS→L-mPFC,SN→DMN,Warszawa,eyes open,theta,0.08860578548647303
L-INS→R-mPFC,SN→DMN,Warszawa,eyes open,theta,-0.004774305915309282
L-INS→L-aSTG,SN→DMN,Warszawa,eyes open,theta,-0.03044992286029313
L-INS→R-aSTG,SN→DMN,Warszawa,eyes open,theta,0.2063828104975423
L-INS→L-PREC,SN→DMN,Warszawa,eyes open,theta,-0.060563846724332966
L-INS→R-PREC,SN→DMN,Warszawa,eyes open,theta,-0.10148536478131469
L-INS→L-ANG,SN→DMN,Warszawa,eyes open,theta,0.0839921051131616
L-INS→R-ANG,SN→DMN,Warszawa,eyes open,theta,-0.05413319619607667
L-INS→L-SFG,SN→CEN,Warszawa,eyes open,theta,0.10995805477328074
L-INS→R-SFG,SN→CEN,Warszawa,eyes open,theta,0.0367465459870082
L-INS→L-pSTG,SN→CEN,Warszawa,eyes open,theta,-0.20335946758625242
L-INS→R-pSTG,SN→CEN,Warszawa,eyes open,theta,0.14875190896946935
L-INS→L-ITG,SN→CEN,Warszawa,eyes open,theta,0.0008496326982147768
L-INS→R-ITG,SN→CEN,Warszawa,eyes open,theta,0.002704580163081261
L-INS→L-SUP,SN→CEN,Warszawa,eyes open,theta,-0.08364857768130285
L-INS→R-SUP,SN→CEN,Warszawa,eyes open,theta,-0.06539753803434549
R-INS→L-ACC,SN→SN,Warszawa,eyes open,theta,0.11676680201360963
R-INS→R-ACC,SN→SN,Warszawa,eyes open,theta,0.11154748182066655
R-INS→L-INS,SN→SN,Warszawa,eyes open,theta,-0.05386185014552416
R-INS→L-IFG,SN→DMN,Warszawa,eyes open,theta,0.011118472482155703
R-INS→R-IFG,SN→CEN,Warszawa,eyes open,theta,-0.1617438486399665
R-INS→L-mPFC,SN→DMN,Warszawa,eyes open,theta,-0.10070952131447794
R-INS→R-mPFC,SN→DMN,Warszawa,eyes open,theta,-0.009916793931297957
R-INS→L-aSTG,SN→DMN,Warszawa,eyes open,theta,0.020912144420325712
R-INS→R-aSTG,SN→DMN,Warszawa,eyes open,theta,0.058160754475175415
R-INS→L-PREC,SN→DMN,Warszawa,eyes open,theta,-0.015636315085848184
R-INS→R-PREC,SN→DMN,Warszawa,eyes open,theta,-0.12450009386915378
R-INS→L-ANG,SN→DMN,Warszawa,eyes open,theta,0.04879500364742666
R-INS→R-ANG,SN→DMN,Warszawa,eyes open,theta,0.24360084120761877
R-INS→L-SFG,SN→CEN,Warszawa,eyes open,theta,0.17940849251751484
R-INS→R-SFG,SN→CEN,Warszawa,eyes open,theta,0.009821164333675615
R-INS→L-pSTG,SN→CEN,Warszawa,eyes open,theta,0.07006008120816579
R-INS→R-pSTG,SN→CEN,Warszawa,eyes open,theta,0.04532379357722414
R-INS→L-ITG,SN→CEN,Warszawa,eyes open,theta,-0.09880267862690045
R-INS→R-ITG,SN→CEN,Warszawa,eyes open,theta,0.054670882999288024
R-INS→L-SUP,SN→CEN,Warszawa,eyes open,theta,-0.1412612867392256
R-INS→R-SUP,SN→CEN,Warszawa,eyes open,theta,-0.009916793931297957
L-IFG→L-ACC,DMN→SN,Warszawa,eyes open,theta,0.019099156480801942
L-IFG→R-ACC,DMN→SN,Warszawa,eyes open,theta,-0.0891291452045114
L-IFG→L-INS,DMN→SN,Warszawa,eyes open,theta,0.09657478261447688
L-IFG→R-INS,DMN→SN,Warszawa,eyes open,theta,0.15217405350429367
L-IFG→R-IFG,DMN→CEN,Warszawa,eyes open,theta,0.0557657184542019
L-IFG→L-mPFC,DMN→DMN,Warszawa,eyes open,theta,-0.027933864399699165
L-IFG→R-mPFC,DMN→DMN,Warszawa,eyes open,theta,0.16618781247274345
L-IFG→L-aSTG,DMN→DMN,Warszawa,eyes open,theta,-0.1268746785845547
L-IFG→R-aSTG,DMN→DMN,Warszawa,eyes open,theta,0.012971551229181654
L-IFG→L-PREC,DMN→DMN,Warszawa,eyes open,theta,0.0034853574033876186
L-IFG→R-PREC,DMN→DMN,Warszawa,eyes open,theta,0.02002537364889009
L-IFG→L-ANG,DMN→DMN,Warszawa,eyes open,theta,0.10149046034507027
L-IFG→R-ANG,DMN→DMN,Warszawa,eyes open,theta,0.29374170212775524
L-IFG→L-SFG,DMN→CEN,Warszawa,eyes open,theta,-0.05748519483746936
L-IFG→R-SFG,DMN→CEN,Warszawa,eyes open,theta,-0.21231803444027236
L-IFG→L-pSTG,DMN→CEN,Warszawa,eyes open,theta,-0.18777452430514097
L-IFG→R-pSTG,DMN→CEN,Warszawa,eyes open,theta,0.2681317820397534
L-IFG→L-ITG,DMN→CEN,Warszawa,eyes open,theta,-0.09853360894158879
L-IFG→R-ITG,DMN→CEN,Warszawa,eyes open,theta,0.19232971555834355
L-IFG→L-SUP,DMN→CEN,Warszawa,eyes open,theta,-0.23628209463059477
L-IFG→R-SUP,DMN→CEN,Warszawa,eyes open,theta,-0.09166420044763908
R-IFG→L-ACC,CEN→SN,Warszawa,eyes open,theta,0.2177024760631428
R-IFG→R-ACC,CEN→SN,Warszawa,eyes open,theta,0.23570794400821476
R-IFG→L-INS,CEN→SN,Warszawa,eyes open,theta,0.15256661681169204
R-IFG→R-INS,CEN→SN,Warszawa,eyes open,theta,-0.09956281390536284
R-IFG→L-IFG,CEN→DMN,Warszawa,eyes open,theta,0.3532817398496751
R-IFG→L-mPFC,CEN→DMN,Warszawa,eyes open,theta,0.13949288237893587
R-IFG→R-mPFC,CEN→DMN,Warszawa,eyes open,theta,0.2676342999376547
R-IFG→L-aSTG,CEN→DMN,Warszawa,eyes open,theta,0.04532379357722414
R-IFG→R-aSTG,CEN→DMN,Warszawa,eyes open,theta,0.15877549006108913
R-IFG→L-PREC,CEN→DMN,Warszawa,eyes open,theta,0.09642475572426157
R-IFG→R-PREC,CEN→DMN,Warszawa,eyes open,theta,0.00845831190563698
R-IFG→L-ANG,CEN→DMN,Warszawa,eyes open,theta,0.1741758603745948
R-IFG→R-ANG,CEN→DMN,Warszawa,eyes open,theta,-0.06400839719292317
R-IFG→L-SFG,CEN→CEN,Warszawa,eyes open,theta,0.03737225084437779
R-IFG→R-SFG,CEN→CEN,Warszawa,eyes open,theta,-0.06259150810171366
R-IFG→L-pSTG,CEN→CEN,Warszawa,eyes open,theta,-0.04748040432630563
R-IFG→R-pSTG,CEN→CEN,Warszawa,eyes open,theta,0.1624224185850222
R-IFG→L-ITG,CEN→CEN,Warszawa,eyes open,theta,0.12312347525711803
R-IFG→R-ITG,CEN→CEN,Warszawa,eyes open,theta,-0.06718925140514949
R-IFG→L-SUP,CEN→CEN,Warszawa,eyes open,theta,-0.16327007823898176
R-IFG→R-SUP,CEN→CEN,Warszawa,eyes open,theta,-0.036410954062720956
L-mPFC→L-ACC,DMN→SN,Warszawa,eyes open,theta,-0.19940176959247183
L-mPFC→R-ACC,DMN→SN,Warszawa,eyes open,theta,0.19454117382965055
L-mPFC→L-INS,DMN→SN,Warszawa,eyes open,theta,0.08802420459487496
L-mPFC→R-INS,DMN→SN,Warszawa,eyes open,theta,-0.09406495196720926
L-mPFC→L-IFG,DMN→DMN,Warszawa,eyes open,theta,-0.08007640108900962
L-mPFC→R-IFG,DMN→CEN,Warszawa,eyes open,theta,-0.24157987931464966
L-mPFC→R-mPFC,DMN→DMN,Warszawa,eyes open,theta,0.3216180533527545
L-mPFC→L-aSTG,DMN→DMN,Warszawa,eyes open,theta,-0.027816013009866504
L-mPFC→R-aSTG,DMN→DMN,Warszawa,eyes open,theta,0.034853574033876185
L-mPFC→L-PREC,DMN→DMN,Warszawa,eyes open,theta,0.11847798671941047
L-mPFC→R-PREC,DMN→DMN,Warszawa,eyes open,theta,-0.01632177277137096
L-mPFC→L-ANG,DMN→DMN,Warszawa,eyes open,theta,0.05788564254668593
L-mPFC→R-ANG,DMN→DMN,Warszawa,eyes open,theta,0.236227795630767
L-mPFC→L-SFG,DMN→CEN,Warszawa,eyes open,theta,0.16623437470313232
L-mPFC→R-SFG,DMN→CEN,Warszawa,eyes open,theta,0.14774817030854162
L-mPFC→L-pSTG,DMN→CEN,Warszawa,eyes open,theta,-0.14812768964397377
L-mPFC→R-pSTG,DMN→CEN,Warszawa,eyes open,theta,0.06996148726724
L-mPFC→L-ITG,DMN→CEN,Warszawa,eyes open,theta,0.04879500364742666
L-mPFC→R-ITG,DMN→CEN,Warszawa,eyes open,theta,0.06908931529765738
L-mPFC→L-SUP,DMN→CEN,Warszawa,eyes open,theta,-0.09140215328973648
L-mPFC→R-SUP,DMN→CEN,Warszawa,eyes open,theta,0.10456761234240038
R-mPFC→L-ACC,DMN→SN,Warszawa,eyes open,theta,-0.18120991153698562
R-mPFC→R-ACC,DMN→SN,Warszawa,eyes open,theta,-0.15565861475017984
R-mPFC→L-INS,DMN→SN,Warszawa,eyes open,theta,-0.1041109830326221
R-mPFC→R-INS,DMN→SN,Warszawa,eyes open,theta,-0.13432748143303597
R-mPFC→L-IFG,DMN→DMN,Warszawa,eyes open,theta,-0.07235903886890169
R-mPFC→R-IFG,DMN→CEN,Warszawa,eyes open,theta,-0.12373018782026045
R-mPFC→L-mPFC,DMN→DMN,Warszawa,eyes open,theta,0.01513513786491703
R-mPFC→L-aSTG,DMN→DMN,Warszawa,eyes open,theta,-0.058046261949778286
R-mPFC→R-aSTG,DMN→DMN,Warszawa,eyes open,theta,-0.2960409166972943
R-mPFC→L-PREC,DMN→DMN,Warszawa,eyes open,theta,-0.3207631667430179
R-mPFC→R-PREC,DMN→DMN,Warszawa,eyes open,theta,-0.20606903078706437
R-mPFC→L-ANG,DMN→DMN,Warszawa,eyes open,theta,0.10657473001102595
R-mPFC→R-ANG,DMN→DMN,Warszawa,eyes open,theta,-0.1352385000508704
R-mPFC→L-SFG,DMN→CEN,Warszawa,eyes open,theta,-0.11379278049490842
R-mPFC→R-SFG,DMN→CEN,Warszawa,eyes open,theta,-0.058535707589063346
R-mPFC→L-pSTG,DMN→CEN,Warszawa,eyes open,theta,-0.11300114886256532
R-mPFC→R-pSTG,DMN→CEN,Warszawa,eyes open,theta,0.07612480715073282
R-mPFC→L-ITG,DMN→CEN,Warszawa,eyes open,theta,-0.09149666079960032
R-mPFC→R-ITG,DMN→CEN,Warszawa,eyes open,theta,-0.24552556980865406
R-mPFC→L-SUP,DMN→CEN,Warszawa,eyes open,theta,-0.05413319619607667
R-mPFC→R-SUP,DMN→CEN,Warszawa,eyes open,theta,-0.056285017260396815
L-aSTG→L-ACC,DMN→SN,Warszawa,eyes open,theta,0.19923740534698625
L-aSTG→R-ACC,DMN→SN,Warszawa,eyes open,theta,0.22933262125910667
L-aSTG→L-INS,DMN→SN,Warszawa,eyes open,theta,0.4073157134486951
L-aSTG→R-INS,DMN→SN,Warszawa,eyes open,theta,0.20348352018388452
L-aSTG→L-IFG,DMN→DMN,Warszawa,eyes open,theta,-0.09986422261219273
L-aSTG→R-IFG,DMN→CEN,Warszawa,eyes open,theta,-0.005928575898531133
L-aSTG→L-mPFC,DMN→DMN,Warszawa,eyes open,theta,0.23011428944525925
L-aSTG→R-mPFC,DMN→DMN,Warszawa,eyes open,theta,0.11888597930022944
L-aSTG→R-aSTG,DMN→DMN,Warszawa,eyes open,theta,0.25094573304390855
L-aSTG→L-PREC,DMN→DMN,Warszawa,eyes open,theta,-0.047087095579741875
L-aSTG→R-PREC,DMN→DMN,Warszawa,eyes open,theta,0.06935419821470658
L-aSTG→L-ANG,DMN→DMN,Warszawa,eyes open,theta,-0.012522381396615177
L-aSTG→R-ANG,DMN→DMN,Warszawa,eyes open,theta,0.01859124697011109
L-aSTG→L-SFG,DMN→CEN,Warszawa,eyes open,theta,0.10149046034507027
L-aSTG→R-SFG,DMN→CEN,Warszawa,eyes open,theta,0.09657478261447688
L-aSTG→L-pSTG,DMN→CEN,Warszawa,eyes open,theta,0.14348651290165107
L-aSTG→R-pSTG,DMN→CEN,Warszawa,eyes open,theta,0.10598832798158413
L-aSTG→L-ITG,DMN→CEN,Warszawa,eyes open,theta,0.26328630964782956
L-aSTG→R-ITG,DMN→CEN,Warszawa,eyes open,theta,-0.01636860722279269
L-aSTG→L-SUP,DMN→CEN,Warszawa,eyes open,theta,0.03696259556211057
L-aSTG→R-SUP,DMN→CEN,Warszawa,eyes open,theta,0.2149419187126048
R-aSTG→L-ACC,DMN→SN,Warszawa,eyes open,theta,-0.03118765095045638
R-aSTG→R-ACC,DMN→SN,Warszawa,eyes open,theta,0.06467084419215303
R-aSTG→L-INS,DMN→SN,Warszawa,eyes open,theta,0.25547598638586655
R-aSTG→R-INS,DMN→SN,Warszawa,eyes open,theta,0.058650416454779856
R-aSTG→L-IFG,DMN→DMN,Warszawa,eyes open,theta,0.09729262720083313
R-aSTG→R-IFG,DMN→CEN,Warszawa,eyes open,theta,-0.008713393508469046
R-aSTG→L-mPFC,DMN→DMN,Warszawa,eyes open,theta,0.2387467881983523
R-aSTG→R-mPFC,DMN→DMN,Warszawa,eyes open,theta,0.22747861801481267
R-aSTG→L-aSTG,DMN→DMN,Warszawa,eyes open,theta,0.03499671046381734
R-aSTG→L-PREC,DMN→DMN,Warszawa,eyes open,theta,-0.10733469768527296
R-aSTG→R-PREC,DMN→DMN,Warszawa,eyes open,theta,-0.023353360402721925
R-aSTG→L-ANG,DMN→DMN,Warszawa,eyes open,theta,-0.08718305148683493
R-aSTG→R-ANG,DMN→DMN,Warszawa,eyes open,theta,0.029501831980161444
R-aSTG→L-SFG,DMN→CEN,Warszawa,eyes open,theta,-0.05244153381494928
R-aSTG→R-SFG,DMN→CEN,Warszawa,eyes open,theta,0.0577445722652986
R-aSTG→L-pSTG,DMN→CEN,Warszawa,eyes open,theta,0.0104990131391452
R-aSTG→R-pSTG,DMN→CEN,Warszawa,eyes open,theta,0.19969700811807084
R-aSTG→L-ITG,DMN→CEN,Warszawa,eyes open,theta,-0.19225071380969425
R-aSTG→R-ITG,DMN→CEN,Warszawa,eyes open,theta,-0.11888597930022944
R-aSTG→L-SUP,DMN→CEN,Warszawa,eyes open,theta,-0.06711128961345003
R-aSTG→R-SUP,DMN→CEN,Warszawa,eyes open,theta,-0.048768777564732656
L-PREC→L-ACC,DMN→SN,Warszawa,eyes open,theta,-0.16321772771370957
L-PREC→R-ACC,DMN→SN,Warszawa,eyes open,theta,-0.017040572913692202
L-PREC→L-INS,DMN→SN,Warszawa,eyes open,theta,0.012643642277212047
L-PREC→R-INS,DMN→SN,Warszawa,eyes open,theta,0.05925107585758951
L-PREC→L-IFG,DMN→DMN,Warszawa,eyes open,theta,0.08152655534992502
L-PREC→R-IFG,DMN→CEN,Warszawa,eyes open,theta,-0.2695178618035077
L-PREC→L-mPFC,DMN→DMN,Warszawa,eyes open,theta,0.119505842677029
L-PREC→R-mPFC,DMN→DMN,Warszawa,eyes open,theta,-0.14064949960811293
L-PREC→L-aSTG,DMN→DMN,Warszawa,eyes open,theta,-0.21196873573889366
L-PREC→R-aSTG,DMN→DMN,Warszawa,eyes open,theta,-0.028758260479165732
L-PREC→R-PREC,DMN→DMN,Warszawa,eyes open,theta,0.00792573195334863
L-PREC→L-ANG,DMN→DMN,Warszawa,eyes open,theta,-0.07856108123795344
L-PREC→R-ANG,DMN→DMN,Warszawa,eyes open,theta,0.1915127045066745
L-PREC→L-SFG,DMN→CEN,Warszawa,eyes open,theta,-0.17245558451240808
L-PREC→R-SFG,DMN→CEN,Warszawa,eyes open,theta,-0.1121167525331334
L-PREC→L-pSTG,DMN→CEN,Warszawa,eyes open,theta,-0.045731576524072406
L-PREC→R-pSTG,DMN→CEN,Warszawa,eyes open,theta,0.10319140524877116
L-PREC→L-ITG,DMN→CEN,Warszawa,eyes open,theta,-0.24460639460742548
L-PREC→R-ITG,DMN→CEN,Warszawa,eyes open,theta,0.05645595340320901
L-PREC→L-SUP,DMN→CEN,Warszawa,eyes open,theta,-0.1046196617842019
L-PREC→R-SUP,DMN→CEN,Warszawa,eyes open,theta,-0.06711128961345003
R-PREC→L-ACC,DMN→SN,Warszawa,eyes open,theta,0.21783483771172615
R-PREC→R-ACC,DMN→SN,Warszawa,eyes open,theta,-0.05201564866102994
R-PREC→L-INS,DMN→SN,Warszawa,eyes open,theta,0.039041618637233294
R-PREC→R-INS,DMN→SN,Warszawa,eyes open,theta,0.085116757558522
R-PREC→L-IFG,DMN→DMN,Warszawa,eyes open,theta,0.07274148238847802
R-PREC→R-IFG,DMN→CEN,Warszawa,eyes open,theta,0.1324435813287295
R-PREC→L-mPFC,DMN→DMN,Warszawa,eyes open,theta,0.060993754559283325
R-PREC→R-mPFC,DMN→DMN,Warszawa,eyes open,theta,-0.005389237016012753
R-PREC→L-aSTG,DMN→DMN,Warszawa,eyes open,theta,-0.17008953533131504
R-PREC→R-aSTG,DMN→DMN,Warszawa,eyes open,theta,0.0052495065695726
R-PREC→L-PREC,DMN→DMN,Warszawa,eyes open,theta,0.07450188036147712
R-PREC→L-ANG,DMN→DMN,Warszawa,eyes open,theta,0.07781646953186022
R-PREC→R-ANG,DMN→DMN,Warszawa,eyes open,theta,0.10771683725806525
R-PREC→L-SFG,DMN→CEN,Warszawa,eyes open,theta,-0.047052324945732846
R-PREC→R-SFG,DMN→CEN,Warszawa,eyes open,theta,-0.08982061693354587
R-PREC→L-pSTG,DMN→CEN,Warszawa,eyes open,theta,0.00718564935468367
R-PREC→R-pSTG,DMN→CEN,Warszawa,eyes open,theta,0.06590122219458286
R-PREC→L-ITG,DMN→CEN,Warszawa,eyes open,theta,-0.15235801585357772
R-PREC→R-ITG,DMN→CEN,Warszawa,eyes open,theta,-0.03455928889104626
R-PREC→L-SUP,DMN→CEN,Warszawa,eyes open,theta,-0.12388840890793915
R-PREC→R-SUP,DMN→CEN,Warszawa,eyes open,theta,-0.2631343008511745
L-ANG→L-ACC,DMN→SN,Warszawa,eyes open,theta,-0.07839058211871469
L-ANG→R-ACC,DMN→SN,Warszawa,eyes open,theta,-0.1345345587992625
L-ANG→L-INS,DMN→SN,Warszawa,eyes open,theta,-0.053914616213322164
L-ANG→R-INS,DMN→SN,Warszawa,eyes open,theta,-0.20563608679986947
L-ANG→L-IFG,DMN→DMN,Warszawa,eyes open,theta,0.07662977128730239
L-ANG→R-IFG,DMN→CEN,Warszawa,eyes open,theta,-0.23879884186869094
L-ANG→L-mPFC,DMN→DMN,Warszawa,eyes open,theta,-0.1657829133504848
L-ANG→R-mPFC,DMN→DMN,Warszawa,eyes open,theta,-0.14072683577263365
L-ANG→L-aSTG,DMN→DMN,Warszawa,eyes open,theta,-0.12547286652195427
L-ANG→R-aSTG,DMN→DMN,Warszawa,eyes open,theta,-0.16644037102032122
L-ANG→L-PREC,DMN→DMN,Warszawa,eyes open,theta,-0.02783039956496219
L-ANG→R-PREC,DMN→DMN,Warszawa,eyes open,theta,0.0422915595281849
L-ANG→R-ANG,DMN→DMN,Warszawa,eyes open,theta,-0.08164190795316731
L-ANG→L-SFG,DMN→CEN,Warszawa,eyes open,theta,-0.12896515122756289
L-ANG→R-SFG,DMN→CEN,Warszawa,eyes open,theta,-0.12084310530572209
L-ANG→L-pSTG,DMN→CEN,Warszawa,eyes open,theta,-0.3581982628030364
L-ANG→R-pSTG,DMN→CEN,Warszawa,eyes open,theta,0.16623437470313232
L-ANG→L-ITG,DMN→CEN,Warszawa,eyes open,theta,0.0191694657186319
L-ANG→R-ITG,DMN→CEN,Warszawa,eyes open,theta,-0.17350723656160255
L-ANG→L-SUP,DMN→CEN,Warszawa,eyes open,theta,-0.2296752913949151
L-ANG→R-SUP,DMN→CEN,Warszawa,eyes open,theta,-0.041591160655387115
R-ANG→L-ACC,DMN→SN,Warszawa,eyes open,theta,0.03261062213997001
R-ANG→R-ACC,DMN→SN,Warszawa,eyes open,theta,-0.11094917291063974
R-ANG→L-INS,DMN→SN,Warszawa,eyes open,theta,-0.15983788754422587
R-ANG→R-INS,DMN→SN,Warszawa,eyes open,theta,0.026290695905599213
R-ANG→L-IFG,DMN→DMN,Warszawa,eyes open,theta,0.10733444324690647
R-ANG→R-IFG,DMN→CEN,Warszawa,eyes open,theta,-0.08982061693354587
R-ANG→L-mPFC,DMN→DMN,Warszawa,eyes open,theta,0.12248848662336066
R-ANG→R-mPFC,DMN→DMN,Warszawa,eyes open,theta,-0.25173572859796006
R-ANG→L-aSTG,DMN→DMN,Warszawa,eyes open,theta,-0.30797960066574137
R-ANG→R-aSTG,DMN→DMN,Warszawa,eyes open,theta,-0.05582485857720407
R-ANG→L-PREC,DMN→DMN,Warszawa,eyes open,theta,0.07394934741547096
R-ANG→R-PREC,DMN→DMN,Warszawa,eyes open,theta,0.11785397200410738
R-ANG→L-ANG,DMN→DMN,Warszawa,eyes open,theta,-0.09902999554370516
R-ANG→L-SFG,DMN→CEN,Warszawa,eyes open,theta,-0.09902999554370516
R-ANG→R-SFG,DMN→CEN,Warszawa,eyes open,theta,-0.07493518417283379
R-ANG→L-pSTG,DMN→CEN,Warszawa,eyes open,theta,-0.22668275907107108
R-ANG→R-pSTG,DMN→CEN,Warszawa,eyes open,theta,0.17744058517312783
R-ANG→L-ITG,DMN→CEN,Warszawa,eyes open,theta,-0.15394127668259303
R-ANG→R-ITG,DMN→CEN,Warszawa,eyes open,theta,0.12010802906004511
R-ANG→L-SUP,DMN→CEN,Warszawa,eyes open,theta,-0.10199204770284384
R-ANG→R-SUP,DMN→CEN,Warszawa,eyes open,theta,-0.16752520017017272
L-SFG→L-ACC,CEN→SN,Warszawa,eyes open,theta,-0.059636570496347546
L-SFG→R-ACC,CEN→SN,Warszawa,eyes open,theta,0.25365421317779824
L-SFG→L-INS,CEN→SN,Warszawa,eyes open,theta,0.0766778628745276
L-SFG→R-INS,CEN→SN,Warszawa,eyes open,theta,0.09051526052442792
L-SFG→L-IFG,CEN→DMN,Warszawa,eyes open,theta,-0.16497938994795694
L-SFG→R-IFG,CEN→CEN,Warszawa,eyes open,theta,-0.1832340585444336
L-SFG→L-mPFC,CEN→DMN,Warszawa,eyes open,theta,-0.1940125325764591
L-SFG→R-mPFC,CEN→DMN,Warszawa,eyes open,theta,0.013013872879077763
L-SFG→L-aSTG,CEN→DMN,Warszawa,eyes open,theta,-0.191694657186319
L-SFG→R-aSTG,CEN→DMN,Warszawa,eyes open,theta,-0.2757958455384881
L-SFG→L-PREC,CEN→DMN,Warszawa,eyes open,theta,-0.059846573445470355
L-SFG→R-PREC,CEN→DMN,Warszawa,eyes open,theta,-0.14077002211601716
L-SFG→L-ANG,CEN→DMN,Warszawa,eyes open,theta,-0.07144982676944618
L-SFG→R-ANG,CEN→DMN,Warszawa,eyes open,theta,0.010456072210162856
L-SFG→R-SFG,CEN→CEN,Warszawa,eyes open,theta,-0.30548712972207964
L-SFG→L-pSTG,CEN→CEN,Warszawa,eyes open,theta,-0.1251806794486769
L-SFG→R-pSTG,CEN→CEN,Warszawa,eyes open,theta,0.06646725653082394
L-SFG→L-ITG,CEN→CEN,Warszawa,eyes open,theta,-0.25868337676861214
L-SFG→R-ITG,CEN→CEN,Warszawa,eyes open,theta,-0.0446742027128159
L-SFG→L-SUP,CEN→CEN,Warszawa,eyes open,theta,-0.22480555251850137
L-SFG→R-SUP,CEN→CEN,Warszawa,eyes open,theta,-0.1664500757152958
R-SFG→L-ACC,CEN→SN,Warszawa,eyes open,theta,0.17088952338639488
R-SFG→R-ACC,CEN→SN,Warszawa,eyes open,theta,0.19458525440166627
R-SFG→L-INS,CEN→SN,Warszawa,eyes open,theta,0.19743435190493205
R-SFG→R-INS,CEN→SN,Warszawa,eyes open,theta,0.10149974286764377
R-SFG→L-IFG,CEN→DMN,Warszawa,eyes open,theta,-0.042371755888273084
R-SFG→R-IFG,CEN→CEN,Warszawa,eyes open,theta,-0.046681969795714456
R-SFG→L-mPFC,CEN→DMN,Warszawa,eyes open,theta,-0.01636860722279269
R-SFG→R-mPFC,CEN→DMN,Warszawa,eyes open,theta,0.07469115167314312
R-SFG→L-aSTG,CEN→DMN,Warszawa,eyes open,theta,0.020606903078706437
R-SFG→R-aSTG,CEN→DMN,Warszawa,eyes open,theta,0.03437407516786466
R-SFG→L-PREC,CEN→DMN,Warszawa,eyes open,theta,0.010456072210162856
R-SFG→R-PREC,CEN→DMN,Warszawa,eyes open,theta,0.09249250917449296
R-SFG→L-ANG,CEN→DMN,Warszawa,eyes open,theta,0.13749630067145863
R-SFG→R-ANG,CEN→DMN,Warszawa,eyes open,theta,0.006528709108548383
R-SFG→L-SFG,CEN→CEN,Warszawa,eyes open,theta,0.19116735709832477
R-SFG→L-pSTG,CEN→CEN,Warszawa,eyes open,theta,0.10844912061059676
R-SFG→R-pSTG,CEN→CEN,Warszawa,eyes open,theta,0.11859703980966084
R-SFG→L-ITG,CEN→CEN,Warszawa,eyes open,theta,-0.06340954304994169
R-SFG→R-ITG,CEN→CEN,Warszawa,eyes open,theta,0.05424490121891687
R-SFG→L-SUP,CEN→CEN,Warszawa,eyes open,theta,-0.07333312520782988
R-SFG→R-SUP,CEN→CEN,Warszawa,eyes open,theta,-0.10804607950501617
L-pSTG→L-ACC,CEN→SN,Warszawa,eyes open,theta,0.10778474032025503
L-pSTG→R-ACC,CEN→SN,Warszawa,eyes open,theta,0.06894896138462203
L-pSTG→L-INS,CEN→SN,Warszawa,eyes open,theta,0.18291135827700095
L-pSTG→R-INS,CEN→SN,Warszawa,eyes open,theta,0.25329413975259935
L-pSTG→L-IFG,CEN→DMN,Warszawa,eyes open,theta,-0.11198208567524914
L-pSTG→R-IFG,CEN→CEN,Warszawa,eyes open,theta,-0.02060470376424584
L-pSTG→L-mPFC,CEN→DMN,Warszawa,eyes open,theta,0.09105419882373579
L-pSTG→R-mPFC,CEN→DMN,Warszawa,eyes open,theta,0.15825781920846535
L-pSTG→L-aSTG,CEN→DMN,Warszawa,eyes open,theta,-0.005228036105081428
L-pSTG→R-aSTG,CEN→DMN,Warszawa,eyes open,theta,0.06646725653082394
L-pSTG→L-PREC,CEN→DMN,Warszawa,eyes open,theta,0.09821164333675615
L-pSTG→R-PREC,CEN→DMN,Warszawa,eyes open,theta,0.22808626041985303
L-pSTG→L-ANG,CEN→DMN,Warszawa,eyes open,theta,0.20799251354549392
L-pSTG→R-ANG,CEN→DMN,Warszawa,eyes open,theta,-0.10119499118249994
L-pSTG→L-SFG,CEN→CEN,Warszawa,eyes open,theta,0.07693245394712565
L-pSTG→R-SFG,CEN→CEN,Warszawa,eyes open,theta,-0.1269965373472269
L-pSTG→R-pSTG,CEN→CEN,Warszawa,eyes open,theta,0.04130256477222602
L-pSTG→L-ITG,CEN→CEN,Warszawa,eyes open,theta,-0.012161578400104142
L-pSTG→R-ITG,CEN→CEN,Warszawa,eyes open,theta,0.16623437470313232
L-pSTG→L-SUP,CEN→CEN,Warszawa,eyes open,theta,-0.0694175575190857
L-pSTG→R-SUP,CEN→CEN,Warszawa,eyes open,theta,0.11526573121468876
R-pSTG→L-ACC,CEN→SN,Warszawa,eyes open,theta,-0.09080085860427158
R-pSTG→R-ACC,CEN→SN,Warszawa,eyes open,theta,0.018005467945071962
R-pSTG→L-INS,CEN→SN,Warszawa,eyes open,theta,-0.0682435854044438
R-pSTG→R-INS,CEN→SN,Warszawa,eyes open,theta,-0.26297000932891873
R-pSTG→L-IFG,CEN→DMN,Warszawa,eyes open,theta,-0.08860578548647303
R-pSTG→R-IFG,CEN→CEN,Warszawa,eyes open,theta,-0.05385841862903262
R-pSTG→L-mPFC,CEN→DMN,Warszawa,eyes open,theta,-0.14378046697080052
R-pSTG→R-mPFC,CEN→DMN,Warszawa,eyes open,theta,0.08190589897960902
R-pSTG→L-aSTG,CEN→DMN,Warszawa,eyes open,theta,-0.21662773768289972
R-pSTG→R-aSTG,CEN→DMN,Warszawa,eyes open,theta,0.07662977128730239
R-pSTG→L-PREC,CEN→DMN,Warszawa,eyes open,theta,0.012681171125357805
R-pSTG→R-PREC,CEN→DMN,Warszawa,eyes open,theta,-0.05751089729349828
R-pSTG→L-ANG,CEN→DMN,Warszawa,eyes open,theta,-0.07235903886890169
R-pSTG→R-ANG,CEN→DMN,Warszawa,eyes open,theta,0.2011740311410124
R-pSTG→L-SFG,CEN→CEN,Warszawa,eyes open,theta,0.121658603812549
R-pSTG→R-SFG,CEN→CEN,Warszawa,eyes open,theta,-0.11449389357044006
R-pSTG→L-pSTG,CEN→CEN,Warszawa,eyes open,theta,-0.26595038270299065
R-pSTG→L-ITG,CEN→CEN,Warszawa,eyes open,theta,-0.06901307675219794
R-pSTG→R-ITG,CEN→CEN,Warszawa,eyes open,theta,-0.19148984379214423
R-pSTG→L-SUP,CEN→CEN,Warszawa,eyes open,theta,-0.2668433395717369
R-pSTG→R-SUP,CEN→CEN,Warszawa,eyes open,theta,-0.06935815762622324
L-ITG→L-ACC,CEN→SN,Warszawa,eyes open,theta,0.12895822392534187
L-ITG→R-ACC,CEN→SN,Warszawa,eyes open,theta,0.31847006522073773
L-ITG→L-INS,CEN→SN,Warszawa,eyes open,theta,0.0008429094851474698
L-ITG→R-INS,CEN→SN,Warszawa,eyes open,theta,0.1046196617842019
L-ITG→L-IFG,CEN→DMN,Warszawa,eyes open,theta,-0.11814104731529738
L-ITG→R-IFG,CEN→CEN,Warszawa,eyes open,theta,-0.06856391363996016
L-ITG→L-mPFC,CEN→DMN,Warszawa,eyes open,theta,0.08031058160174803
L-ITG→R-mPFC,CEN→DMN,Warszawa,eyes open,theta,-0.0016321772771370957
L-ITG→L-aSTG,CEN→DMN,Warszawa,eyes open,theta,0.02258578845733626
L-ITG→R-aSTG,CEN→DMN,Warszawa,eyes open,theta,-0.0750801547483064
L-ITG→L-PREC,CEN→DMN,Warszawa,eyes open,theta,0.2788285922710095
L-ITG→R-PREC,CEN→DMN,Warszawa,eyes open,theta,-0.1860468093211398
L-ITG→L-ANG,CEN→DMN,Warszawa,eyes open,theta,0.3305398703154488
L-ITG→R-ANG,CEN→DMN,Warszawa,eyes open,theta,0.19225071380969425
L-ITG→L-SFG,CEN→CEN,Warszawa,eyes open,theta,-0.17790732320794345
L-ITG→R-SFG,CEN→CEN,Warszawa,eyes open,theta,0.19423174307418622
L-ITG→L-pSTG,CEN→CEN,Warszawa,eyes open,theta,0.06581145063497734
L-ITG→R-pSTG,CEN→CEN,Warszawa,eyes open,theta,0.315914119399899
L-ITG→R-ITG,CEN→CEN,Warszawa,eyes open,theta,0.0916170292722168
L-ITG→L-SUP,CEN→CEN,Warszawa,eyes open,theta,0.19623283621077794
L-ITG→R-SUP,CEN→CEN,Warszawa,eyes open,theta,0.06775736537200878
R-ITG→L-ACC,CEN→SN,Warszawa,eyes open,theta,-0.10893613543999486
R-ITG→R-ACC,CEN→SN,Warszawa,eyes open,theta,0.1325244279909818
R-ITG→L-INS,CEN→SN,Warszawa,eyes open,theta,0.1566453918370729
R-ITG→R-INS,CEN→SN,Warszawa,eyes open,theta,0.0736587325025671
R-ITG→L-IFG,CEN→DMN,Warszawa,eyes open,theta,-0.020912144420325712
R-ITG→R-IFG,CEN→CEN,Warszawa,eyes open,theta,-0.11379278049490842
R-ITG→L-mPFC,CEN→DMN,Warszawa,eyes open,theta,0.11052644398656412
R-ITG→R-mPFC,CEN→DMN,Warszawa,eyes open,theta,0.012161578400104142
R-ITG→L-aSTG,CEN→DMN,Warszawa,eyes open,theta,0.006161653430427721
R-ITG→R-aSTG,CEN→DMN,Warszawa,eyes open,theta,-0.14812768964397377
R-ITG→L-PREC,CEN→DMN,Warszawa,eyes open,theta,0.19563249641608013
R-ITG→R-PREC,CEN→DMN,Warszawa,eyes open,theta,0.0032737214445585387
R-ITG→L-ANG,CEN→DMN,Warszawa,eyes open,theta,0.10030622873254891
R-ITG→R-ANG,CEN→DMN,Warszawa,eyes open,theta,0.0992192371144561
R-ITG→L-SFG,CEN→CEN,Warszawa,eyes open,theta,0.04746896094609881
R-ITG→R-SFG,CEN→CEN,Warszawa,eyes open,theta,0.04311389612810202
R-ITG→L-pSTG,CEN→CEN,Warszawa,eyes open,theta,-0.1697340457495141
R-ITG→R-pSTG,CEN→CEN,Warszawa,eyes open,theta,-0.019678027908966708
R-ITG→L-ITG,CEN→CEN,Warszawa,eyes open,theta,0.08751216791612201
R-ITG→L-SUP,CEN→CEN,Warszawa,eyes open,theta,-0.28754198577947854
R-ITG→R-SUP,CEN→CEN,Warszawa,eyes open,theta,0.28569365514977246
L-SUP→L-ACC,CEN→SN,Warszawa,eyes open,theta,0.16347352281905347
L-SUP→R-ACC,CEN→SN,Warszawa,eyes open,theta,0.20644961911520293
L-SUP→L-INS,CEN→SN,Warszawa,eyes open,theta,-0.01643168494099951
L-SUP→R-INS,CEN→SN,Warszawa,eyes open,theta,0.22531486870193515
L-SUP→L-IFG,CEN→DMN,Warszawa,eyes open,theta,-0.09019131491077927
L-SUP→R-IFG,CEN→CEN,Warszawa,eyes open,theta,-0.14638501094227999
L-SUP→L-mPFC,CEN→DMN,Warszawa,eyes open,theta,-0.0017964123386709175
L-SUP→R-mPFC,CEN→DMN,Warszawa,eyes open,theta,0.07319250547113999
L-SUP→L-aSTG,CEN→DMN,Warszawa,eyes open,theta,-0.07553965596204024
L-SUP→R-aSTG,CEN→DMN,Warszawa,eyes open,theta,-0.05920818333945886
L-SUP→L-PREC,CEN→DMN,Warszawa,eyes open,theta,0.13673581909009322
L-SUP→R-PREC,CEN→DMN,Warszawa,eyes open,theta,0.23797763115395787
L-SUP→L-ANG,CEN→DMN,Warszawa,eyes open,theta,-0.014329461247506987
L-SUP→R-ANG,CEN→DMN,Warszawa,eyes open,theta,0.0
L-SUP→L-SFG,CEN→CEN,Warszawa,eyes open,theta,-0.20119818193114275
L-SUP→R-SFG,CEN→CEN,Warszawa,eyes open,theta,-0.16573348679936872
L-SUP→L-pSTG,CEN→CEN,Warszawa,eyes open,theta,-0.2388254362600477
L-SUP→R-pSTG,CEN→CEN,Warszawa,eyes open,theta,0.060993754559283325
L-SUP→L-ITG,CEN→CEN,Warszawa,eyes open,theta,-0.11555139641416329
L-SUP→R-ITG,CEN→CEN,Warszawa,eyes open,theta,-0.04059989714705751
L-SUP→R-SUP,CEN→CEN,Warszawa,eyes open,theta,0.1041919156429132
R-SUP→L-ACC,CEN→SN,Warszawa,eyes open,theta,-0.03995947188605647
R-SUP→R-ACC,CEN→SN,Warszawa,eyes open,theta,-0.1751440972838818
R-SUP→L-INS,CEN→SN,Warszawa,eyes open,theta,0.14058753230389867
R-SUP→R-INS,CEN→SN,Warszawa,eyes open,theta,0.017964123386709174
R-SUP→L-IFG,CEN→DMN,Warszawa,eyes open,theta,-0.06447911196267093
R-SUP→R-IFG,CEN→CEN,Warszawa,eyes open,theta,-0.00397577136642317
R-SUP→L-mPFC,CEN→DMN,Warszawa,eyes open,theta,-0.0718564935468367
R-SUP→R-mPFC,CEN→DMN,Warszawa,eyes open,theta,0.15055496241152352
R-SUP→L-aSTG,CEN→DMN,Warszawa,eyes open,theta,-0.06287443185348211
R-SUP→R-aSTG,CEN→DMN,Warszawa,eyes open,theta,0.02774701371133063
R-SUP→L-PREC,CEN→DMN,Warszawa,eyes open,theta,0.23570794400821476
R-SUP→R-PREC,CEN→DMN,Warszawa,eyes open,theta,-0.19458525440166627
R-SUP→L-ANG,CEN→DMN,Warszawa,eyes open,theta,-0.03883069532935406
R-SUP→R-ANG,CEN→DMN,Warszawa,eyes open,theta,0.014731746500513423
R-SUP→L-SFG,CEN→CEN,Warszawa,eyes open,theta,-0.014266317516027532
R-SUP→R-SFG,CEN→CEN,Warszawa,eyes open,theta,-0.09466628207395156
R-SUP→L-pSTG,CEN→CEN,Warszawa,eyes open,theta,-0.08574194063635247
R-SUP→R-pSTG,CEN→CEN,Warszawa,eyes open,theta,0.059281607176140276
R-SUP→L-ITG,CEN→CEN,Warszawa,eyes open,theta,-0.18684143824461494
R-SUP→R-ITG,CEN→CEN,Warszawa,eyes open,theta,0.02377719586004589
R-SUP→L-SUP,CEN→CEN,Warszawa,eyes open,theta,0.0017426787016938093
