node_pair,network_relation,eyes,bands,city,contrast
L-ACC→R-ACC,SN→SN,eyes closed,alpha,"merged(Kraków,Warszawa)",0.16059717757331438
L-ACC→L-INS,SN→SN,eyes closed,alpha,"merged(Kraków,Warszawa)",0.025674131335917293
L-ACC→R-INS,SN→SN,eyes closed,alpha,"merged(Kraków,Warszawa)",-0.03253347285382124
L-ACC→L-IFG,SN→DMN,eyes closed,alpha,"merged(Kraków,Warszawa)",-0.08871415667468088
L-ACC→R-IFG,SN→CEN,eyes closed,alpha,"merged(Kraków,Warszawa)",-0.023211538298959885
L-ACC→L-mPFC,SN→DMN,eyes closed,alpha,"merged(Kraków,Warszawa)",-0.13049306966956498
L-ACC→R-mPFC,SN→DMN,eyes closed,alpha,"merged(Kraków,Warszawa)",0.05490478573041517
L-ACC→L-aSTG,SN→DMN,eyes closed,alpha,"merged(Kraków,Warszawa)",0.04950704102591152
L-ACC→R-aSTG,SN→DMN,eyes closed,alpha,"merged(Kraków,Warszawa)",0.03374314404149129
L-ACC→L-PREC,SN→DMN,eyes closed,alpha,"merged(Kraków,Warszawa)",0.24400104640365927
L-ACC→R-PREC,SN→DMN,eyes closed,alpha,"merged(Kraków,Warszawa)",0.09119718083720542
L-ACC→L-ANG,SN→DMN,eyes closed,alpha,"merged(Kraków,Warszawa)",0.11145796216381147
L-ACC→R-ANG,SN→DMN,eyes closed,alpha,"merged(Kraków,Warszawa)",0.10636131394229748
L-ACC→L-SFG,SN→CEN,eyes closed,alpha,"merged(Kraków,Warszawa)",-0.05400556493734326
L-ACC→R-SFG,SN→CEN,eyes closed,alpha,"merged(Kraków,Warszawa)",-0.1907221184953856
L-ACC→L-pSTG,SN→CEN,eyes closed,alpha,"merged(Kraków,Warszawa)",-0.09060453698477577
L-ACC→R-pSTG,SN→CEN,eyes closed,alpha,"merged(Kraków,Warszawa)",0.02501680610245546
L-ACC→L-ITG,SN→CEN,eyes closed,alpha,"merged(Kraków,Warszawa)",0.11865312221722926
L-ACC→R-ITG,SN→CEN,eyes closed,alpha,"merged(Kraków,Warszawa)",0.16321728272288535
L-ACC→L-SUP,SN→CEN,eyes closed,alpha,"merged(Kraków,Warszawa)",0.03369259441587502
L-ACC→R-SUP,SN→CEN,eyes closed,alpha,"merged(Kraków,Warszawa)",0.003595418134316499
R-ACC→L-ACC,SN→SN,eyes closed,alpha,"merged(Kraków,Warszawa)",0.15663003951000135
R-ACC→L-INS,SN→SN,eyes closed,alpha,"merged(Kraków,Warszawa)",0.045546861995349734
R-ACC→R-INS,SN→SN,eyes closed,alpha,"merged(Kraków,Warszawa)",0.0363669746908279
R-ACC→L-IFG,SN→DMN,eyes closed,alpha,"merged(Kraków,Warszawa)",-0.066117715154613
R-ACC→R-IFG,SN→CEN,eyes closed,alpha,"merged(Kraków,Warszawa)",0.27679555917347703
R-ACC→L-mPFC,SN→DMN,eyes closed,alpha,"merged(Kraków,Warszawa)",0.052930151282690116
R-ACC→R-mPFC,SN→DMN,eyes closed,alpha,"merged(Kraków,Warszawa)",-0.10662922485545766
R-ACC→L-aSTG,SN→DMN,eyes closed,alpha,"merged(Kraków,Warszawa)",0.04471239949166646
R-ACC→R-aSTG,SN→DMN,eyes closed,alpha,"merged(Kraków,Warszawa)",0.16216887002815902
R-ACC→L-PREC,SN→DMN,eyes closed,alpha,"merged(Kraków,Warszawa)",0.2094173329983248
R-ACC→R-PREC,SN→DMN,eyes closed,alpha,"merged(Kraków,Warszawa)",0.00977112651827201
R-ACC→L-ANG,SN→DMN,eyes closed,alpha,"merged(Kraków,Warszawa)",0.22473891588068784
R-ACC→R-ANG,SN→DMN,eyes closed,alpha,"merged(Kraków,Warszawa)",0.0015936295452619962
R-ACC→L-SFG,SN→CEN,eyes closed,alpha,"merged(Kraków,Warszawa)",-0.04696106715124069
R-ACC→R-SFG,SN→CEN,eyes closed,alpha,"merged(Kraków,Warszawa)",-0.11198992798602649
R-ACC→L-pSTG,SN→CEN,eyes closed,alpha,"merged(Kraków,Warszawa)",0.0448689001393332
R-ACC→R-pSTG,SN→CEN,eyes closed,alpha,"merged(Kraków,Warszawa)",0.08005902325618515
R-ACC→L-ITG,SN→CEN,eyes closed,alpha,"merged(Kraków,Warszawa)",0.01871307809520925
R-ACC→R-ITG,SN→CEN,eyes closed,alpha,"merged(Kraków,Warszawa)",0.12799688558166736
R-ACC→L-SUP,SN→CEN,eyes closed,alpha,"merged(Kraków,Warszawa)",-0.05411255411255411
R-ACC→R-SUP,SN→CEN,eyes closed,alpha,"merged(Kraków,Warszawa)",0.0433347006616048
L-INS→L-ACC,SN→SN,eyes closed,alpha,"merged(Kraków,Warszawa)",0.047459519372977786
L-INS→R-ACC,SN→SN,eyes closed,alpha,"merged(Kraków,Warszawa)",-0.039326246882087815
L-INS→R-INS,SN→SN,eyes closed,alpha,"merged(Kraków,Warszawa)",0.007251575473828419
L-INS→L-IFG,SN→DMN,eyes closed,alpha,"merged(Kraków,Warszawa)",0.06126912492274788
L-INS→R-IFG,SN→CEN,eyes closed,alpha,"merged(Kraków,Warszawa)",0.1303975554511333
L-INS→L-mPFC,SN→DMN,eyes closed,alpha,"merged(Kraków,Warszawa)",0.052832907023607045
L-INS→R-mPFC,SN→DMN,eyes closed,alpha,"merged(Kraków,Warszawa)",-0.009308518721819084
L-INS→L-aSTG,SN→DMN,eyes closed,alpha,"merged(Kraków,Warszawa)",-0.10877363210742627
L-INS→R-aSTG,SN→DMN,eyes closed,alpha,"merged(Kraków,Warszawa)",0.19913419913419914
L-INS→L-PREC,SN→DMN,eyes closed,alpha,"merged(Kraków,Warszawa)",0.12633166972535637
L-INS→R-PREC,SN→DMN,eyes closed,alpha,"merged(Kraków,Warszawa)",-0.058404379110703626
L-INS→L-ANG,SN→DMN,eyes closed,alpha,"merged(Kraków,Warszawa)",0.045775782988259905
L-INS→R-ANG,SN→DMN,eyes closed,alpha,"merged(Kraków,Warszawa)",0.17148160424389378
L-INS→L-SFG,SN→CEN,eyes closed,alpha,"merged(Kraków,Warszawa)",-0.05459665480126592
L-INS→R-SFG,SN→CEN,eyes closed,alpha,"merged(Kraków,Warszawa)",-0.01761096900786902
L-INS→L-pSTG,SN→CEN,eyes closed,alpha,"merged(Kraków,Warszawa)",-0.006638262565171546
L-INS→R-pSTG,SN→CEN,eyes closed,alpha,"merged(Kraków,Warszawa)",0.04064763590151496
L-INS→L-ITG,SN→CEN,eyes closed,alpha,"merged(Kraków,Warszawa)",-0.029379458075664274
L-INS→R-ITG,SN→CEN,eyes closed,alpha,"merged(Kraków,Warszawa)",0.12265923746589835
L-INS→L-SUP,SN→CEN,eyes closed,alpha,"merged(Kraków,Warszawa)",-0.016186394681626307
L-INS→R-SUP,SN→CEN,eyes closed,alpha,"merged(Kraków,Warszawa)",-0.1452422287003321
R-INS→L-ACC,SN→SN,eyes closed,alpha,"merged(Kraków,Warszawa)",0.006560949238225712
R-INS→R-ACC,SN→SN,eyes closed,alpha,"merged(Kraków,Warszawa)",0.09469816181869047
R-INS→L-INS,SN→SN,eyes closed,alpha,"merged(Kraków,Warszawa)",-0.0826579154117111
R-INS→L-IFG,SN→DMN,eyes closed,alpha,"merged(Kraków,Warszawa)",0.003798444295814886
R-INS→R-IFG,SN→CEN,eyes closed,alpha,"merged(Kraków,Warszawa)",0.15388370936675017
R-INS→L-mPFC,SN→DMN,eyes closed,alpha,"merged(Kraków,Warszawa)",0.10766064784710437
R-INS→R-mPFC,SN→DMN,eyes closed,alpha,"merged(Kraków,Warszawa)",0.09959020640718429
R-INS→L-aSTG,SN→DMN,eyes closed,alpha,"merged(Kraków,Warszawa)",-0.017981565045741606
R-INS→R-aSTG,SN→DMN,eyes closed,alpha,"merged(Kraków,Warszawa)",0.1652700420974119
R-INS→L-PREC,SN→DMN,eyes closed,alpha,"merged(Kraków,Warszawa)",0.16578200246286384
R-INS→R-PREC,SN→DMN,eyes closed,alpha,"merged(Kraków,Warszawa)",0.07535398122682785
R-INS→L-ANG,SN→DMN,eyes closed,alpha,"merged(Kraków,Warszawa)",0.1097486169340904
R-INS→R-ANG,SN→DMN,eyes closed,alpha,"merged(Kraków,Warszawa)",0.13873583459518773
R-INS→L-SFG,SN→CEN,eyes closed,alpha,"merged(Kraków,Warszawa)",0.14656266077858723
R-INS→R-SFG,SN→CEN,eyes closed,alpha,"merged(Kraków,Warszawa)",-0.07535398122682785
R-INS→L-pSTG,SN→CEN,eyes closed,alpha,"merged(Kraków,Warszawa)",0.12359700230961382
R-INS→R-pSTG,SN→CEN,eyes closed,alpha,"merged(Kraków,Warszawa)",0.15129943034537507
R-INS→L-ITG,SN→CEN,eyes closed,alpha,"merged(Kraków,Warszawa)",0.08332765359810566
R-INS→R-ITG,SN→CEN,eyes closed,alpha,"merged(Kraków,Warszawa)",0.05882330083550339
R-INS→L-SUP,SN→CEN,eyes closed,alpha,"merged(Kraków,Warszawa)",-0.036665660996339694
R-INS→R-SUP,SN→CEN,eyes closed,alpha,"merged(Kraków,Warszawa)",0.041449182301070926
L-IFG→L-ACC,DMN→SN,eyes closed,alpha,"merged(Kraków,Warszawa)",0.008444006618414981
L-IFG→R-ACC,DMN→SN,eyes closed,alpha,"merged(Kraków,Warszawa)",-0.12625795051617666
L-IFG→L-INS,DMN→SN,eyes closed,alpha,"merged(Kraków,Warszawa)",0.08245581390296622
L-IFG→R-INS,DMN→SN,eyes closed,alpha,"merged(Kraków,Warszawa)",0.09824628596453887
L-IFG→R-IFG,DMN→CEN,eyes closed,alpha,"merged(Kraków,Warszawa)",0.1424914757569598
L-IFG→L-mPFC,DMN→DMN,eyes closed,alpha,"merged(Kraków,Warszawa)",-0.1653617962772934
L-IFG→R-mPFC,DMN→DMN,eyes closed,alpha,"merged(Kraków,Warszawa)",0.059980826577618246
L-IFG→L-aSTG,DMN→DMN,eyes closed,alpha,"merged(Kraków,Warszawa)",0.17510736064668458
L-IFG→R-aSTG,DMN→DMN,eyes closed,alpha,"merged(Kraków,Warszawa)",-0.03034819162637049
L-IFG→L-PREC,DMN→DMN,eyes closed,alpha,"merged(Kraków,Warszawa)",0.1307121459094294
L-IFG→R-PREC,DMN→DMN,eyes closed,alpha,"merged(Kraków,Warszawa)",0.10405995728365607
L-IFG→L-ANG,DMN→DMN,eyes closed,alpha,"merged(Kraków,Warszawa)",0.07252842622771029
L-IFG→R-ANG,DMN→DMN,eyes closed,alpha,"merged(Kraków,Warszawa)",0.10687602729926186
L-IFG→L-SFG,DMN→CEN,eyes closed,alpha,"merged(Kraków,Warszawa)",0.04749715858565327
L-IFG→R-SFG,DMN→CEN,eyes closed,alpha,"merged(Kraków,Warszawa)",-0.1014277992527524
L-IFG→L-pSTG,DMN→CEN,eyes closed,alpha,"merged(Kraków,Warszawa)",-0.06347394233600138
L-IFG→R-pSTG,DMN→CEN,eyes closed,alpha,"merged(Kraków,Warszawa)",0.06040302465651718
L-IFG→L-ITG,DMN→CEN,eyes closed,alpha,"merged(Kraków,Warszawa)",-0.07613978744597603
L-IFG→R-ITG,DMN→CEN,eyes closed,alpha,"merged(Kraków,Warszawa)",0.05423416055820572
L-IFG→L-SUP,DMN→CEN,eyes closed,alpha,"merged(Kraków,Warszawa)",0.009166415249084923
L-IFG→R-SUP,DMN→CEN,eyes closed,alpha,"merged(Kraków,Warszawa)",-0.14583345997516567
R-IFG→L-ACC,CEN→SN,eyes closed,alpha,"merged(Kraków,Warszawa)",0.07037328389426241
R-IFG→R-ACC,CEN→SN,eyes closed,alpha,"merged(Kraków,Warszawa)",0.073629158373723
R-IFG→L-INS,CEN→SN,eyes closed,alpha,"merged(Kraków,Warszawa)",0.0007036672182012486
R-IFG→R-INS,CEN→SN,eyes closed,alpha,"merged(Kraków,Warszawa)",0.17884959796666583
R-IFG→L-IFG,CEN→DMN,eyes closed,alpha,"merged(Kraków,Warszawa)",0.0
R-IFG→L-mPFC,CEN→DMN,eyes closed,alpha,"merged(Kraków,Warszawa)",0.00995739384775732
R-IFG→R-mPFC,CEN→DMN,eyes closed,alpha,"merged(Kraków,Warszawa)",0.001352259789321917
R-IFG→L-aSTG,CEN→DMN,eyes closed,alpha,"merged(Kraków,Warszawa)",0.19743048228798296
R-IFG→R-aSTG,CEN→DMN,eyes closed,alpha,"merged(Kraków,Warszawa)",0.18826406703889803
R-IFG→L-PREC,CEN→DMN,eyes closed,alpha,"merged(Kraków,Warszawa)",0.1773999803425837
R-IFG→R-PREC,CEN→DMN,eyes closed,alpha,"merged(Kraków,Warszawa)",0.04561416152908693
R-IFG→L-ANG,CEN→DMN,eyes closed,alpha,"merged(Kraków,Warszawa)",0.18141815361722688
R-IFG→R-ANG,CEN→DMN,eyes closed,alpha,"merged(Kraków,Warszawa)",0.14669305988011316
R-IFG→L-SFG,CEN→CEN,eyes closed,alpha,"merged(Kraków,Warszawa)",-0.049329460719241804
R-IFG→R-SFG,CEN→CEN,eyes closed,alpha,"merged(Kraków,Warszawa)",-0.1543361340496299
R-IFG→L-pSTG,CEN→CEN,eyes closed,alpha,"merged(Kraków,Warszawa)",0.02660150130212722
R-IFG→R-pSTG,CEN→CEN,eyes closed,alpha,"merged(Kraków,Warszawa)",-0.06782592360085682
R-IFG→L-ITG,CEN→CEN,eyes closed,alpha,"merged(Kraków,Warszawa)",-0.027966237165952923
R-IFG→R-ITG,CEN→CEN,eyes closed,alpha,"merged(Kraków,Warszawa)",0.1537707494754499
R-IFG→L-SUP,CEN→CEN,eyes closed,alpha,"merged(Kraków,Warszawa)",0.08332765359810566
R-IFG→R-SUP,CEN→CEN,eyes closed,alpha,"merged(Kraków,Warszawa)",0.16660732969161765
L-mPFC→L-ACC,DMN→SN,eyes closed,alpha,"merged(Kraków,Warszawa)",0.009293567591240164
L-mPFC→R-ACC,DMN→SN,eyes closed,alpha,"merged(Kraków,Warszawa)",0.16135573282229512
L-mPFC→L-INS,DMN→SN,eyes closed,alpha,"merged(Kraków,Warszawa)",0.052493104761020884
L-mPFC→R-INS,DMN→SN,eyes closed,alpha,"merged(Kraków,Warszawa)",0.03835369668473544
L-mPFC→L-IFG,DMN→DMN,eyes closed,alpha,"merged(Kraków,Warszawa)",-0.12015255242960497
L-mPFC→R-IFG,DMN→CEN,eyes closed,alpha,"merged(Kraków,Warszawa)",0.01761096900786902
L-mPFC→R-mPFC,DMN→DMN,eyes closed,alpha,"merged(Kraków,Warszawa)",0.2433181749044666
L-mPFC→L-aSTG,DMN→DMN,eyes closed,alpha,"merged(Kraków,Warszawa)",0.04547988979505349
L-mPFC→R-aSTG,DMN→DMN,eyes closed,alpha,"merged(Kraków,Warszawa)",0.1576408411614551
L-mPFC→L-PREC,DMN→DMN,eyes closed,alpha,"merged(Kraków,Warszawa)",0.18582561448372173
L-mPFC→R-PREC,DMN→DMN,eyes closed,alpha,"merged(Kraków,Warszawa)",0.09522150315484115
L-mPFC→L-ANG,DMN→DMN,eyes closed,alpha,"merged(Kraków,Warszawa)",0.22702857972886684
L-mPFC→R-ANG,DMN→DMN,eyes closed,alpha,"merged(Kraków,Warszawa)",0.14511856564794037
L-mPFC→L-SFG,DMN→CEN,eyes closed,alpha,"merged(Kraków,Warszawa)",0.07686619527707314
L-mPFC→R-SFG,DMN→CEN,eyes closed,alpha,"merged(Kraków,Warszawa)",0.01011606387545683
L-mPFC→L-pSTG,DMN→CEN,eyes closed,alpha,"merged(Kraków,Warszawa)",0.10506122093181951
L-mPFC→R-pSTG,DMN→CEN,eyes closed,alpha,"merged(Kraków,Warszawa)",-0.07109343872651624
L-mPFC→L-ITG,DMN→CEN,eyes closed,alpha,"merged(Kraków,Warszawa)",0.011408704035701692
L-mPFC→R-ITG,DMN→CEN,eyes closed,alpha,"merged(Kraków,Warszawa)",0.1374471796903596
L-mPFC→L-SUP,DMN→CEN,eyes closed,alpha,"merged(Kraków,Warszawa)",0.019831134201073384
L-mPFC→R-SUP,DMN→CEN,eyes closed,alpha,"merged(Kraków,Warszawa)",0.024628352637043698
R-mPFC→L-ACC,DMN→SN,eyes closed,alpha,"merged(Kraków,Warszawa)",0.0073448645189160685
R-mPFC→R-ACC,DMN→SN,eyes closed,alpha,"merged(Kraków,Warszawa)",0.05631805946584601
R-mPFC→L-INS,DMN→SN,eyes closed,alpha,"merged(Kraków,Warszawa)",-0.02909643308531896
R-mPFC→R-INS,DMN→SN,eyes closed,alpha,"merged(Kraków,Warszawa)",0.07354737977377716
R-mPFC→L-IFG,DMN→DMN,eyes closed,alpha,"merged(Kraków,Warszawa)",-0.029130805729419056
R-mPFC→R-IFG,DMN→CEN,eyes closed,alpha,"merged(Kraków,Warszawa)",-0.004551247402367095
R-mPFC→L-mPFC,DMN→DMN,eyes closed,alpha,"merged(Kraków,Warszawa)",0.03318414231089766
R-mPFC→L-aSTG,DMN→DMN,eyes closed,alpha,"merged(Kraków,Warszawa)",-0.04316413972516916
R-mPFC→R-aSTG,DMN→DMN,eyes closed,alpha,"merged(Kraków,Warszawa)",0.09081734998175592
R-mPFC→L-PREC,DMN→DMN,eyes closed,alpha,"merged(Kraków,Warszawa)",0.24132442979879218
R-mPFC→R-PREC,DMN→DMN,eyes closed,alpha,"merged(Kraków,Warszawa)",0.11584576231931763
R-mPFC→L-ANG,DMN→DMN,eyes closed,alpha,"merged(Kraków,Warszawa)",0.15937478999582957
R-mPFC→R-ANG,DMN→DMN,eyes closed,alpha,"merged(Kraków,Warszawa)",0.12581243138900447
R-mPFC→L-SFG,DMN→CEN,eyes closed,alpha,"merged(Kraków,Warszawa)",0.051487005475252284
R-mPFC→R-SFG,DMN→CEN,eyes closed,alpha,"merged(Kraków,Warszawa)",-0.03625787736914209
R-mPFC→L-pSTG,DMN→CEN,eyes closed,alpha,"merged(Kraków,Warszawa)",0.07870957708479684
R-mPFC→R-pSTG,DMN→CEN,eyes closed,alpha,"merged(Kraków,Warszawa)",0.0007042428152039986
R-mPFC→L-ITG,DMN→CEN,eyes closed,alpha,"merged(Kraków,Warszawa)",0.2210245997341515
R-mPFC→R-ITG,DMN→CEN,eyes closed,alpha,"merged(Kraków,Warszawa)",0.012470292363159828
R-mPFC→L-SUP,DMN→CEN,eyes closed,alpha,"merged(Kraków,Warszawa)",0.07579883017501524
R-mPFC→R-SUP,DMN→CEN,eyes closed,alpha,"merged(Kraków,Warszawa)",0.08461306383770698
L-aSTG→L-ACC,DMN→SN,eyes closed,alpha,"merged(Kraków,Warszawa)",0.26807512117417015
L-aSTG→R-ACC,DMN→SN,eyes closed,alpha,"merged(Kraków,Warszawa)",0.2143955832376884
L-aSTG→L-INS,DMN→SN,eyes closed,alpha,"merged(Kraków,Warszawa)",0.2518527803743652
L-aSTG→R-INS,DMN→SN,eyes closed,alpha,"merged(Kraków,Warszawa)",0.02478249720871652
L-aSTG→L-IFG,DMN→DMN,eyes closed,alpha,"merged(Kraków,Warszawa)",0.1407334436402497
L-aSTG→R-IFG,DMN→CEN,eyes closed,alpha,"merged(Kraków,Warszawa)",0.22769080008639814
L-aSTG→L-mPFC,DMN→DMN,eyes closed,alpha,"merged(Kraków,Warszawa)",0.03412082949026188
L-aSTG→R-mPFC,DMN→DMN,eyes closed,alpha,"merged(Kraków,Warszawa)",0.10826579752676822
L-aSTG→R-aSTG,DMN→DMN,eyes closed,alpha,"merged(Kraków,Warszawa)",0.18202187209187906
L-aSTG→L-PREC,DMN→DMN,eyes closed,alpha,"merged(Kraków,Warszawa)",0.15811267806957122
L-aSTG→R-PREC,DMN→DMN,eyes closed,alpha,"merged(Kraków,Warszawa)",0.040706115193740025
L-aSTG→L-ANG,DMN→DMN,eyes closed,alpha,"merged(Kraków,Warszawa)",0.058608829274917396
L-aSTG→R-ANG,DMN→DMN,eyes closed,alpha,"merged(Kraków,Warszawa)",0.2933658523882481
L-aSTG→L-SFG,DMN→CEN,eyes closed,alpha,"merged(Kraków,Warszawa)",0.016059101370939324
L-aSTG→R-SFG,DMN→CEN,eyes closed,alpha,"merged(Kraków,Warszawa)",-0.06173803722306589
L-aSTG→L-pSTG,DMN→CEN,eyes closed,alpha,"merged(Kraków,Warszawa)",0.11257252006190381
L-aSTG→R-pSTG,DMN→CEN,eyes closed,alpha,"merged(Kraków,Warszawa)",0.18471542590489812
L-aSTG→L-ITG,DMN→CEN,eyes closed,alpha,"merged(Kraków,Warszawa)",0.05643499775197682
L-aSTG→R-ITG,DMN→CEN,eyes closed,alpha,"merged(Kraków,Warszawa)",0.1365782387215136
L-aSTG→L-SUP,DMN→CEN,eyes closed,alpha,"merged(Kraków,Warszawa)",-0.015334726388597987
L-aSTG→R-SUP,DMN→CEN,eyes closed,alpha,"merged(Kraków,Warszawa)",0.06669590643415442
R-aSTG→L-ACC,DMN→SN,eyes closed,alpha,"merged(Kraków,Warszawa)",-0.022988416418472588
R-aSTG→R-ACC,DMN→SN,eyes closed,alpha,"merged(Kraków,Warszawa)",0.0168238204838412
R-aSTG→L-INS,DMN→SN,eyes closed,alpha,"merged(Kraków,Warszawa)",0.11422763618090442
R-aSTG→R-INS,DMN→SN,eyes closed,alpha,"merged(Kraków,Warszawa)",0.031163187524494804
R-aSTG→L-IFG,DMN→DMN,eyes closed,alpha,"merged(Kraków,Warszawa)",-0.032276050822296024
R-aSTG→R-IFG,DMN→CEN,eyes closed,alpha,"merged(Kraków,Warszawa)",0.010621220104274472
R-aSTG→L-mPFC,DMN→DMN,eyes closed,alpha,"merged(Kraków,Warszawa)",-0.023973701420683648
R-aSTG→R-mPFC,DMN→DMN,eyes closed,alpha,"merged(Kraków,Warszawa)",0.04033691446121603
R-aSTG→L-aSTG,DMN→DMN,eyes closed,alpha,"merged(Kraków,Warszawa)",0.11845828937278978
R-aSTG→L-PREC,DMN→DMN,eyes closed,alpha,"merged(Kraków,Warszawa)",0.11065578489687142
R-aSTG→R-PREC,DMN→DMN,eyes closed,alpha,"merged(Kraków,Warszawa)",0.02185837482474097
R-aSTG→L-ANG,DMN→DMN,eyes closed,alpha,"merged(Kraków,Warszawa)",0.005141405163241248
R-aSTG→R-ANG,DMN→DMN,eyes closed,alpha,"merged(Kraków,Warszawa)",0.27082966801681085
R-aSTG→L-SFG,DMN→CEN,eyes closed,alpha,"merged(Kraków,Warszawa)",-0.125509378025932
R-aSTG→R-SFG,DMN→CEN,eyes closed,alpha,"merged(Kraków,Warszawa)",-0.06459080983230484
R-aSTG→L-pSTG,DMN→CEN,eyes closed,alpha,"merged(Kraków,Warszawa)",-0.11620006450865977
R-aSTG→R-pSTG,DMN→CEN,eyes closed,alpha,"merged(Kraków,Warszawa)",0.16898465231287546
R-aSTG→L-ITG,DMN→CEN,eyes closed,alpha,"merged(Kraków,Warszawa)",0.016893188393506956
R-aSTG→R-ITG,DMN→CEN,eyes closed,alpha,"merged(Kraków,Warszawa)",0.08529234009693426
R-aSTG→L-SUP,DMN→CEN,eyes closed,alpha,"merged(Kraków,Warszawa)",-0.11960248652902321
R-aSTG→R-SUP,DMN→CEN,eyes closed,alpha,"merged(Kraków,Warszawa)",0.0029341864383905475
L-PREC→L-ACC,DMN→SN,eyes closed,alpha,"merged(Kraków,Warszawa)",0.22960859705030023
L-PREC→R-ACC,DMN→SN,eyes closed,alpha,"merged(Kraków,Warszawa)",0.09003087788724663
L-PREC→L-INS,DMN→SN,eyes closed,alpha,"merged(Kraków,Warszawa)",-0.050851338093098254
L-PREC→R-INS,DMN→SN,eyes closed,alpha,"merged(Kraków,Warszawa)",0.01627983661243011
L-PREC→L-IFG,DMN→DMN,eyes closed,alpha,"merged(Kraków,Warszawa)",-0.07984602567599156
L-PREC→R-IFG,DMN→CEN,eyes closed,alpha,"merged(Kraków,Warszawa)",0.10906841882119352
L-PREC→L-mPFC,DMN→DMN,eyes closed,alpha,"merged(Kraków,Warszawa)",0.01899222147907443
L-PREC→R-mPFC,DMN→DMN,eyes closed,alpha,"merged(Kraków,Warszawa)",0.03954959947748149
L-PREC→L-aSTG,DMN→DMN,eyes closed,alpha,"merged(Kraków,Warszawa)",0.02849829515139196
L-PREC→R-aSTG,DMN→DMN,eyes closed,alpha,"merged(Kraków,Warszawa)",0.1361695802700751
L-PREC→R-PREC,DMN→DMN,eyes closed,alpha,"merged(Kraków,Warszawa)",0.003976825191294869
L-PREC→L-ANG,DMN→DMN,eyes closed,alpha,"merged(Kraków,Warszawa)",0.22899757182222646
L-PREC→R-ANG,DMN→DMN,eyes closed,alpha,"merged(Kraków,Warszawa)",0.25366341187282326
L-PREC→L-SFG,DMN→CEN,eyes closed,alpha,"merged(Kraków,Warszawa)",0.027465469792955947
L-PREC→R-SFG,DMN→CEN,eyes closed,alpha,"merged(Kraków,Warszawa)",-0.10737428016496145
L-PREC→L-pSTG,DMN→CEN,eyes closed,alpha,"merged(Kraków,Warszawa)",-0.11584576231931763
L-PREC→R-pSTG,DMN→CEN,eyes closed,alpha,"merged(Kraków,Warszawa)",-0.12788629700378462
L-PREC→L-ITG,DMN→CEN,eyes closed,alpha,"merged(Kraków,Warszawa)",0.15130420908967102
L-PREC→R-ITG,DMN→CEN,eyes closed,alpha,"merged(Kraków,Warszawa)",0.13847056023834264
L-PREC→L-SUP,DMN→CEN,eyes closed,alpha,"merged(Kraków,Warszawa)",0.10636131394229748
L-PREC→R-SUP,DMN→CEN,eyes closed,alpha,"merged(Kraków,Warszawa)",0.08924295553355102
R-PREC→L-ACC,DMN→SN,eyes closed,alpha,"merged(Kraków,Warszawa)",0.17591395797704595
R-PREC→R-ACC,DMN→SN,eyes closed,alpha,"merged(Kraków,Warszawa)",-0.0358274639003307
R-PREC→L-INS,DMN→SN,eyes closed,alpha,"merged(Kraków,Warszawa)",0.01536143032939741
R-PREC→R-INS,DMN→SN,eyes closed,alpha,"merged(Kraków,Warszawa)",0.12126544710618631
R-PREC→L-IFG,DMN→DMN,eyes closed,alpha,"merged(Kraków,Warszawa)",-0.0648538106476536
R-PREC→R-IFG,DMN→CEN,eyes closed,alpha,"merged(Kraków,Warszawa)",-0.10691375216490613
R-PREC→L-mPFC,DMN→DMN,eyes closed,alpha,"merged(Kraków,Warszawa)",-0.020976498270811342
R-PREC→R-mPFC,DMN→DMN,eyes closed,alpha,"merged(Kraków,Warszawa)",0.07745904942781
R-PREC→L-aSTG,DMN→DMN,eyes closed,alpha,"merged(Kraków,Warszawa)",-0.059546188639722525
R-PREC→R-aSTG,DMN→DMN,eyes closed,alpha,"merged(Kraków,Warszawa)",0.13860662840549648
R-PREC→L-PREC,DMN→DMN,eyes closed,alpha,"merged(Kraków,Warszawa)",0.2130882283420066
R-PREC→L-ANG,DMN→DMN,eyes closed,alpha,"merged(Kraków,Warszawa)",0.13590680547716366
R-PREC→R-ANG,DMN→DMN,eyes closed,alpha,"merged(Kraków,Warszawa)",0.2782820428386534
R-PREC→L-SFG,DMN→CEN,eyes closed,alpha,"merged(Kraków,Warszawa)",0.0007077263128741117
R-PREC→R-SFG,DMN→CEN,eyes closed,alpha,"merged(Kraków,Warszawa)",-0.18582561448372173
R-PREC→L-pSTG,DMN→CEN,eyes closed,alpha,"merged(Kraków,Warszawa)",0.015268003899894555
R-PREC→R-pSTG,DMN→CEN,eyes closed,alpha,"merged(Kraków,Warszawa)",0.06423233999279106
R-PREC→L-ITG,DMN→CEN,eyes closed,alpha,"merged(Kraków,Warszawa)",0.12082783819977676
R-PREC→R-ITG,DMN→CEN,eyes closed,alpha,"merged(Kraków,Warszawa)",0.2608096840676708
R-PREC→L-SUP,DMN→CEN,eyes closed,alpha,"merged(Kraków,Warszawa)",0.030257690382653683
R-PREC→R-SUP,DMN→CEN,eyes closed,alpha,"merged(Kraków,Warszawa)",0.04881612245544745
L-ANG→L-ACC,DMN→SN,eyes closed,alpha,"merged(Kraków,Warszawa)",0.0439484431529623
L-ANG→R-ACC,DMN→SN,eyes closed,alpha,"merged(Kraków,Warszawa)",0.009616210293848456
L-ANG→L-INS,DMN→SN,eyes closed,alpha,"merged(Kraków,Warszawa)",0.13679577125580814
L-ANG→R-INS,DMN→SN,eyes closed,alpha,"merged(Kraków,Warszawa)",-0.014581692368081186
L-ANG→L-IFG,DMN→DMN,eyes closed,alpha,"merged(Kraków,Warszawa)",-0.030151134457776365
L-ANG→R-IFG,DMN→CEN,eyes closed,alpha,"merged(Kraków,Warszawa)",0.09841423857338569
L-ANG→L-mPFC,DMN→DMN,eyes closed,alpha,"merged(Kraków,Warszawa)",0.13486173784306205
L-ANG→R-mPFC,DMN→DMN,eyes closed,alpha,"merged(Kraków,Warszawa)",0.14640062784219557
L-ANG→L-aSTG,DMN→DMN,eyes closed,alpha,"merged(Kraków,Warszawa)",-0.053354895480266826
L-ANG→R-aSTG,DMN→DMN,eyes closed,alpha,"merged(Kraków,Warszawa)",-0.02907358547042121
L-ANG→L-PREC,DMN→DMN,eyes closed,alpha,"merged(Kraków,Warszawa)",0.13397892443937567
L-ANG→R-PREC,DMN→DMN,eyes closed,alpha,"merged(Kraków,Warszawa)",-0.031665024819056184
L-ANG→R-ANG,DMN→DMN,eyes closed,alpha,"merged(Kraków,Warszawa)",0.0693191588591636
L-ANG→L-SFG,DMN→CEN,eyes closed,alpha,"merged(Kraków,Warszawa)",-0.052738131783554756
L-ANG→R-SFG,DMN→CEN,eyes closed,alpha,"merged(Kraków,Warszawa)",0.031047037012174594
L-ANG→L-pSTG,DMN→CEN,eyes closed,alpha,"merged(Kraków,Warszawa)",0.1320722253251302
L-ANG→R-pSTG,DMN→CEN,eyes closed,alpha,"merged(Kraków,Warszawa)",-0.020455437276448878
L-ANG→L-ITG,DMN→CEN,eyes closed,alpha,"merged(Kraków,Warszawa)",0.06623367895930579
L-ANG→R-ITG,DMN→CEN,eyes closed,alpha,"merged(Kraków,Warszawa)",0.11411377817489868
L-ANG→L-SUP,DMN→CEN,eyes closed,alpha,"merged(Kraków,Warszawa)",0.00968238117847625
L-ANG→R-SUP,DMN→CEN,eyes closed,alpha,"merged(Kraków,Warszawa)",0.11098248749990441
R-ANG→L-ACC,DMN→SN,eyes closed,alpha,"merged(Kraków,Warszawa)",0.07646271950328005
R-ANG→R-ACC,DMN→SN,eyes closed,alpha,"merged(Kraków,Warszawa)",-0.027655830218422783
R-ANG→L-INS,DMN→SN,eyes closed,alpha,"merged(Kraków,Warszawa)",-0.039340248404554336
R-ANG→R-INS,DMN→SN,eyes closed,alpha,"merged(Kraków,Warszawa)",0.05145165455240164
R-ANG→L-IFG,DMN→DMN,eyes closed,alpha,"merged(Kraków,Warszawa)",-0.0894721362095191
R-ANG→R-IFG,DMN→CEN,eyes closed,alpha,"merged(Kraków,Warszawa)",0.023729759686488893
R-ANG→L-mPFC,DMN→DMN,eyes closed,alpha,"merged(Kraków,Warszawa)",0.11407348699606255
R-ANG→R-mPFC,DMN→DMN,eyes closed,alpha,"merged(Kraków,Warszawa)",0.022182934290709732
R-ANG→L-aSTG,DMN→DMN,eyes closed,alpha,"merged(Kraków,Warszawa)",0.0027066449381692053
R-ANG→R-aSTG,DMN→DMN,eyes closed,alpha,"merged(Kraków,Warszawa)",-0.0021978310978094024
R-ANG→L-PREC,DMN→DMN,eyes closed,alpha,"merged(Kraków,Warszawa)",0.28787878787878785
R-ANG→R-PREC,DMN→DMN,eyes closed,alpha,"merged(Kraków,Warszawa)",0.07796255960834954
R-ANG→L-ANG,DMN→DMN,eyes closed,alpha,"merged(Kraków,Warszawa)",0.021572508805898994
R-ANG→L-SFG,DMN→CEN,eyes closed,alpha,"merged(Kraków,Warszawa)",-0.1354929543867052
R-ANG→R-SFG,DMN→CEN,eyes closed,alpha,"merged(Kraków,Warszawa)",-0.15077696650939373
R-ANG→L-pSTG,DMN→CEN,eyes closed,alpha,"merged(Kraków,Warszawa)",-0.09348087149222897
R-ANG→R-pSTG,DMN→CEN,eyes closed,alpha,"merged(Kraków,Warszawa)",0.06063936241702334
R-ANG→L-ITG,DMN→CEN,eyes closed,alpha,"merged(Kraków,Warszawa)",-0.13533224690846027
R-ANG→R-ITG,DMN→CEN,eyes closed,alpha,"merged(Kraków,Warszawa)",0.13806405635775357
R-ANG→L-SUP,DMN→CEN,eyes closed,alpha,"merged(Kraków,Warszawa)",-0.06287594239990309
R-ANG→R-SUP,DMN→CEN,eyes closed,alpha,"merged(Kraków,Warszawa)",0.08310065219407184
L-SFG→L-ACC,CEN→SN,eyes closed,alpha,"merged(Kraków,Warszawa)",0.007965915078205854
L-SFG→R-ACC,CEN→SN,eyes closed,alpha,"merged(Kraków,Warszawa)",0.0567110897596466
L-SFG→L-INS,CEN→SN,eyes closed,alpha,"merged(Kraków,Warszawa)",0.08079350970807675
L-SFG→R-INS,CEN→SN,eyes closed,alpha,"merged(Kraków,Warszawa)",-0.018900827129288342
L-SFG→L-IFG,CEN→DMN,eyes closed,alpha,"merged(Kraków,Warszawa)",-0.03235876320884849
L-SFG→R-IFG,CEN→CEN,eyes closed,alpha,"merged(Kraków,Warszawa)",0.06107105228516531
L-SFG→L-mPFC,CEN→DMN,eyes closed,alpha,"merged(Kraków,Warszawa)",-0.040401634782758336
L-SFG→R-mPFC,CEN→DMN,eyes closed,alpha,"merged(Kraków,Warszawa)",0.06969610715785704
L-SFG→L-aSTG,CEN→DMN,eyes closed,alpha,"merged(Kraków,Warszawa)",-0.021001278549116063
L-SFG→R-aSTG,CEN→DMN,eyes closed,alpha,"merged(Kraków,Warszawa)",0.022563483690055196
L-SFG→L-PREC,CEN→DMN,eyes closed,alpha,"merged(Kraków,Warszawa)",0.11296617787803608
L-SFG→R-PREC,CEN→DMN,eyes closed,alpha,"merged(Kraków,Warszawa)",0.005870323002623005
L-SFG→L-ANG,CEN→DMN,eyes closed,alpha,"merged(Kraków,Warszawa)",0.07932453680429354
L-SFG→R-ANG,CEN→DMN,eyes closed,alpha,"merged(Kraków,Warszawa)",0.06512151177132819
L-SFG→R-SFG,CEN→CEN,eyes closed,alpha,"merged(Kraków,Warszawa)",-0.08153082415041522
L-SFG→L-pSTG,CEN→CEN,eyes closed,alpha,"merged(Kraków,Warszawa)",-0.16927713675604333
L-SFG→R-pSTG,CEN→CEN,eyes closed,alpha,"merged(Kraków,Warszawa)",0.020283896839828754
L-SFG→L-ITG,CEN→CEN,eyes closed,alpha,"merged(Kraków,Warszawa)",0.016871572020745646
L-SFG→R-ITG,CEN→CEN,eyes closed,alpha,"merged(Kraków,Warszawa)",0.015868485584000346
L-SFG→L-SUP,CEN→CEN,eyes closed,alpha,"merged(Kraków,Warszawa)",0.010282810326482495
L-SFG→R-SUP,CEN→CEN,eyes closed,alpha,"merged(Kraków,Warszawa)",0.15284330288880366
R-SFG→L-ACC,CEN→SN,eyes closed,alpha,"merged(Kraków,Warszawa)",0.03452464703122777
R-SFG→R-ACC,CEN→SN,eyes closed,alpha,"merged(Kraków,Warszawa)",0.08727749016982775
R-SFG→L-INS,CEN→SN,eyes closed,alpha,"merged(Kraków,Warszawa)",0.20058027803388756
R-SFG→R-INS,CEN→SN,eyes closed,alpha,"merged(Kraków,Warszawa)",0.13169839309141404
R-SFG→L-IFG,CEN→DMN,eyes closed,alpha,"merged(Kraków,Warszawa)",0.17921750813890233
R-SFG→R-IFG,CEN→CEN,eyes closed,alpha,"merged(Kraków,Warszawa)",0.17884959796666583
R-SFG→L-mPFC,CEN→DMN,eyes closed,alpha,"merged(Kraków,Warszawa)",0.17776634769593372
R-SFG→R-mPFC,CEN→DMN,eyes closed,alpha,"merged(Kraków,Warszawa)",0.22423945805669088
R-SFG→L-aSTG,CEN→DMN,eyes closed,alpha,"merged(Kraków,Warszawa)",0.10196297873407152
R-SFG→R-aSTG,CEN→DMN,eyes closed,alpha,"merged(Kraków,Warszawa)",0.26485071923488673
R-SFG→L-PREC,CEN→DMN,eyes closed,alpha,"merged(Kraków,Warszawa)",0.2585392310658456
R-SFG→R-PREC,CEN→DMN,eyes closed,alpha,"merged(Kraków,Warszawa)",0.21188057538790941
R-SFG→L-ANG,CEN→DMN,eyes closed,alpha,"merged(Kraków,Warszawa)",0.3259351292709297
R-SFG→R-ANG,CEN→DMN,eyes closed,alpha,"merged(Kraków,Warszawa)",0.18682582015390975
R-SFG→L-SFG,CEN→CEN,eyes closed,alpha,"merged(Kraków,Warszawa)",0.07334652994005658
R-SFG→L-pSTG,CEN→CEN,eyes closed,alpha,"merged(Kraków,Warszawa)",0.051568343607280694
R-SFG→R-pSTG,CEN→CEN,eyes closed,alpha,"merged(Kraków,Warszawa)",0.11982365187706959
R-SFG→L-ITG,CEN→CEN,eyes closed,alpha,"merged(Kraków,Warszawa)",0.09906381765447536
R-SFG→R-ITG,CEN→CEN,eyes closed,alpha,"merged(Kraków,Warszawa)",0.23565180866291865
R-SFG→L-SUP,CEN→CEN,eyes closed,alpha,"merged(Kraków,Warszawa)",0.08605650446641452
R-SFG→R-SUP,CEN→CEN,eyes closed,alpha,"merged(Kraków,Warszawa)",0.14222727725620812
L-pSTG→L-ACC,CEN→SN,eyes closed,alpha,"merged(Kraków,Warszawa)",0.09974403302987186
L-pSTG→R-ACC,CEN→SN,eyes closed,alpha,"merged(Kraków,Warszawa)",0.11417811612095058
L-pSTG→L-INS,CEN→SN,eyes closed,alpha,"merged(Kraków,Warszawa)",0.15963656516365257
L-pSTG→R-INS,CEN→SN,eyes closed,alpha,"merged(Kraków,Warszawa)",0.1598262945964914
L-pSTG→L-IFG,CEN→DMN,eyes closed,alpha,"merged(Kraków,Warszawa)",0.06002427155687088
L-pSTG→R-IFG,CEN→CEN,eyes closed,alpha,"merged(Kraków,Warszawa)",0.07995658044614243
L-pSTG→L-mPFC,CEN→DMN,eyes closed,alpha,"merged(Kraków,Warszawa)",0.10164415521835905
L-pSTG→R-mPFC,CEN→DMN,eyes closed,alpha,"merged(Kraków,Warszawa)",0.09314111103652378
L-pSTG→L-aSTG,CEN→DMN,eyes closed,alpha,"merged(Kraków,Warszawa)",0.02303366034419181
L-pSTG→R-aSTG,CEN→DMN,eyes closed,alpha,"merged(Kraków,Warszawa)",0.08413278434300608
L-pSTG→L-PREC,CEN→DMN,eyes closed,alpha,"merged(Kraków,Warszawa)",0.18434717605767328
L-pSTG→R-PREC,CEN→DMN,eyes closed,alpha,"merged(Kraków,Warszawa)",0.0916933261997046
L-pSTG→L-ANG,CEN→DMN,eyes closed,alpha,"merged(Kraków,Warszawa)",0.12817325137450497
L-pSTG→R-ANG,CEN→DMN,eyes closed,alpha,"merged(Kraków,Warszawa)",0.2796823595120404
L-pSTG→L-SFG,CEN→CEN,eyes closed,alpha,"merged(Kraków,Warszawa)",-0.12679551442976608
L-pSTG→R-SFG,CEN→CEN,eyes closed,alpha,"merged(Kraków,Warszawa)",-0.15264581614064524
L-pSTG→R-pSTG,CEN→CEN,eyes closed,alpha,"merged(Kraków,Warszawa)",0.06256972841486261
L-pSTG→L-ITG,CEN→CEN,eyes closed,alpha,"merged(Kraków,Warszawa)",-0.052797494053352594
L-pSTG→R-ITG,CEN→CEN,eyes closed,alpha,"merged(Kraków,Warszawa)",-0.073629158373723
L-pSTG→L-SUP,CEN→CEN,eyes closed,alpha,"merged(Kraków,Warszawa)",-0.013380613488875972
L-pSTG→R-SUP,CEN→CEN,eyes closed,alpha,"merged(Kraków,Warszawa)",-0.06975111180574008
R-pSTG→L-ACC,CEN→SN,eyes closed,alpha,"merged(Kraków,Warszawa)",0.18839991023818456
R-pSTG→R-ACC,CEN→SN,eyes closed,alpha,"merged(Kraków,Warszawa)",0.04130416201452753
R-pSTG→L-INS,CEN→SN,eyes closed,alpha,"merged(Kraków,Warszawa)",-0.047998523374388105
R-pSTG→R-INS,CEN→SN,eyes closed,alpha,"merged(Kraków,Warszawa)",0.058404379110703626
R-pSTG→L-IFG,CEN→DMN,eyes closed,alpha,"merged(Kraków,Warszawa)",0.08138852598052286
R-pSTG→R-IFG,CEN→CEN,eyes closed,alpha,"merged(Kraków,Warszawa)",0.10393924845820735
R-pSTG→L-mPFC,CEN→DMN,eyes closed,alpha,"merged(Kraków,Warszawa)",-0.11956809736441482
R-pSTG→R-mPFC,CEN→DMN,eyes closed,alpha,"merged(Kraków,Warszawa)",0.04683362905304088
R-pSTG→L-aSTG,CEN→DMN,eyes closed,alpha,"merged(Kraków,Warszawa)",0.12736259249141355
R-pSTG→R-aSTG,CEN→DMN,eyes closed,alpha,"merged(Kraków,Warszawa)",0.24305026587979536
R-pSTG→L-PREC,CEN→DMN,eyes closed,alpha,"merged(Kraków,Warszawa)",0.12396740929068581
R-pSTG→R-PREC,CEN→DMN,eyes closed,alpha,"merged(Kraków,Warszawa)",0.19191919191919193
R-pSTG→L-ANG,CEN→DMN,eyes closed,alpha,"merged(Kraków,Warszawa)",0.021636156629150673
R-pSTG→R-ANG,CEN→DMN,eyes closed,alpha,"merged(Kraków,Warszawa)",0.32417012381183286
R-pSTG→L-SFG,CEN→CEN,eyes closed,alpha,"merged(Kraków,Warszawa)",0.027005179225862302
R-pSTG→R-SFG,CEN→CEN,eyes closed,alpha,"merged(Kraków,Warszawa)",-0.011505338029812797
R-pSTG→L-pSTG,CEN→CEN,eyes closed,alpha,"merged(Kraków,Warszawa)",-0.18234257505417137
R-pSTG→L-ITG,CEN→CEN,eyes closed,alpha,"merged(Kraków,Warszawa)",0.1033950327109352
R-pSTG→R-ITG,CEN→CEN,eyes closed,alpha,"merged(Kraków,Warszawa)",0.1939044232993842
R-pSTG→L-SUP,CEN→CEN,eyes closed,alpha,"merged(Kraków,Warszawa)",0.2027647403406744
R-pSTG→R-SUP,CEN→CEN,eyes closed,alpha,"merged(Kraków,Warszawa)",0.07291082512129643
L-ITG→L-ACC,CEN→SN,eyes closed,alpha,"merged(Kraków,Warszawa)",0.1829143615568173
L-ITG→R-ACC,CEN→SN,eyes closed,alpha,"merged(Kraków,Warszawa)",0.1704137364890472
L-ITG→L-INS,CEN→SN,eyes closed,alpha,"merged(Kraków,Warszawa)",0.106500535524283
L-ITG→R-INS,CEN→SN,eyes closed,alpha,"merged(Kraków,Warszawa)",0.23905258484327252
L-ITG→L-IFG,CEN→DMN,eyes closed,alpha,"merged(Kraków,Warszawa)",0.1950274780338126
L-ITG→R-IFG,CEN→CEN,eyes closed,alpha,"merged(Kraków,Warszawa)",0.11213707345522667
L-ITG→L-mPFC,CEN→DMN,eyes closed,alpha,"merged(Kraków,Warszawa)",0.17848591106710204
L-ITG→R-mPFC,CEN→DMN,eyes closed,alpha,"merged(Kraków,Warszawa)",0.11795026891577125
L-ITG→L-aSTG,CEN→DMN,eyes closed,alpha,"merged(Kraków,Warszawa)",-0.02732517782080539
L-ITG→R-aSTG,CEN→DMN,eyes closed,alpha,"merged(Kraków,Warszawa)",0.14043415084939362
L-ITG→L-PREC,CEN→DMN,eyes closed,alpha,"merged(Kraków,Warszawa)",0.3345157026103866
L-ITG→R-PREC,CEN→DMN,eyes closed,alpha,"merged(Kraków,Warszawa)",0.04235516507163823
L-ITG→L-ANG,CEN→DMN,eyes closed,alpha,"merged(Kraków,Warszawa)",0.3426167810044666
L-ITG→R-ANG,CEN→DMN,eyes closed,alpha,"merged(Kraków,Warszawa)",0.20127860249676033
L-ITG→L-SFG,CEN→CEN,eyes closed,alpha,"merged(Kraków,Warszawa)",0.19630983013368083
L-ITG→R-SFG,CEN→CEN,eyes closed,alpha,"merged(Kraków,Warszawa)",-0.05412731256761468
L-ITG→L-pSTG,CEN→CEN,eyes closed,alpha,"merged(Kraków,Warszawa)",0.12436746651223811
L-ITG→R-pSTG,CEN→CEN,eyes closed,alpha,"merged(Kraków,Warszawa)",0.14548216542659478
L-ITG→R-ITG,CEN→CEN,eyes closed,alpha,"merged(Kraków,Warszawa)",0.11826337010853134
L-ITG→L-SUP,CEN→CEN,eyes closed,alpha,"merged(Kraków,Warszawa)",0.2077598455109673
L-ITG→R-SUP,CEN→CEN,eyes closed,alpha,"merged(Kraków,Warszawa)",0.17385054647463993
R-ITG→L-ACC,CEN→SN,eyes closed,alpha,"merged(Kraków,Warszawa)",0.2799282195297473
R-ITG→R-ACC,CEN→SN,eyes closed,alpha,"merged(Kraków,Warszawa)",0.26140203017562447
R-ITG→L-INS,CEN→SN,eyes closed,alpha,"merged(Kraków,Warszawa)",0.12995362929243912
R-ITG→R-INS,CEN→SN,eyes closed,alpha,"merged(Kraków,Warszawa)",0.1445473173894161
R-ITG→L-IFG,CEN→DMN,eyes closed,alpha,"merged(Kraków,Warszawa)",0.1322894370218347
R-ITG→R-IFG,CEN→CEN,eyes closed,alpha,"merged(Kraków,Warszawa)",0.31902245860046086
R-ITG→L-mPFC,CEN→DMN,eyes closed,alpha,"merged(Kraków,Warszawa)",0.12763781882782888
R-ITG→R-mPFC,CEN→DMN,eyes closed,alpha,"merged(Kraków,Warszawa)",0.12612698873825934
R-ITG→L-aSTG,CEN→DMN,eyes closed,alpha,"merged(Kraków,Warszawa)",0.24690072005114438
R-ITG→R-aSTG,CEN→DMN,eyes closed,alpha,"merged(Kraków,Warszawa)",0.22658084426080202
R-ITG→L-PREC,CEN→DMN,eyes closed,alpha,"merged(Kraków,Warszawa)",0.39352712194538636
R-ITG→R-PREC,CEN→DMN,eyes closed,alpha,"merged(Kraków,Warszawa)",0.196969696969697
R-ITG→L-ANG,CEN→DMN,eyes closed,alpha,"merged(Kraków,Warszawa)",0.18856247876197355
R-ITG→R-ANG,CEN→DMN,eyes closed,alpha,"merged(Kraków,Warszawa)",0.3619866446981883
R-ITG→L-SFG,CEN→CEN,eyes closed,alpha,"merged(Kraków,Warszawa)",0.12949115745301046
R-ITG→R-SFG,CEN→CEN,eyes closed,alpha,"merged(Kraków,Warszawa)",0.2016450478936058
R-ITG→L-pSTG,CEN→CEN,eyes closed,alpha,"merged(Kraków,Warszawa)",-0.0075614501832414445
R-ITG→R-pSTG,CEN→CEN,eyes closed,alpha,"merged(Kraków,Warszawa)",0.2621491949608638
R-ITG→L-ITG,CEN→CEN,eyes closed,alpha,"merged(Kraków,Warszawa)",0.08844728610418587
R-ITG→L-SUP,CEN→CEN,eyes closed,alpha,"merged(Kraków,Warszawa)",0.17912405180181062
R-ITG→R-SUP,CEN→CEN,eyes closed,alpha,"merged(Kraków,Warszawa)",0.24156806073160156
L-SUP→L-ACC,CEN→SN,eyes closed,alpha,"merged(Kraków,Warszawa)",0.050001239879483905
L-SUP→R-ACC,CEN→SN,eyes closed,alpha,"merged(Kraków,Warszawa)",-0.06134447128233756
L-SUP→L-INS,CEN→SN,eyes closed,alpha,"merged(Kraków,Warszawa)",0.010856493391006462
L-SUP→R-INS,CEN→SN,eyes closed,alpha,"merged(Kraków,Warszawa)",0.07368471447340416
L-SUP→L-IFG,CEN→DMN,eyes closed,alpha,"merged(Kraków,Warszawa)",-0.011494208209236294
L-SUP→R-IFG,CEN→CEN,eyes closed,alpha,"merged(Kraków,Warszawa)",0.05670248138786503
L-SUP→L-mPFC,CEN→DMN,eyes closed,alpha,"merged(Kraków,Warszawa)",-0.11618410404640858
L-SUP→R-mPFC,CEN→DMN,eyes closed,alpha,"merged(Kraków,Warszawa)",0.12422382443896657
L-SUP→L-aSTG,CEN→DMN,eyes closed,alpha,"merged(Kraków,Warszawa)",0.037087112803517557
L-SUP→R-aSTG,CEN→DMN,eyes closed,alpha,"merged(Kraków,Warszawa)",0.09465159453257818
L-SUP→L-PREC,CEN→DMN,eyes closed,alpha,"merged(Kraków,Warszawa)",0.1530086237731868
L-SUP→R-PREC,CEN→DMN,eyes closed,alpha,"merged(Kraków,Warszawa)",0.16995714415707622
L-SUP→L-ANG,CEN→DMN,eyes closed,alpha,"merged(Kraków,Warszawa)",0.05797274610323629
L-SUP→R-ANG,CEN→DMN,eyes closed,alpha,"merged(Kraków,Warszawa)",0.16960926355993508
L-SUP→L-SFG,CEN→CEN,eyes closed,alpha,"merged(Kraków,Warszawa)",0.021110016546037457
L-SUP→R-SFG,CEN→CEN,eyes closed,alpha,"merged(Kraków,Warszawa)",-0.10786254402949497
L-SUP→L-pSTG,CEN→CEN,eyes closed,alpha,"merged(Kraków,Warszawa)",0.06327408830090284
L-SUP→R-pSTG,CEN→CEN,eyes closed,alpha,"merged(Kraków,Warszawa)",0.08098680329509285
L-SUP→L-ITG,CEN→CEN,eyes closed,alpha,"merged(Kraków,Warszawa)",0.02360996815426197
L-SUP→R-ITG,CEN→CEN,eyes closed,alpha,"merged(Kraków,Warszawa)",0.07742966539209455
L-SUP→R-SUP,CEN→CEN,eyes closed,alpha,"merged(Kraków,Warszawa)",-0.042944184167044035
R-SUP→L-ACC,CEN→SN,eyes closed,alpha,"merged(Kraków,Warszawa)",0.04295881172744392
R-SUP→R-ACC,CEN→SN,eyes closed,alpha,"merged(Kraków,Warszawa)",-0.04151596656425308
R-SUP→L-INS,CEN→SN,eyes closed,alpha,"merged(Kraków,Warszawa)",0.13277849390975655
R-SUP→R-INS,CEN→SN,eyes closed,alpha,"merged(Kraków,Warszawa)",0.002759736623304408
R-SUP→L-IFG,CEN→DMN,eyes closed,alpha,"merged(Kraków,Warszawa)",-0.016950446031032754
R-SUP→R-IFG,CEN→CEN,eyes closed,alpha,"merged(Kraków,Warszawa)",0.1860400383578651
R-SUP→L-mPFC,CEN→DMN,eyes closed,alpha,"merged(Kraków,Warszawa)",0.08230565054327649
R-SUP→R-mPFC,CEN→DMN,eyes closed,alpha,"merged(Kraków,Warszawa)",0.11480537683050411
R-SUP→L-aSTG,CEN→DMN,eyes closed,alpha,"merged(Kraków,Warszawa)",0.08280185616577626
R-SUP→R-aSTG,CEN→DMN,eyes closed,alpha,"merged(Kraków,Warszawa)",0.17977090671582496
R-SUP→L-PREC,CEN→DMN,eyes closed,alpha,"merged(Kraków,Warszawa)",0.14072103335557853
R-SUP→R-PREC,CEN→DMN,eyes closed,alpha,"merged(Kraków,Warszawa)",0.04780888635785989
R-SUP→L-ANG,CEN→DMN,eyes closed,alpha,"merged(Kraków,Warszawa)",0.15480081589792494
R-SUP→R-ANG,CEN→DMN,eyes closed,alpha,"merged(Kraków,Warszawa)",0.16504798715946828
R-SUP→L-SFG,CEN→CEN,eyes closed,alpha,"merged(Kraków,Warszawa)",0.028146688728049943
R-SUP→R-SFG,CEN→CEN,eyes closed,alpha,"merged(Kraków,Warszawa)",0.033051890335122305
R-SUP→L-pSTG,CEN→CEN,eyes closed,alpha,"merged(Kraków,Warszawa)",-0.11457415376203725
R-SUP→R-pSTG,CEN→CEN,eyes closed,alpha,"merged(Kraków,Warszawa)",0.03151564809525978
R-SUP→L-ITG,CEN→CEN,eyes closed,alpha,"merged(Kraków,Warszawa)",-0.011726752779631547
R-SUP→R-ITG,CEN→CEN,eyes closed,alpha,"merged(Kraków,Warszawa)",0.06349867014932514
R-SUP→L-SUP,CEN→CEN,eyes closed,alpha,"merged(Kraków,Warszawa)",0.055231876764264755
L-ACC→R-ACC,SN→SN,eyes closed,beta,"merged(Kraków,Warszawa)",0.16691858588672434
L-ACC→L-INS,SN→SN,eyes closed,beta,"merged(Kraków,Warszawa)",0.03784157227485703
L-ACC→R-INS,SN→SN,eyes closed,beta,"merged(Kraków,Warszawa)",-0.029208355286754802
L-ACC→L-IFG,SN→DMN,eyes closed,beta,"merged(Kraków,Warszawa)",-0.061576172343349424
L-ACC→R-IFG,SN→CEN,eyes closed,beta,"merged(Kraków,Warszawa)",0.09472323362748121
L-ACC→L-mPFC,SN→DMN,eyes closed,beta,"merged(Kraków,Warszawa)",-0.19995085542036617
L-ACC→R-mPFC,SN→DMN,eyes closed,beta,"merged(Kraków,Warszawa)",0.030732867484320442
L-ACC→L-aSTG,SN→DMN,eyes closed,beta,"merged(Kraków,Warszawa)",-0.13223591221394787
L-ACC→R-aSTG,SN→DMN,eyes closed,beta,"merged(Kraków,Warszawa)",-0.05393127201474748
L-ACC→L-PREC,SN→DMN,eyes closed,beta,"merged(Kraków,Warszawa)",0.16321728272288535
L-ACC→R-PREC,SN→DMN,eyes closed,beta,"merged(Kraków,Warszawa)",0.044367297357851915
L-ACC→L-ANG,SN→DMN,eyes closed,beta,"merged(Kraków,Warszawa)",-0.06051538076530737
L-ACC→R-ANG,SN→DMN,eyes closed,beta,"merged(Kraków,Warszawa)",0.12501073382002992
L-ACC→L-SFG,SN→CEN,eyes closed,beta,"merged(Kraków,Warszawa)",0.0052112674764117385
L-ACC→R-SFG,SN→CEN,eyes closed,beta,"merged(Kraków,Warszawa)",-0.08450913782447983
L-ACC→L-pSTG,SN→CEN,eyes closed,beta,"merged(Kraków,Warszawa)",-0.08662186627009183
L-ACC→R-pSTG,SN→CEN,eyes closed,beta,"merged(Kraków,Warszawa)",0.03110197515440409
L-ACC→L-ITG,SN→CEN,eyes closed,beta,"merged(Kraków,Warszawa)",0.03130737810082713
L-ACC→R-ITG,SN→CEN,eyes closed,beta,"merged(Kraków,Warszawa)",-0.017593192098099834
L-ACC→L-SUP,SN→CEN,eyes closed,beta,"merged(Kraków,Warszawa)",0.09242687280930224
L-ACC→R-SUP,SN→CEN,eyes closed,beta,"merged(Kraków,Warszawa)",-0.05277957629429951
R-ACC→L-ACC,SN→SN,eyes closed,beta,"merged(Kraków,Warszawa)",0.04948819587249251
R-ACC→L-INS,SN→SN,eyes closed,beta,"merged(Kraków,Warszawa)",0.09499774073315802
R-ACC→R-INS,SN→SN,eyes closed,beta,"merged(Kraków,Warszawa)",-0.037458809046471954
R-ACC→L-IFG,SN→DMN,eyes closed,beta,"merged(Kraków,Warszawa)",0.09304573236192874
R-ACC→R-IFG,SN→CEN,eyes closed,beta,"merged(Kraków,Warszawa)",0.2885982149007562
R-ACC→L-mPFC,SN→DMN,eyes closed,beta,"merged(Kraków,Warszawa)",0.018628222207304757
R-ACC→R-mPFC,SN→DMN,eyes closed,beta,"merged(Kraków,Warszawa)",-0.04277591766121833
R-ACC→L-aSTG,SN→DMN,eyes closed,beta,"merged(Kraków,Warszawa)",0.05219181326796906
R-ACC→R-aSTG,SN→DMN,eyes closed,beta,"merged(Kraków,Warszawa)",0.17823418289069118
R-ACC→L-PREC,SN→DMN,eyes closed,beta,"merged(Kraków,Warszawa)",0.0981158790086337
R-ACC→R-PREC,SN→DMN,eyes closed,beta,"merged(Kraków,Warszawa)",0.0913492666632107
R-ACC→L-ANG,SN→DMN,eyes closed,beta,"merged(Kraków,Warszawa)",0.18742323566907598
R-ACC→R-ANG,SN→DMN,eyes closed,beta,"merged(Kraków,Warszawa)",0.031423493719923146
R-ACC→L-SFG,SN→CEN,eyes closed,beta,"merged(Kraków,Warszawa)",-0.020170753169369168
R-ACC→R-SFG,SN→CEN,eyes closed,beta,"merged(Kraków,Warszawa)",0.10062464390915013
R-ACC→L-pSTG,SN→CEN,eyes closed,beta,"merged(Kraków,Warszawa)",0.10011754267976829
R-ACC→R-pSTG,SN→CEN,eyes closed,beta,"merged(Kraków,Warszawa)",0.10532050092941274
R-ACC→L-ITG,SN→CEN,eyes closed,beta,"merged(Kraków,Warszawa)",0.03943759765142393
R-ACC→R-ITG,SN→CEN,eyes closed,beta,"merged(Kraków,Warszawa)",-0.08969144025739326
R-ACC→L-SUP,SN→CEN,eyes closed,beta,"merged(Kraków,Warszawa)",-0.10090159099060748
R-ACC→R-SUP,SN→CEN,eyes closed,beta,"merged(Kraków,Warszawa)",0.1521517042331982
L-INS→L-ACC,SN→SN,eyes closed,beta,"merged(Kraków,Warszawa)",0.02089038787973975
L-INS→R-ACC,SN→SN,eyes closed,beta,"merged(Kraków,Warszawa)",0.05331461242772883
L-INS→R-INS,SN→SN,eyes closed,beta,"merged(Kraków,Warszawa)",-0.005033585388043099
L-INS→L-IFG,SN→DMN,eyes closed,beta,"merged(Kraków,Warszawa)",0.12289073372498745
L-INS→R-IFG,SN→CEN,eyes closed,beta,"merged(Kraków,Warszawa)",0.03892778195025517
L-INS→L-mPFC,SN→DMN,eyes closed,beta,"merged(Kraków,Warszawa)",0.06164891445063102
L-INS→R-mPFC,SN→DMN,eyes closed,beta,"merged(Kraków,Warszawa)",0.08661263802141457
L-INS→L-aSTG,SN→DMN,eyes closed,beta,"merged(Kraków,Warszawa)",-0.07313302051756682
L-INS→R-aSTG,SN→DMN,eyes closed,beta,"merged(Kraków,Warszawa)",0.13726559820403417
L-INS→L-PREC,SN→DMN,eyes closed,beta,"merged(Kraków,Warszawa)",0.16339430209428324
L-INS→R-PREC,SN→DMN,eyes closed,beta,"merged(Kraków,Warszawa)",-0.10000247975896781
L-INS→L-ANG,SN→DMN,eyes closed,beta,"merged(Kraków,Warszawa)",-0.009536105924769278
L-INS→R-ANG,SN→DMN,eyes closed,beta,"merged(Kraków,Warszawa)",0.20058027803388756
L-INS→L-SFG,SN→CEN,eyes closed,beta,"merged(Kraków,Warszawa)",-0.0253569498131881
L-INS→R-SFG,SN→CEN,eyes closed,beta,"merged(Kraków,Warszawa)",0.10373979834081697
L-INS→L-pSTG,SN→CEN,eyes closed,beta,"merged(Kraków,Warszawa)",-0.1083205120618128
L-INS→R-pSTG,SN→CEN,eyes closed,beta,"merged(Kraków,Warszawa)",-0.04808105146924228
L-INS→L-ITG,SN→CEN,eyes closed,beta,"merged(Kraków,Warszawa)",-0.11806436562719527
L-INS→R-ITG,SN→CEN,eyes closed,beta,"merged(Kraków,Warszawa)",0.006471752641769698
L-INS→L-SUP,SN→CEN,eyes closed,beta,"merged(Kraków,Warszawa)",-0.13600890814300257
L-INS→R-SUP,SN→CEN,eyes closed,beta,"merged(Kraków,Warszawa)",-0.03078272604653281
R-INS→L-ACC,SN→SN,eyes closed,beta,"merged(Kraków,Warszawa)",0.15076850692198734
R-INS→R-ACC,SN→SN,eyes closed,beta,"merged(Kraków,Warszawa)",0.04386410123866129
R-INS→L-INS,SN→SN,eyes closed,beta,"merged(Kraków,Warszawa)",0.07932453680429354
R-INS→L-IFG,SN→DMN,eyes closed,beta,"merged(Kraków,Warszawa)",0.08888753963886539
R-INS→R-IFG,SN→CEN,eyes closed,beta,"merged(Kraków,Warszawa)",0.07605822404203186
R-INS→L-mPFC,SN→DMN,eyes closed,beta,"merged(Kraków,Warszawa)",0.15446962517193236
R-INS→R-mPFC,SN→DMN,eyes closed,beta,"merged(Kraków,Warszawa)",-0.040919396764125066
R-INS→L-aSTG,SN→DMN,eyes closed,beta,"merged(Kraków,Warszawa)",-0.06615569367142357
R-INS→R-aSTG,SN→DMN,eyes closed,beta,"merged(Kraków,Warszawa)",0.1809468833510353
R-INS→L-PREC,SN→DMN,eyes closed,beta,"merged(Kraków,Warszawa)",0.03098668386897594
R-INS→R-PREC,SN→DMN,eyes closed,beta,"merged(Kraków,Warszawa)",0.0471842686186679
R-INS→L-ANG,SN→DMN,eyes closed,beta,"merged(Kraków,Warszawa)",0.046740435746114486
R-INS→R-ANG,SN→DMN,eyes closed,beta,"merged(Kraków,Warszawa)",0.17238345325544466
R-INS→L-SFG,SN→CEN,eyes closed,beta,"merged(Kraków,Warszawa)",0.04008958646940299
R-INS→R-SFG,SN→CEN,eyes closed,beta,"merged(Kraków,Warszawa)",-0.001913897505877382
R-INS→L-pSTG,SN→CEN,eyes closed,beta,"merged(Kraków,Warszawa)",-0.06952766434909069
R-INS→R-pSTG,SN→CEN,eyes closed,beta,"merged(Kraków,Warszawa)",-0.031586902765289526
R-INS→L-ITG,SN→CEN,eyes closed,beta,"merged(Kraków,Warszawa)",0.031782086308186415
R-INS→R-ITG,SN→CEN,eyes closed,beta,"merged(Kraków,Warszawa)",-0.022216761713374018
R-INS→L-SUP,SN→CEN,eyes closed,beta,"merged(Kraków,Warszawa)",-0.09687754669745048
R-INS→R-SUP,SN→CEN,eyes closed,beta,"merged(Kraków,Warszawa)",-0.08505155499155061
L-IFG→L-ACC,DMN→SN,eyes closed,beta,"merged(Kraków,Warszawa)",0.04694698301424876
L-IFG→R-ACC,DMN→SN,eyes closed,beta,"merged(Kraków,Warszawa)",0.11422763618090442
L-IFG→L-INS,DMN→SN,eyes closed,beta,"merged(Kraków,Warszawa)",0.06431867497130653
L-IFG→R-INS,DMN→SN,eyes closed,beta,"merged(Kraków,Warszawa)",0.011728880649043736
L-IFG→R-IFG,DMN→CEN,eyes closed,beta,"merged(Kraków,Warszawa)",0.04200255709823213
L-IFG→L-mPFC,DMN→DMN,eyes closed,beta,"merged(Kraków,Warszawa)",-0.02571312691260745
L-IFG→R-mPFC,DMN→DMN,eyes closed,beta,"merged(Kraków,Warszawa)",0.09995262413399868
L-IFG→L-aSTG,DMN→DMN,eyes closed,beta,"merged(Kraków,Warszawa)",0.03977562375520602
L-IFG→R-aSTG,DMN→DMN,eyes closed,beta,"merged(Kraków,Warszawa)",-0.09499507445716855
L-IFG→L-PREC,DMN→DMN,eyes closed,beta,"merged(Kraków,Warszawa)",0.016184346018628715
L-IFG→R-PREC,DMN→DMN,eyes closed,beta,"merged(Kraków,Warszawa)",-0.02744302150984869
L-IFG→L-ANG,DMN→DMN,eyes closed,beta,"merged(Kraków,Warszawa)",-0.025167476544177524
L-IFG→R-ANG,DMN→DMN,eyes closed,beta,"merged(Kraków,Warszawa)",0.0006766612345423013
L-IFG→L-SFG,DMN→CEN,eyes closed,beta,"merged(Kraków,Warszawa)",-0.024147695453913574
L-IFG→R-SFG,DMN→CEN,eyes closed,beta,"merged(Kraków,Warszawa)",-0.23481825407028636
L-IFG→L-pSTG,DMN→CEN,eyes closed,beta,"merged(Kraków,Warszawa)",0.002203459355674821
L-IFG→R-pSTG,DMN→CEN,eyes closed,beta,"merged(Kraków,Warszawa)",-0.03447969369186118
L-IFG→L-ITG,DMN→CEN,eyes closed,beta,"merged(Kraków,Warszawa)",0.0014125371692527294
L-IFG→R-ITG,DMN→CEN,eyes closed,beta,"merged(Kraków,Warszawa)",0.02866098877751232
L-IFG→L-SUP,DMN→CEN,eyes closed,beta,"merged(Kraków,Warszawa)",0.16595656412928864
L-IFG→R-SUP,DMN→CEN,eyes closed,beta,"merged(Kraków,Warszawa)",-0.07219249186886986
R-IFG→L-ACC,CEN→SN,eyes closed,beta,"merged(Kraków,Warszawa)",0.022535770086527955
R-IFG→R-ACC,CEN→SN,eyes closed,beta,"merged(Kraków,Warszawa)",0.1917009639437094
R-IFG→L-INS,CEN→SN,eyes closed,beta,"merged(Kraków,Warszawa)",0.08108751951113585
R-IFG→R-INS,CEN→SN,eyes closed,beta,"merged(Kraków,Warszawa)",0.1791321409516066
R-IFG→L-IFG,CEN→DMN,eyes closed,beta,"merged(Kraków,Warszawa)",0.109464258343029
R-IFG→L-mPFC,CEN→DMN,eyes closed,beta,"merged(Kraków,Warszawa)",0.12734016031761042
R-IFG→R-mPFC,CEN→DMN,eyes closed,beta,"merged(Kraków,Warszawa)",0.15039625283560534
R-IFG→L-aSTG,CEN→DMN,eyes closed,beta,"merged(Kraków,Warszawa)",0.08142605431893342
R-IFG→R-aSTG,CEN→DMN,eyes closed,beta,"merged(Kraków,Warszawa)",0.1345371603860899
R-IFG→L-PREC,CEN→DMN,eyes closed,beta,"merged(Kraków,Warszawa)",0.10986187917182379
R-IFG→R-PREC,CEN→DMN,eyes closed,beta,"merged(Kraków,Warszawa)",0.028494002701054597
R-IFG→L-ANG,CEN→DMN,eyes closed,beta,"merged(Kraków,Warszawa)",0.12396740929068581
R-IFG→R-ANG,CEN→DMN,eyes closed,beta,"merged(Kraków,Warszawa)",0.022517350982439954
R-IFG→L-SFG,CEN→CEN,eyes closed,beta,"merged(Kraków,Warszawa)",-0.13522597893219168
R-IFG→R-SFG,CEN→CEN,eyes closed,beta,"merged(Kraków,Warszawa)",-0.13252145935354784
R-IFG→L-pSTG,CEN→CEN,eyes closed,beta,"merged(Kraków,Warszawa)",-0.09218040558436355
R-IFG→R-pSTG,CEN→CEN,eyes closed,beta,"merged(Kraków,Warszawa)",0.013473416228550661
R-IFG→L-ITG,CEN→CEN,eyes closed,beta,"merged(Kraków,Warszawa)",-0.1772184523367067
R-IFG→R-ITG,CEN→CEN,eyes closed,beta,"merged(Kraków,Warszawa)",0.01562102449295304
R-IFG→L-SUP,CEN→CEN,eyes closed,beta,"merged(Kraków,Warszawa)",0.13733847447552266
R-IFG→R-SUP,CEN→CEN,eyes closed,beta,"merged(Kraków,Warszawa)",0.041952996541622684
L-mPFC→L-ACC,DMN→SN,eyes closed,beta,"merged(Kraków,Warszawa)",-0.03268416298540874
L-mPFC→R-ACC,DMN→SN,eyes closed,beta,"merged(Kraków,Warszawa)",-0.05476652146753763
L-mPFC→L-INS,DMN→SN,eyes closed,beta,"merged(Kraków,Warszawa)",0.1313346067388878
L-mPFC→R-INS,DMN→SN,eyes closed,beta,"merged(Kraków,Warszawa)",0.008069012705574006
L-mPFC→L-IFG,DMN→DMN,eyes closed,beta,"merged(Kraków,Warszawa)",-0.03786327410101367
L-mPFC→R-IFG,DMN→CEN,eyes closed,beta,"merged(Kraków,Warszawa)",-0.06604534214560537
L-mPFC→R-mPFC,DMN→DMN,eyes closed,beta,"merged(Kraków,Warszawa)",0.11097927862914454
L-mPFC→L-aSTG,DMN→DMN,eyes closed,beta,"merged(Kraków,Warszawa)",0.10264306883667386
L-mPFC→R-aSTG,DMN→DMN,eyes closed,beta,"merged(Kraków,Warszawa)",-0.049123142982269434
L-mPFC→L-PREC,DMN→DMN,eyes closed,beta,"merged(Kraków,Warszawa)",0.22040394182982298
L-mPFC→R-PREC,DMN→DMN,eyes closed,beta,"merged(Kraków,Warszawa)",0.02876334507453199
L-mPFC→L-ANG,DMN→DMN,eyes closed,beta,"merged(Kraków,Warszawa)",0.2198439911678808
L-mPFC→R-ANG,DMN→DMN,eyes closed,beta,"merged(Kraków,Warszawa)",0.05490478573041517
L-mPFC→L-SFG,DMN→CEN,eyes closed,beta,"merged(Kraków,Warszawa)",0.021764020545301407
L-mPFC→R-SFG,DMN→CEN,eyes closed,beta,"merged(Kraków,Warszawa)",-0.024147695453913574
L-mPFC→L-pSTG,DMN→CEN,eyes closed,beta,"merged(Kraków,Warszawa)",0.12691959575656048
L-mPFC→R-pSTG,DMN→CEN,eyes closed,beta,"merged(Kraków,Warszawa)",0.02032381795075748
L-mPFC→L-ITG,DMN→CEN,eyes closed,beta,"merged(Kraków,Warszawa)",-0.07530847551728974
L-mPFC→R-ITG,DMN→CEN,eyes closed,beta,"merged(Kraków,Warszawa)",0.1108455108142344
L-mPFC→L-SUP,DMN→CEN,eyes closed,beta,"merged(Kraków,Warszawa)",0.009536105924769278
L-mPFC→R-SUP,DMN→CEN,eyes closed,beta,"merged(Kraków,Warszawa)",0.0680266842068666
R-mPFC→L-ACC,DMN→SN,eyes closed,beta,"merged(Kraków,Warszawa)",-0.023404488662413993
R-mPFC→R-ACC,DMN→SN,eyes closed,beta,"merged(Kraków,Warszawa)",0.017977090671582492
R-mPFC→L-INS,DMN→SN,eyes closed,beta,"merged(Kraków,Warszawa)",0.12863734994261306
R-mPFC→R-INS,DMN→SN,eyes closed,beta,"merged(Kraków,Warszawa)",-0.050211281933404885
R-mPFC→L-IFG,DMN→DMN,eyes closed,beta,"merged(Kraków,Warszawa)",-0.04445647690317452
R-mPFC→R-IFG,DMN→CEN,eyes closed,beta,"merged(Kraków,Warszawa)",-0.17289604636100633
R-mPFC→L-mPFC,DMN→DMN,eyes closed,beta,"merged(Kraków,Warszawa)",-0.03314020992745724
R-mPFC→L-aSTG,DMN→DMN,eyes closed,beta,"merged(Kraków,Warszawa)",-0.11810100414521953
R-mPFC→R-aSTG,DMN→DMN,eyes closed,beta,"merged(Kraków,Warszawa)",0.06112210828338049
R-mPFC→L-PREC,DMN→DMN,eyes closed,beta,"merged(Kraków,Warszawa)",0.028100177431824528
R-mPFC→R-PREC,DMN→DMN,eyes closed,beta,"merged(Kraków,Warszawa)",0.074781500232222
R-mPFC→L-ANG,DMN→DMN,eyes closed,beta,"merged(Kraków,Warszawa)",0.13010994627736228
R-mPFC→R-ANG,DMN→DMN,eyes closed,beta,"merged(Kraków,Warszawa)",0.019415257925309095
R-mPFC→L-SFG,DMN→CEN,eyes closed,beta,"merged(Kraków,Warszawa)",-0.09369640181900515
R-mPFC→R-SFG,DMN→CEN,eyes closed,beta,"merged(Kraków,Warszawa)",-0.02342410045475129
R-mPFC→L-pSTG,DMN→CEN,eyes closed,beta,"merged(Kraków,Warszawa)",0.0774148471141386
R-mPFC→R-pSTG,DMN→CEN,eyes closed,beta,"merged(Kraków,Warszawa)",0.03794637857043561
R-mPFC→L-ITG,DMN→CEN,eyes closed,beta,"merged(Kraków,Warszawa)",-0.041258174448910966
R-mPFC→R-ITG,DMN→CEN,eyes closed,beta,"merged(Kraków,Warszawa)",-0.14115248410182019
R-mPFC→L-SUP,DMN→CEN,eyes closed,beta,"merged(Kraków,Warszawa)",0.074852312380837
R-mPFC→R-SUP,DMN→CEN,eyes closed,beta,"merged(Kraków,Warszawa)",-0.0471842686186679
L-aSTG→L-ACC,DMN→SN,eyes closed,beta,"merged(Kraków,Warszawa)",0.12045577811022352
L-aSTG→R-ACC,DMN→SN,eyes closed,beta,"merged(Kraków,Warszawa)",0.19390493796141184
L-aSTG→L-INS,DMN→SN,eyes closed,beta,"merged(Kraków,Warszawa)",0.37157923290369493
L-aSTG→R-INS,DMN→SN,eyes closed,beta,"merged(Kraków,Warszawa)",0.11065578489687142
L-aSTG→L-IFG,DMN→DMN,eyes closed,beta,"merged(Kraków,Warszawa)",0.07937582439313552
L-aSTG→R-IFG,DMN→CEN,eyes closed,beta,"merged(Kraków,Warszawa)",0.12176873719320772
L-aSTG→L-mPFC,DMN→DMN,eyes closed,beta,"merged(Kraków,Warszawa)",0.0928840728025648
L-aSTG→R-mPFC,DMN→DMN,eyes closed,beta,"merged(Kraków,Warszawa)",0.10554837478622758
L-aSTG→R-aSTG,DMN→DMN,eyes closed,beta,"merged(Kraków,Warszawa)",0.20973998337113503
L-aSTG→L-PREC,DMN→DMN,eyes closed,beta,"merged(Kraków,Warszawa)",0.12536635037427574
L-aSTG→R-PREC,DMN→DMN,eyes closed,beta,"merged(Kraków,Warszawa)",0.10083056773993417
L-aSTG→L-ANG,DMN→DMN,eyes closed,beta,"merged(Kraków,Warszawa)",0.1322549241179183
L-aSTG→R-ANG,DMN→DMN,eyes closed,beta,"merged(Kraków,Warszawa)",0.21639624983130284
L-aSTG→L-SFG,DMN→CEN,eyes closed,beta,"merged(Kraków,Warszawa)",0.11170082075233098
L-aSTG→R-SFG,DMN→CEN,eyes closed,beta,"merged(Kraków,Warszawa)",0.12401544973245224
L-aSTG→L-pSTG,DMN→CEN,eyes closed,beta,"merged(Kraków,Warszawa)",0.11895496876413678
L-aSTG→R-pSTG,DMN→CEN,eyes closed,beta,"merged(Kraków,Warszawa)",0.30963635641259535
L-aSTG→L-ITG,DMN→CEN,eyes closed,beta,"merged(Kraków,Warszawa)",-0.027851037851624922
L-aSTG→R-ITG,DMN→CEN,eyes closed,beta,"merged(Kraków,Warszawa)",0.008961965838094246
L-aSTG→L-SUP,DMN→CEN,eyes closed,beta,"merged(Kraków,Warszawa)",0.01616249817959773
L-aSTG→R-SUP,DMN→CEN,eyes closed,beta,"merged(Kraków,Warszawa)",0.04732909262626709
R-aSTG→L-ACC,DMN→SN,eyes closed,beta,"merged(Kraków,Warszawa)",0.031121939502245087
R-aSTG→R-ACC,DMN→SN,eyes closed,beta,"merged(Kraków,Warszawa)",0.04109226101836104
R-aSTG→L-INS,DMN→SN,eyes closed,beta,"merged(Kraków,Warszawa)",0.125509378025932
R-aSTG→R-INS,DMN→SN,eyes closed,beta,"merged(Kraków,Warszawa)",-0.0156446554693686
R-aSTG→L-IFG,DMN→DMN,eyes closed,beta,"merged(Kraków,Warszawa)",0.04193747712966816
R-aSTG→R-IFG,DMN→CEN,eyes closed,beta,"merged(Kraków,Warszawa)",0.003798444295814886
R-aSTG→L-mPFC,DMN→DMN,eyes closed,beta,"merged(Kraków,Warszawa)",-0.02032381795075748
R-aSTG→R-mPFC,DMN→DMN,eyes closed,beta,"merged(Kraków,Warszawa)",-0.014084856304079971
R-aSTG→L-aSTG,DMN→DMN,eyes closed,beta,"merged(Kraków,Warszawa)",0.09267421985112982
R-aSTG→L-PREC,DMN→DMN,eyes closed,beta,"merged(Kraków,Warszawa)",-0.025527563765565774
R-aSTG→R-PREC,DMN→DMN,eyes closed,beta,"merged(Kraków,Warszawa)",0.027279736306306906
R-aSTG→L-ANG,DMN→DMN,eyes closed,beta,"merged(Kraków,Warszawa)",-0.06308500842539677
R-aSTG→R-ANG,DMN→DMN,eyes closed,beta,"merged(Kraków,Warszawa)",0.22216260776476052
R-aSTG→L-SFG,DMN→CEN,eyes closed,beta,"merged(Kraków,Warszawa)",-0.12418814804869838
R-aSTG→R-SFG,DMN→CEN,eyes closed,beta,"merged(Kraków,Warszawa)",0.1378381199514134
R-aSTG→L-pSTG,DMN→CEN,eyes closed,beta,"merged(Kraków,Warszawa)",-0.15897644940821343
R-aSTG→R-pSTG,DMN→CEN,eyes closed,beta,"merged(Kraków,Warszawa)",0.1812245680291832
R-aSTG→L-ITG,DMN→CEN,eyes closed,beta,"merged(Kraków,Warszawa)",-0.23381747366484718
R-aSTG→R-ITG,DMN→CEN,eyes closed,beta,"merged(Kraków,Warszawa)",0.04139604934956612
R-aSTG→L-SUP,DMN→CEN,eyes closed,beta,"merged(Kraków,Warszawa)",-0.03248835489281278
R-aSTG→R-SUP,DMN→CEN,eyes closed,beta,"merged(Kraków,Warszawa)",-0.07655304761451985
L-PREC→L-ACC,DMN→SN,eyes closed,beta,"merged(Kraków,Warszawa)",0.020481788954164575
L-PREC→R-ACC,DMN→SN,eyes closed,beta,"merged(Kraków,Warszawa)",-0.08296749065526834
L-PREC→L-INS,DMN→SN,eyes closed,beta,"merged(Kraków,Warszawa)",-0.13803159177998373
L-PREC→R-INS,DMN→SN,eyes closed,beta,"merged(Kraków,Warszawa)",-0.18405185579550598
L-PREC→L-IFG,DMN→DMN,eyes closed,beta,"merged(Kraków,Warszawa)",-0.007077263128741117
L-PREC→R-IFG,DMN→CEN,eyes closed,beta,"merged(Kraków,Warszawa)",0.02628074891300696
L-PREC→L-mPFC,DMN→DMN,eyes closed,beta,"merged(Kraków,Warszawa)",-0.07217044162048283
L-PREC→R-mPFC,DMN→DMN,eyes closed,beta,"merged(Kraków,Warszawa)",-0.13468857761481992
L-PREC→L-aSTG,DMN→DMN,eyes closed,beta,"merged(Kraków,Warszawa)",-0.02143955832376884
L-PREC→R-aSTG,DMN→DMN,eyes closed,beta,"merged(Kraków,Warszawa)",-0.030808957603100748
L-PREC→R-PREC,DMN→DMN,eyes closed,beta,"merged(Kraków,Warszawa)",-0.06826234437629329
L-PREC→L-ANG,DMN→DMN,eyes closed,beta,"merged(Kraków,Warszawa)",0.1605581618109841
L-PREC→R-ANG,DMN→DMN,eyes closed,beta,"merged(Kraków,Warszawa)",0.13363216373865267
L-PREC→L-SFG,DMN→CEN,eyes closed,beta,"merged(Kraków,Warszawa)",-0.05802442969943694
L-PREC→R-SFG,DMN→CEN,eyes closed,beta,"merged(Kraków,Warszawa)",-0.039421123369510445
L-PREC→L-pSTG,DMN→CEN,eyes closed,beta,"merged(Kraków,Warszawa)",-0.060822286855540565
L-PREC→R-pSTG,DMN→CEN,eyes closed,beta,"merged(Kraków,Warszawa)",-0.0650879664852131
L-PREC→L-ITG,DMN→CEN,eyes closed,beta,"merged(Kraków,Warszawa)",-0.0744295256422195
L-PREC→R-ITG,DMN→CEN,eyes closed,beta,"merged(Kraków,Warszawa)",-0.03688931493461638
L-PREC→L-SUP,DMN→CEN,eyes closed,beta,"merged(Kraków,Warszawa)",0.06733605797126388
L-PREC→R-SUP,DMN→CEN,eyes closed,beta,"merged(Kraków,Warszawa)",-0.015653689050413564
R-PREC→L-ACC,DMN→SN,eyes closed,beta,"merged(Kraków,Warszawa)",0.08098792374845984
R-PREC→R-ACC,DMN→SN,eyes closed,beta,"merged(Kraków,Warszawa)",0.17573948676691709
R-PREC→L-INS,DMN→SN,eyes closed,beta,"merged(Kraków,Warszawa)",-0.07953078774179476
R-PREC→R-INS,DMN→SN,eyes closed,beta,"merged(Kraków,Warszawa)",-0.06197336773795188
R-PREC→L-IFG,DMN→DMN,eyes closed,beta,"merged(Kraków,Warszawa)",-0.08252983515452343
R-PREC→R-IFG,DMN→CEN,eyes closed,beta,"merged(Kraków,Warszawa)",-0.03483916274268844
R-PREC→L-mPFC,DMN→DMN,eyes closed,beta,"merged(Kraków,Warszawa)",-0.03416281908617224
R-PREC→R-mPFC,DMN→DMN,eyes closed,beta,"merged(Kraków,Warszawa)",0.05631805946584601
R-PREC→L-aSTG,DMN→DMN,eyes closed,beta,"merged(Kraków,Warszawa)",-0.05758415086047952
R-PREC→R-aSTG,DMN→DMN,eyes closed,beta,"merged(Kraków,Warszawa)",0.054232568935285566
R-PREC→L-PREC,DMN→DMN,eyes closed,beta,"merged(Kraków,Warszawa)",0.0760708494395643
R-PREC→L-ANG,DMN→DMN,eyes closed,beta,"merged(Kraków,Warszawa)",0.10427467247962026
R-PREC→R-ANG,DMN→DMN,eyes closed,beta,"merged(Kraków,Warszawa)",0.1925981592946217
R-PREC→L-SFG,DMN→CEN,eyes closed,beta,"merged(Kraków,Warszawa)",-0.12440790061761636
R-PREC→R-SFG,DMN→CEN,eyes closed,beta,"merged(Kraków,Warszawa)",-0.19619004277054689
R-PREC→L-pSTG,DMN→CEN,eyes closed,beta,"merged(Kraków,Warszawa)",-0.029749715365082172
R-PREC→R-pSTG,DMN→CEN,eyes closed,beta,"merged(Kraków,Warszawa)",0.0471842686186679
R-PREC→L-ITG,DMN→CEN,eyes closed,beta,"merged(Kraków,Warszawa)",0.050335853880430985
R-PREC→R-ITG,DMN→CEN,eyes closed,beta,"merged(Kraków,Warszawa)",-0.03042584525974313
R-PREC→L-SUP,DMN→CEN,eyes closed,beta,"merged(Kraków,Warszawa)",-0.01556320839447293
R-PREC→R-SUP,DMN→CEN,eyes closed,beta,"merged(Kraków,Warszawa)",0.09358774002076604
L-ANG→L-ACC,DMN→SN,eyes closed,beta,"merged(Kraków,Warszawa)",-0.012085959123047364
L-ANG→R-ACC,DMN→SN,eyes closed,beta,"merged(Kraków,Warszawa)",-0.10050378152592121
L-ANG→L-INS,DMN→SN,eyes closed,beta,"merged(Kraków,Warszawa)",0.09634235986657756
L-ANG→R-INS,DMN→SN,eyes closed,beta,"merged(Kraków,Warszawa)",-0.11712050227375645
L-ANG→L-IFG,DMN→DMN,eyes closed,beta,"merged(Kraków,Warszawa)",0.037346327402694106
L-ANG→R-IFG,DMN→CEN,eyes closed,beta,"merged(Kraków,Warszawa)",0.08400511419646425
L-ANG→L-mPFC,DMN→DMN,eyes closed,beta,"merged(Kraków,Warszawa)",-0.048777163081817954
L-ANG→R-mPFC,DMN→DMN,eyes closed,beta,"merged(Kraków,Warszawa)",-0.01988269693544869
L-ANG→L-aSTG,DMN→DMN,eyes closed,beta,"merged(Kraków,Warszawa)",-0.11003199143964552
L-ANG→R-aSTG,DMN→DMN,eyes closed,beta,"merged(Kraków,Warszawa)",0.005974436308654391
L-ANG→L-PREC,DMN→DMN,eyes closed,beta,"merged(Kraków,Warszawa)",0.08003236207582784
L-ANG→R-PREC,DMN→DMN,eyes closed,beta,"merged(Kraków,Warszawa)",-0.006097145385227244
L-ANG→R-ANG,DMN→DMN,eyes closed,beta,"merged(Kraków,Warszawa)",0.18433195068520197
L-ANG→L-SFG,DMN→CEN,eyes closed,beta,"merged(Kraków,Warszawa)",-0.02467881028599787
L-ANG→R-SFG,DMN→CEN,eyes closed,beta,"merged(Kraków,Warszawa)",-0.13087367164671287
L-ANG→L-pSTG,DMN→CEN,eyes closed,beta,"merged(Kraków,Warszawa)",-0.02476595441361884
L-ANG→R-pSTG,DMN→CEN,eyes closed,beta,"merged(Kraków,Warszawa)",-0.08065769254284823
L-ANG→L-ITG,DMN→CEN,eyes closed,beta,"merged(Kraków,Warszawa)",0.02435980444352285
L-ANG→R-ITG,DMN→CEN,eyes closed,beta,"merged(Kraków,Warszawa)",-0.08098792374845984
L-ANG→L-SUP,DMN→CEN,eyes closed,beta,"merged(Kraków,Warszawa)",-0.05986063929233989
L-ANG→R-SUP,DMN→CEN,eyes closed,beta,"merged(Kraków,Warszawa)",-0.011516830172095906
R-ANG→L-ACC,DMN→SN,eyes closed,beta,"merged(Kraków,Warszawa)",-0.05277504136509364
R-ANG→R-ACC,DMN→SN,eyes closed,beta,"merged(Kraków,Warszawa)",-0.031542504212698386
R-ANG→L-INS,DMN→SN,eyes closed,beta,"merged(Kraków,Warszawa)",-0.09569874167536979
R-ANG→R-INS,DMN→SN,eyes closed,beta,"merged(Kraków,Warszawa)",-0.13342210167940688
R-ANG→L-IFG,DMN→DMN,eyes closed,beta,"merged(Kraków,Warszawa)",-0.05532789244843571
R-ANG→R-IFG,DMN→CEN,eyes closed,beta,"merged(Kraków,Warszawa)",-0.10783135161085261
R-ANG→L-mPFC,DMN→DMN,eyes closed,beta,"merged(Kraków,Warszawa)",0.03292685363369604
R-ANG→R-mPFC,DMN→DMN,eyes closed,beta,"merged(Kraków,Warszawa)",0.025167926940215492
R-ANG→L-aSTG,DMN→DMN,eyes closed,beta,"merged(Kraków,Warszawa)",-0.102609264811983
R-ANG→R-aSTG,DMN→DMN,eyes closed,beta,"merged(Kraków,Warszawa)",0.008404442943296678
R-ANG→L-PREC,DMN→DMN,eyes closed,beta,"merged(Kraków,Warszawa)",0.0471842686186679
R-ANG→R-PREC,DMN→DMN,eyes closed,beta,"merged(Kraków,Warszawa)",-0.0048295390907827146
R-ANG→L-ANG,DMN→DMN,eyes closed,beta,"merged(Kraków,Warszawa)",-0.17869294635896044
R-ANG→L-SFG,DMN→CEN,eyes closed,beta,"merged(Kraków,Warszawa)",-0.11408733606304777
R-ANG→R-SFG,DMN→CEN,eyes closed,beta,"merged(Kraków,Warszawa)",0.0571605347479646
R-ANG→L-pSTG,DMN→CEN,eyes closed,beta,"merged(Kraków,Warszawa)",-0.033108534576053804
R-ANG→R-pSTG,DMN→CEN,eyes closed,beta,"merged(Kraków,Warszawa)",0.021110016546037457
R-ANG→L-ITG,DMN→CEN,eyes closed,beta,"merged(Kraków,Warszawa)",-0.22147775707389636
R-ANG→R-ITG,DMN→CEN,eyes closed,beta,"merged(Kraków,Warszawa)",-0.026369065891777378
R-ANG→L-SUP,DMN→CEN,eyes closed,beta,"merged(Kraków,Warszawa)",-0.11601082026689039
R-ANG→R-SUP,DMN→CEN,eyes closed,beta,"merged(Kraków,Warszawa)",-0.04561416152908693
L-SFG→L-ACC,CEN→SN,eyes closed,beta,"merged(Kraków,Warszawa)",-0.0036475280424942418
L-SFG→R-ACC,CEN→SN,eyes closed,beta,"merged(Kraków,Warszawa)",0.01943178430801274
L-SFG→L-INS,CEN→SN,eyes closed,beta,"merged(Kraków,Warszawa)",0.10282810326482494
L-SFG→R-INS,CEN→SN,eyes closed,beta,"merged(Kraków,Warszawa)",0.11042607753244899
L-SFG→L-IFG,CEN→DMN,eyes closed,beta,"merged(Kraków,Warszawa)",0.10715485208224194
L-SFG→R-IFG,CEN→CEN,eyes closed,beta,"merged(Kraków,Warszawa)",-0.030961357600854937
L-SFG→L-mPFC,CEN→DMN,eyes closed,beta,"merged(Kraków,Warszawa)",0.010786254402949497
L-SFG→R-mPFC,CEN→DMN,eyes closed,beta,"merged(Kraków,Warszawa)",0.06239966811261252
L-SFG→L-aSTG,CEN→DMN,eyes closed,beta,"merged(Kraków,Warszawa)",0.07870957708479684
L-SFG→R-aSTG,CEN→DMN,eyes closed,beta,"merged(Kraków,Warszawa)",-0.0028169712608159944
L-SFG→L-PREC,CEN→DMN,eyes closed,beta,"merged(Kraków,Warszawa)",0.08240346383373393
L-SFG→R-PREC,CEN→DMN,eyes closed,beta,"merged(Kraków,Warszawa)",-0.010942584127482726
L-SFG→L-ANG,CEN→DMN,eyes closed,beta,"merged(Kraków,Warszawa)",0.03667326497002829
L-SFG→R-ANG,CEN→DMN,eyes closed,beta,"merged(Kraków,Warszawa)",0.10735282486320745
L-SFG→R-SFG,CEN→CEN,eyes closed,beta,"merged(Kraków,Warszawa)",-0.0013533224690846027
L-SFG→L-pSTG,CEN→CEN,eyes closed,beta,"merged(Kraków,Warszawa)",0.016936514958964567
L-SFG→R-pSTG,CEN→CEN,eyes closed,beta,"merged(Kraków,Warszawa)",0.06088436859660386
L-SFG→L-ITG,CEN→CEN,eyes closed,beta,"merged(Kraków,Warszawa)",-0.057216635548615676
L-SFG→R-ITG,CEN→CEN,eyes closed,beta,"merged(Kraków,Warszawa)",0.033568584548686324
L-SFG→L-SUP,CEN→CEN,eyes closed,beta,"merged(Kraków,Warszawa)",-0.021653159505353643
L-SFG→R-SUP,CEN→CEN,eyes closed,beta,"merged(Kraków,Warszawa)",0.11674774785852028
R-SFG→L-ACC,CEN→SN,eyes closed,beta,"merged(Kraków,Warszawa)",0.04366305454264791
R-SFG→R-ACC,CEN→SN,eyes closed,beta,"merged(Kraków,Warszawa)",0.11176933324382854
R-SFG→L-INS,CEN→SN,eyes closed,beta,"merged(Kraków,Warszawa)",0.2156813647505536
R-SFG→R-INS,CEN→SN,eyes closed,beta,"merged(Kraków,Warszawa)",0.0878646307708289
R-SFG→L-IFG,CEN→DMN,eyes closed,beta,"merged(Kraków,Warszawa)",0.052164466073610874
R-SFG→R-IFG,CEN→CEN,eyes closed,beta,"merged(Kraków,Warszawa)",0.05536943926847409
R-SFG→L-mPFC,CEN→DMN,eyes closed,beta,"merged(Kraków,Warszawa)",0.07355169409168824
R-SFG→R-mPFC,CEN→DMN,eyes closed,beta,"merged(Kraków,Warszawa)",0.02464849853213995
R-SFG→L-aSTG,CEN→DMN,eyes closed,beta,"merged(Kraków,Warszawa)",0.038430829004821275
R-SFG→R-aSTG,CEN→DMN,eyes closed,beta,"merged(Kraków,Warszawa)",0.3185271316664905
R-SFG→L-PREC,CEN→DMN,eyes closed,beta,"merged(Kraków,Warszawa)",0.1984336219590396
R-SFG→R-PREC,CEN→DMN,eyes closed,beta,"merged(Kraków,Warszawa)",0.1658487494039057
R-SFG→L-ANG,CEN→DMN,eyes closed,beta,"merged(Kraków,Warszawa)",0.09609460585729042
R-SFG→R-ANG,CEN→DMN,eyes closed,beta,"merged(Kraków,Warszawa)",0.16505660945995215
R-SFG→L-SFG,CEN→CEN,eyes closed,beta,"merged(Kraków,Warszawa)",0.16784292274343163
R-SFG→L-pSTG,CEN→CEN,eyes closed,beta,"merged(Kraków,Warszawa)",0.08468309649169074
R-SFG→R-pSTG,CEN→CEN,eyes closed,beta,"merged(Kraków,Warszawa)",0.12183400703029176
R-SFG→L-ITG,CEN→CEN,eyes closed,beta,"merged(Kraków,Warszawa)",0.1168831168831169
R-SFG→R-ITG,CEN→CEN,eyes closed,beta,"merged(Kraków,Warszawa)",0.2015908787475305
R-SFG→L-SUP,CEN→CEN,eyes closed,beta,"merged(Kraków,Warszawa)",0.09590084765982818
R-SFG→R-SUP,CEN→CEN,eyes closed,beta,"merged(Kraków,Warszawa)",0.19732403798176432
L-pSTG→L-ACC,CEN→SN,eyes closed,beta,"merged(Kraków,Warszawa)",0.017568075341063468
L-pSTG→R-ACC,CEN→SN,eyes closed,beta,"merged(Kraków,Warszawa)",0.23518743868057942
L-pSTG→L-INS,CEN→SN,eyes closed,beta,"merged(Kraków,Warszawa)",0.09581095984747136
L-pSTG→R-INS,CEN→SN,eyes closed,beta,"merged(Kraków,Warszawa)",-0.00215365246126974
L-pSTG→L-IFG,CEN→DMN,eyes closed,beta,"merged(Kraków,Warszawa)",0.13231138734284714
L-pSTG→R-IFG,CEN→CEN,eyes closed,beta,"merged(Kraków,Warszawa)",0.06300383564734818
L-pSTG→L-mPFC,CEN→DMN,eyes closed,beta,"merged(Kraków,Warszawa)",0.010604867176786317
L-pSTG→R-mPFC,CEN→DMN,eyes closed,beta,"merged(Kraków,Warszawa)",0.03811194653380253
L-pSTG→L-aSTG,CEN→DMN,eyes closed,beta,"merged(Kraków,Warszawa)",-0.061922715201709874
L-pSTG→R-aSTG,CEN→DMN,eyes closed,beta,"merged(Kraków,Warszawa)",0.17946646653125264
L-pSTG→L-PREC,CEN→DMN,eyes closed,beta,"merged(Kraków,Warszawa)",0.11229670495559199
L-pSTG→R-PREC,CEN→DMN,eyes closed,beta,"merged(Kraków,Warszawa)",0.12112976421508775
L-pSTG→L-ANG,CEN→DMN,eyes closed,beta,"merged(Kraków,Warszawa)",0.05130454341088801
L-pSTG→R-ANG,CEN→DMN,eyes closed,beta,"merged(Kraków,Warszawa)",0.20120579771249905
L-pSTG→L-SFG,CEN→CEN,eyes closed,beta,"merged(Kraków,Warszawa)",0.17566605852378342
L-pSTG→R-SFG,CEN→CEN,eyes closed,beta,"merged(Kraków,Warszawa)",0.030075410993503113
L-pSTG→R-pSTG,CEN→CEN,eyes closed,beta,"merged(Kraków,Warszawa)",-0.014586690955007841
L-pSTG→L-ITG,CEN→CEN,eyes closed,beta,"merged(Kraków,Warszawa)",-0.08986182722872177
L-pSTG→R-ITG,CEN→CEN,eyes closed,beta,"merged(Kraków,Warszawa)",0.035846617851926346
L-pSTG→L-SUP,CEN→CEN,eyes closed,beta,"merged(Kraków,Warszawa)",0.06975111180574008
L-pSTG→R-SUP,CEN→CEN,eyes closed,beta,"merged(Kraków,Warszawa)",0.03784157227485703
R-pSTG→L-ACC,CEN→SN,eyes closed,beta,"merged(Kraków,Warszawa)",0.19239880993383748
R-pSTG→R-ACC,CEN→SN,eyes closed,beta,"merged(Kraków,Warszawa)",0.03415412621608245
R-pSTG→L-INS,CEN→SN,eyes closed,beta,"merged(Kraków,Warszawa)",0.0348980334417036
R-pSTG→R-INS,CEN→SN,eyes closed,beta,"merged(Kraków,Warszawa)",0.02642096333598473
R-pSTG→L-IFG,CEN→DMN,eyes closed,beta,"merged(Kraków,Warszawa)",0.10650619296323875
R-pSTG→R-IFG,CEN→CEN,eyes closed,beta,"merged(Kraków,Warszawa)",0.0319190132930219
R-pSTG→L-mPFC,CEN→DMN,eyes closed,beta,"merged(Kraków,Warszawa)",-0.06360615604697634
R-pSTG→R-mPFC,CEN→DMN,eyes closed,beta,"merged(Kraków,Warszawa)",0.07784640487607049
R-pSTG→L-aSTG,CEN→DMN,eyes closed,beta,"merged(Kraków,Warszawa)",0.07967730178050741
R-pSTG→R-aSTG,CEN→DMN,eyes closed,beta,"merged(Kraków,Warszawa)",0.24169396306759242
R-pSTG→L-PREC,CEN→DMN,eyes closed,beta,"merged(Kraków,Warszawa)",-0.010402851205410502
R-pSTG→R-PREC,CEN→DMN,eyes closed,beta,"merged(Kraków,Warszawa)",0.0760758521165991
R-pSTG→L-ANG,CEN→DMN,eyes closed,beta,"merged(Kraków,Warszawa)",0.0901022595816915
R-pSTG→R-ANG,CEN→DMN,eyes closed,beta,"merged(Kraków,Warszawa)",0.2612147822551384
R-pSTG→L-SFG,CEN→CEN,eyes closed,beta,"merged(Kraków,Warszawa)",0.010621220104274472
R-pSTG→R-SFG,CEN→CEN,eyes closed,beta,"merged(Kraków,Warszawa)",-0.01991478769551464
R-pSTG→L-pSTG,CEN→CEN,eyes closed,beta,"merged(Kraków,Warszawa)",-0.1655841973982645
R-pSTG→L-ITG,CEN→CEN,eyes closed,beta,"merged(Kraków,Warszawa)",0.08158509543816024
R-pSTG→R-ITG,CEN→CEN,eyes closed,beta,"merged(Kraków,Warszawa)",0.12484967399657429
R-pSTG→L-SUP,CEN→CEN,eyes closed,beta,"merged(Kraków,Warszawa)",-0.07244813469069297
R-pSTG→R-SUP,CEN→CEN,eyes closed,beta,"merged(Kraków,Warszawa)",0.19014556010507963
L-ITG→L-ACC,CEN→SN,eyes closed,beta,"merged(Kraków,Warszawa)",0.17990813437450506
L-ITG→R-ACC,CEN→SN,eyes closed,beta,"merged(Kraków,Warszawa)",0.3505105194929121
L-ITG→L-INS,CEN→SN,eyes closed,beta,"merged(Kraków,Warszawa)",0.12973633980590138
L-ITG→R-INS,CEN→SN,eyes closed,beta,"merged(Kraków,Warszawa)",0.025743502737626142
L-ITG→L-IFG,CEN→DMN,eyes closed,beta,"merged(Kraków,Warszawa)",0.08501895765232871
L-ITG→R-IFG,CEN→CEN,eyes closed,beta,"merged(Kraków,Warszawa)",0.12448775800898035
L-ITG→L-mPFC,CEN→DMN,eyes closed,beta,"merged(Kraków,Warszawa)",0.1706928893698774
L-ITG→R-mPFC,CEN→DMN,eyes closed,beta,"merged(Kraków,Warszawa)",0.16107473241737916
L-ITG→L-aSTG,CEN→DMN,eyes closed,beta,"merged(Kraków,Warszawa)",-0.07460852814192767
L-ITG→R-aSTG,CEN→DMN,eyes closed,beta,"merged(Kraków,Warszawa)",0.05986159005103107
L-ITG→L-PREC,CEN→DMN,eyes closed,beta,"merged(Kraków,Warszawa)",0.19477112193088875
L-ITG→R-PREC,CEN→DMN,eyes closed,beta,"merged(Kraków,Warszawa)",0.06733605797126388
L-ITG→L-ANG,CEN→DMN,eyes closed,beta,"merged(Kraków,Warszawa)",0.31306833619951585
L-ITG→R-ANG,CEN→DMN,eyes closed,beta,"merged(Kraków,Warszawa)",0.20631956928558798
L-ITG→L-SFG,CEN→CEN,eyes closed,beta,"merged(Kraków,Warszawa)",0.01328916516989147
L-ITG→R-SFG,CEN→CEN,eyes closed,beta,"merged(Kraków,Warszawa)",-0.03517605546577923
L-ITG→L-pSTG,CEN→CEN,eyes closed,beta,"merged(Kraków,Warszawa)",0.07638659099672712
L-ITG→R-pSTG,CEN→CEN,eyes closed,beta,"merged(Kraków,Warszawa)",0.08165062955161001
L-ITG→R-ITG,CEN→CEN,eyes closed,beta,"merged(Kraków,Warszawa)",-0.02464849853213995
L-ITG→L-SUP,CEN→CEN,eyes closed,beta,"merged(Kraków,Warszawa)",0.24591819720416555
L-ITG→R-SUP,CEN→CEN,eyes closed,beta,"merged(Kraków,Warszawa)",0.06267761055315588
R-ITG→L-ACC,CEN→SN,eyes closed,beta,"merged(Kraków,Warszawa)",0.1708140954308612
R-ITG→R-ACC,CEN→SN,eyes closed,beta,"merged(Kraków,Warszawa)",0.29749333562742364
R-ITG→L-INS,CEN→SN,eyes closed,beta,"merged(Kraków,Warszawa)",0.13899748434454048
R-ITG→R-INS,CEN→SN,eyes closed,beta,"merged(Kraków,Warszawa)",-0.058416710573509605
R-ITG→L-IFG,CEN→DMN,eyes closed,beta,"merged(Kraków,Warszawa)",0.12547652243799712
R-ITG→R-IFG,CEN→CEN,eyes closed,beta,"merged(Kraków,Warszawa)",-0.015616066969834192
R-ITG→L-mPFC,CEN→DMN,eyes closed,beta,"merged(Kraków,Warszawa)",0.0142585187115684
R-ITG→R-mPFC,CEN→DMN,eyes closed,beta,"merged(Kraków,Warszawa)",0.08183879352825013
R-ITG→L-aSTG,CEN→DMN,eyes closed,beta,"merged(Kraków,Warszawa)",-0.017248353895652553
R-ITG→R-aSTG,CEN→DMN,eyes closed,beta,"merged(Kraków,Warszawa)",0.16510534122832154
R-ITG→L-PREC,CEN→DMN,eyes closed,beta,"merged(Kraków,Warszawa)",0.18778793205699504
R-ITG→R-PREC,CEN→DMN,eyes closed,beta,"merged(Kraków,Warszawa)",0.044862295823332794
R-ITG→L-ANG,CEN→DMN,eyes closed,beta,"merged(Kraków,Warszawa)",0.1034901233739153
R-ITG→R-ANG,CEN→DMN,eyes closed,beta,"merged(Kraków,Warszawa)",0.23711120942550395
R-ITG→L-SFG,CEN→CEN,eyes closed,beta,"merged(Kraków,Warszawa)",0.08081249089798866
R-ITG→R-SFG,CEN→CEN,eyes closed,beta,"merged(Kraków,Warszawa)",0.07027230136425387
R-ITG→L-pSTG,CEN→CEN,eyes closed,beta,"merged(Kraków,Warszawa)",0.08364210832116147
R-ITG→R-pSTG,CEN→CEN,eyes closed,beta,"merged(Kraków,Warszawa)",0.062460958704777164
R-ITG→L-ITG,CEN→CEN,eyes closed,beta,"merged(Kraków,Warszawa)",0.026389788147149755
R-ITG→L-SUP,CEN→CEN,eyes closed,beta,"merged(Kraków,Warszawa)",-0.11342602442512886
R-ITG→R-SUP,CEN→CEN,eyes closed,beta,"merged(Kraków,Warszawa)",0.07547765702086527
L-SUP→L-ACC,CEN→SN,eyes closed,beta,"merged(Kraków,Warszawa)",0.10377274575064979
L-SUP→R-ACC,CEN→SN,eyes closed,beta,"merged(Kraków,Warszawa)",0.07838011532809969
L-SUP→L-INS,CEN→SN,eyes closed,beta,"merged(Kraków,Warszawa)",0.14520559910471142
L-SUP→R-INS,CEN→SN,eyes closed,beta,"merged(Kraków,Warszawa)",0.06638262565171545
L-SUP→L-IFG,CEN→DMN,eyes closed,beta,"merged(Kraków,Warszawa)",0.1314375987903966
L-SUP→R-IFG,CEN→CEN,eyes closed,beta,"merged(Kraków,Warszawa)",-0.05736566830468216
L-SUP→L-mPFC,CEN→DMN,eyes closed,beta,"merged(Kraków,Warszawa)",-0.05660824276564896
L-SUP→R-mPFC,CEN→DMN,eyes closed,beta,"merged(Kraków,Warszawa)",0.08671495658989858
L-SUP→L-aSTG,CEN→DMN,eyes closed,beta,"merged(Kraków,Warszawa)",0.039149162257247835
L-SUP→R-aSTG,CEN→DMN,eyes closed,beta,"merged(Kraków,Warszawa)",0.08170810878041197
L-SUP→L-PREC,CEN→DMN,eyes closed,beta,"merged(Kraków,Warszawa)",0.26764999239491327
L-SUP→R-PREC,CEN→DMN,eyes closed,beta,"merged(Kraków,Warszawa)",0.07605822404203186
L-SUP→L-ANG,CEN→DMN,eyes closed,beta,"merged(Kraków,Warszawa)",0.06347394233600138
L-SUP→R-ANG,CEN→DMN,eyes closed,beta,"merged(Kraków,Warszawa)",0.11521900402295904
L-SUP→L-SFG,CEN→CEN,eyes closed,beta,"merged(Kraków,Warszawa)",0.11577246392499127
L-SUP→R-SFG,CEN→CEN,eyes closed,beta,"merged(Kraków,Warszawa)",-0.14706644860406096
L-SUP→L-pSTG,CEN→CEN,eyes closed,beta,"merged(Kraków,Warszawa)",0.021127284456119957
L-SUP→R-pSTG,CEN→CEN,eyes closed,beta,"merged(Kraków,Warszawa)",0.07506582487857613
L-SUP→L-ITG,CEN→CEN,eyes closed,beta,"merged(Kraków,Warszawa)",-0.01160577104429986
L-SUP→R-ITG,CEN→CEN,eyes closed,beta,"merged(Kraków,Warszawa)",0.07926289000795417
L-SUP→R-SUP,CEN→CEN,eyes closed,beta,"merged(Kraków,Warszawa)",-0.03640997921893676
R-SUP→L-ACC,CEN→SN,eyes closed,beta,"merged(Kraków,Warszawa)",-0.007740339400213734
R-SUP→R-ACC,CEN→SN,eyes closed,beta,"merged(Kraków,Warszawa)",0.038287039108948887
R-SUP→L-INS,CEN→SN,eyes closed,beta,"merged(Kraków,Warszawa)",0.053523533259209756
R-SUP→R-INS,CEN→SN,eyes closed,beta,"merged(Kraków,Warszawa)",-0.013662588910402696
R-SUP→L-IFG,CEN→DMN,eyes closed,beta,"merged(Kraków,Warszawa)",-0.09094419714285017
R-SUP→R-IFG,CEN→CEN,eyes closed,beta,"merged(Kraków,Warszawa)",0.04248488041709789
R-SUP→L-mPFC,CEN→DMN,eyes closed,beta,"merged(Kraków,Warszawa)",0.11590036431642663
R-SUP→R-mPFC,CEN→DMN,eyes closed,beta,"merged(Kraków,Warszawa)",-0.06141749308247138
R-SUP→L-aSTG,CEN→DMN,eyes closed,beta,"merged(Kraków,Warszawa)",0.08859154709899955
R-SUP→R-aSTG,CEN→DMN,eyes closed,beta,"merged(Kraków,Warszawa)",0.020960026734489712
R-SUP→L-PREC,CEN→DMN,eyes closed,beta,"merged(Kraków,Warszawa)",0.0993505184389587
R-SUP→R-PREC,CEN→DMN,eyes closed,beta,"merged(Kraków,Warszawa)",0.007737179432986628
R-SUP→L-ANG,CEN→DMN,eyes closed,beta,"merged(Kraków,Warszawa)",0.09119718083720542
R-SUP→R-ANG,CEN→DMN,eyes closed,beta,"merged(Kraków,Warszawa)",0.2552746875364714
R-SUP→L-SFG,CEN→CEN,eyes closed,beta,"merged(Kraków,Warszawa)",0.1210968962088042
R-SUP→R-SFG,CEN→CEN,eyes closed,beta,"merged(Kraków,Warszawa)",0.04170685035807139
R-SUP→L-pSTG,CEN→CEN,eyes closed,beta,"merged(Kraków,Warszawa)",-0.06381855503499441
R-SUP→R-pSTG,CEN→CEN,eyes closed,beta,"merged(Kraków,Warszawa)",0.09894447657814118
R-SUP→L-ITG,CEN→CEN,eyes closed,beta,"merged(Kraków,Warszawa)",0.10288896254633625
R-SUP→R-ITG,CEN→CEN,eyes closed,beta,"merged(Kraków,Warszawa)",0.0982317867619945
R-SUP→L-SUP,CEN→CEN,eyes closed,beta,"merged(Kraków,Warszawa)",-0.0018804952556141362
L-ACC→R-ACC,SN→SN,eyes closed,delta,"merged(Kraków,Warszawa)",0.003820201337862126
L-ACC→L-INS,SN→SN,eyes closed,delta,"merged(Kraków,Warszawa)",-0.12841817655680773
L-ACC→R-INS,SN→SN,eyes closed,delta,"merged(Kraków,Warszawa)",-0.19127624474563776
L-ACC→L-IFG,SN→DMN,eyes closed,delta,"merged(Kraków,Warszawa)",0.09025393476022078
L-ACC→R-IFG,SN→CEN,eyes closed,delta,"merged(Kraków,Warszawa)",0.06042979561523683
L-ACC→L-mPFC,SN→DMN,eyes closed,delta,"merged(Kraków,Warszawa)",-0.1706041474513094
L-ACC→R-mPFC,SN→DMN,eyes closed,delta,"merged(Kraków,Warszawa)",0.01549334193448797
L-ACC→L-aSTG,SN→DMN,eyes closed,delta,"merged(Kraków,Warszawa)",-0.07859005035240194
L-ACC→R-aSTG,SN→DMN,eyes closed,delta,"merged(Kraków,Warszawa)",0.05838480365705286
L-ACC→L-PREC,SN→DMN,eyes closed,delta,"merged(Kraków,Warszawa)",-0.020675001118832397
L-ACC→R-PREC,SN→DMN,eyes closed,delta,"merged(Kraków,Warszawa)",-0.13533924707189635
L-ACC→L-ANG,SN→DMN,eyes closed,delta,"merged(Kraków,Warszawa)",-0.09003087788724663
L-ACC→R-ANG,SN→DMN,eyes closed,delta,"merged(Kraków,Warszawa)",0.08003234322040025
L-ACC→L-SFG,SN→CEN,eyes closed,delta,"merged(Kraków,Warszawa)",-0.04507154017305591
L-ACC→R-SFG,SN→CEN,eyes closed,delta,"merged(Kraków,Warszawa)",-0.17845205517471463
L-ACC→L-pSTG,SN→CEN,eyes closed,delta,"merged(Kraków,Warszawa)",-0.04767419715759026
L-ACC→R-pSTG,SN→CEN,eyes closed,delta,"merged(Kraków,Warszawa)",-0.056293377456099886
L-ACC→L-ITG,SN→CEN,eyes closed,delta,"merged(Kraków,Warszawa)",-0.0006514084345514673
L-ACC→R-ITG,SN→CEN,eyes closed,delta,"merged(Kraków,Warszawa)",-0.15158907272117372
L-ACC→L-SUP,SN→CEN,eyes closed,delta,"merged(Kraków,Warszawa)",0.09401426584212567
L-ACC→R-SUP,SN→CEN,eyes closed,delta,"merged(Kraków,Warszawa)",0.1085809889300551
R-ACC→L-ACC,SN→SN,eyes closed,delta,"merged(Kraków,Warszawa)",0.04398298024524959
R-ACC→L-INS,SN→SN,eyes closed,delta,"merged(Kraków,Warszawa)",0.07286106785608554
R-ACC→R-INS,SN→SN,eyes closed,delta,"merged(Kraków,Warszawa)",-0.27889809831864915
R-ACC→L-IFG,SN→DMN,eyes closed,delta,"merged(Kraków,Warszawa)",0.08141045858043441
R-ACC→R-IFG,SN→CEN,eyes closed,delta,"merged(Kraków,Warszawa)",-0.0994203500093057
R-ACC→L-mPFC,SN→DMN,eyes closed,delta,"merged(Kraków,Warszawa)",0.03378637678701391
R-ACC→R-mPFC,SN→DMN,eyes closed,delta,"merged(Kraków,Warszawa)",-0.15100756164129295
R-ACC→L-aSTG,SN→DMN,eyes closed,delta,"merged(Kraków,Warszawa)",-0.09398205535787323
R-ACC→R-aSTG,SN→DMN,eyes closed,delta,"merged(Kraków,Warszawa)",-0.007740339400213734
R-ACC→L-PREC,SN→DMN,eyes closed,delta,"merged(Kraków,Warszawa)",0.094167023171843
R-ACC→R-PREC,SN→DMN,eyes closed,delta,"merged(Kraków,Warszawa)",-0.09887760184769105
R-ACC→L-ANG,SN→DMN,eyes closed,delta,"merged(Kraków,Warszawa)",0.10308082172321219
R-ACC→R-ANG,SN→DMN,eyes closed,delta,"merged(Kraków,Warszawa)",-0.10911839137100018
R-ACC→L-SFG,SN→CEN,eyes closed,delta,"merged(Kraków,Warszawa)",0.20340535237239302
R-ACC→R-SFG,SN→CEN,eyes closed,delta,"merged(Kraków,Warszawa)",-0.09736270483117801
R-ACC→L-pSTG,SN→CEN,eyes closed,delta,"merged(Kraków,Warszawa)",-0.05186989917040848
R-ACC→R-pSTG,SN→CEN,eyes closed,delta,"merged(Kraków,Warszawa)",0.039247527141586545
R-ACC→L-ITG,SN→CEN,eyes closed,delta,"merged(Kraków,Warszawa)",0.09463999033993288
R-ACC→R-ITG,SN→CEN,eyes closed,delta,"merged(Kraków,Warszawa)",-0.07669470900144894
R-ACC→L-SUP,SN→CEN,eyes closed,delta,"merged(Kraków,Warszawa)",-0.08389314497736756
R-ACC→R-SUP,SN→CEN,eyes closed,delta,"merged(Kraków,Warszawa)",-0.06863984589057345
L-INS→L-ACC,SN→SN,eyes closed,delta,"merged(Kraków,Warszawa)",-0.07504834670793588
L-INS→R-ACC,SN→SN,eyes closed,delta,"merged(Kraków,Warszawa)",0.07547765702086527
L-INS→R-INS,SN→SN,eyes closed,delta,"merged(Kraków,Warszawa)",0.03378637678701391
L-INS→L-IFG,SN→DMN,eyes closed,delta,"merged(Kraków,Warszawa)",0.0013570616738758077
L-INS→R-IFG,SN→CEN,eyes closed,delta,"merged(Kraków,Warszawa)",0.0773728773541219
L-INS→L-mPFC,SN→DMN,eyes closed,delta,"merged(Kraków,Warszawa)",0.12219412956746888
L-INS→R-mPFC,SN→DMN,eyes closed,delta,"merged(Kraków,Warszawa)",0.08131359634738977
L-INS→L-aSTG,SN→DMN,eyes closed,delta,"merged(Kraków,Warszawa)",0.05579521818548281
L-INS→R-aSTG,SN→DMN,eyes closed,delta,"merged(Kraków,Warszawa)",0.10788165639307641
L-INS→L-PREC,SN→DMN,eyes closed,delta,"merged(Kraków,Warszawa)",0.009871524114399148
L-INS→R-PREC,SN→DMN,eyes closed,delta,"merged(Kraków,Warszawa)",-0.0006766612345423013
L-INS→L-ANG,SN→DMN,eyes closed,delta,"merged(Kraków,Warszawa)",-0.07115402113097077
L-INS→R-ANG,SN→DMN,eyes closed,delta,"merged(Kraków,Warszawa)",-0.005532789244843571
L-INS→L-SFG,SN→CEN,eyes closed,delta,"merged(Kraków,Warszawa)",0.06427044120099919
L-INS→R-SFG,SN→CEN,eyes closed,delta,"merged(Kraków,Warszawa)",0.004225456891223991
L-INS→L-pSTG,SN→CEN,eyes closed,delta,"merged(Kraków,Warszawa)",0.02276908000863981
L-INS→R-pSTG,SN→CEN,eyes closed,delta,"merged(Kraków,Warszawa)",0.07330945749417732
L-INS→L-ITG,SN→CEN,eyes closed,delta,"merged(Kraków,Warszawa)",0.027851037851624922
L-INS→R-ITG,SN→CEN,eyes closed,delta,"merged(Kraków,Warszawa)",-0.09987941844983188
L-INS→L-SUP,SN→CEN,eyes closed,delta,"merged(Kraków,Warszawa)",-0.06595480550005847
L-INS→R-SUP,SN→CEN,eyes closed,delta,"merged(Kraków,Warszawa)",-0.09034183358266765
R-INS→L-ACC,SN→SN,eyes closed,delta,"merged(Kraków,Warszawa)",-0.03578682013920336
R-INS→R-ACC,SN→SN,eyes closed,delta,"merged(Kraków,Warszawa)",0.16135394542206213
R-INS→L-INS,SN→SN,eyes closed,delta,"merged(Kraków,Warszawa)",0.10771957026754676
R-INS→L-IFG,SN→DMN,eyes closed,delta,"merged(Kraków,Warszawa)",0.16522904329912821
R-INS→R-IFG,SN→CEN,eyes closed,delta,"merged(Kraków,Warszawa)",-0.010363386579078638
R-INS→L-mPFC,SN→DMN,eyes closed,delta,"merged(Kraków,Warszawa)",0.02350356646053142
R-INS→R-mPFC,SN→DMN,eyes closed,delta,"merged(Kraków,Warszawa)",-0.1247647877973009
R-INS→L-aSTG,SN→DMN,eyes closed,delta,"merged(Kraków,Warszawa)",0.006003867736634871
R-INS→R-aSTG,SN→DMN,eyes closed,delta,"merged(Kraków,Warszawa)",-0.03763912984034751
R-INS→L-PREC,SN→DMN,eyes closed,delta,"merged(Kraków,Warszawa)",0.05961653265555528
R-INS→R-PREC,SN→DMN,eyes closed,delta,"merged(Kraków,Warszawa)",-0.1583251240952809
R-INS→L-ANG,SN→DMN,eyes closed,delta,"merged(Kraków,Warszawa)",0.062049580147651794
R-INS→R-ANG,SN→DMN,eyes closed,delta,"merged(Kraków,Warszawa)",-0.010387459518782515
R-INS→L-SFG,SN→CEN,eyes closed,delta,"merged(Kraków,Warszawa)",0.14377513548113682
R-INS→R-SFG,SN→CEN,eyes closed,delta,"merged(Kraków,Warszawa)",-0.011257252006190382
R-INS→L-pSTG,SN→CEN,eyes closed,delta,"merged(Kraków,Warszawa)",-0.0168238204838412
R-INS→R-pSTG,SN→CEN,eyes closed,delta,"merged(Kraków,Warszawa)",-0.1427226451511882
R-INS→L-ITG,SN→CEN,eyes closed,delta,"merged(Kraków,Warszawa)",-0.007942201709431124
R-INS→R-ITG,SN→CEN,eyes closed,delta,"merged(Kraków,Warszawa)",-0.018310313195303962
R-INS→L-SUP,SN→CEN,eyes closed,delta,"merged(Kraków,Warszawa)",-0.06969610715785704
R-INS→R-SUP,SN→CEN,eyes closed,delta,"merged(Kraków,Warszawa)",0.03001933868317435
L-IFG→L-ACC,DMN→SN,eyes closed,delta,"merged(Kraków,Warszawa)",0.1433049438875616
L-IFG→R-ACC,DMN→SN,eyes closed,delta,"merged(Kraków,Warszawa)",0.014102177306284498
L-IFG→L-INS,DMN→SN,eyes closed,delta,"merged(Kraków,Warszawa)",0.11183261183261183
L-IFG→R-INS,DMN→SN,eyes closed,delta,"merged(Kraków,Warszawa)",0.21717171717171718
L-IFG→R-IFG,DMN→CEN,eyes closed,delta,"merged(Kraków,Warszawa)",0.06549458181397187
L-IFG→L-mPFC,DMN→DMN,eyes closed,delta,"merged(Kraków,Warszawa)",-0.08390795497239276
L-IFG→R-mPFC,DMN→DMN,eyes closed,delta,"merged(Kraków,Warszawa)",-0.1251478628155677
L-IFG→L-aSTG,DMN→DMN,eyes closed,delta,"merged(Kraków,Warszawa)",0.06497670978562556
L-IFG→R-aSTG,DMN→DMN,eyes closed,delta,"merged(Kraków,Warszawa)",-0.04760545675200104
L-IFG→L-PREC,DMN→DMN,eyes closed,delta,"merged(Kraków,Warszawa)",-0.11197460761743579
L-IFG→R-PREC,DMN→DMN,eyes closed,delta,"merged(Kraków,Warszawa)",-0.03902038231155292
L-IFG→L-ANG,DMN→DMN,eyes closed,delta,"merged(Kraków,Warszawa)",0.007190836268632998
L-IFG→R-ANG,DMN→DMN,eyes closed,delta,"merged(Kraków,Warszawa)",0.07605781358213838
L-IFG→L-SFG,DMN→CEN,eyes closed,delta,"merged(Kraków,Warszawa)",0.008142370043254845
L-IFG→R-SFG,DMN→CEN,eyes closed,delta,"merged(Kraków,Warszawa)",-0.1306417071929515
L-IFG→L-pSTG,DMN→CEN,eyes closed,delta,"merged(Kraków,Warszawa)",-0.05928819389926934
L-IFG→R-pSTG,DMN→CEN,eyes closed,delta,"merged(Kraków,Warszawa)",-0.20584385904730174
L-IFG→L-ITG,DMN→CEN,eyes closed,delta,"merged(Kraków,Warszawa)",-0.18580660629068357
L-IFG→R-ITG,DMN→CEN,eyes closed,delta,"merged(Kraków,Warszawa)",0.05622922966376236
L-IFG→L-SUP,DMN→CEN,eyes closed,delta,"merged(Kraków,Warszawa)",0.08803928527035958
L-IFG→R-SUP,DMN→CEN,eyes closed,delta,"merged(Kraków,Warszawa)",-0.05393127201474748
R-IFG→L-ACC,CEN→SN,eyes closed,delta,"merged(Kraków,Warszawa)",0.1960296402378183
R-IFG→R-ACC,CEN→SN,eyes closed,delta,"merged(Kraków,Warszawa)",0.17774085449059973
R-IFG→L-INS,CEN→SN,eyes closed,delta,"merged(Kraków,Warszawa)",0.1435799674909097
R-IFG→R-INS,CEN→SN,eyes closed,delta,"merged(Kraków,Warszawa)",0.021127284456119957
R-IFG→L-IFG,CEN→DMN,eyes closed,delta,"merged(Kraków,Warszawa)",0.04248488041709789
R-IFG→L-mPFC,CEN→DMN,eyes closed,delta,"merged(Kraków,Warszawa)",0.030808957603100748
R-IFG→R-mPFC,CEN→DMN,eyes closed,delta,"merged(Kraków,Warszawa)",-0.035166355421579296
R-IFG→L-aSTG,CEN→DMN,eyes closed,delta,"merged(Kraków,Warszawa)",0.2662632564041395
R-IFG→R-aSTG,CEN→DMN,eyes closed,delta,"merged(Kraków,Warszawa)",-0.011395332887444657
R-IFG→L-PREC,CEN→DMN,eyes closed,delta,"merged(Kraków,Warszawa)",-0.0358979079308869
R-IFG→R-PREC,CEN→DMN,eyes closed,delta,"merged(Kraków,Warszawa)",0.006379658352924606
R-IFG→L-ANG,CEN→DMN,eyes closed,delta,"merged(Kraków,Warszawa)",0.018301595243471726
R-IFG→R-ANG,CEN→DMN,eyes closed,delta,"merged(Kraków,Warszawa)",-0.024205952946190625
R-IFG→L-SFG,CEN→CEN,eyes closed,delta,"merged(Kraków,Warszawa)",0.17324373254018366
R-IFG→R-SFG,CEN→CEN,eyes closed,delta,"merged(Kraków,Warszawa)",-0.05495249381063228
R-IFG→L-pSTG,CEN→CEN,eyes closed,delta,"merged(Kraków,Warszawa)",0.07538425346099367
R-IFG→R-pSTG,CEN→CEN,eyes closed,delta,"merged(Kraków,Warszawa)",-0.06213582633489795
R-IFG→L-ITG,CEN→CEN,eyes closed,delta,"merged(Kraków,Warszawa)",-0.18310313195303962
R-IFG→R-ITG,CEN→CEN,eyes closed,delta,"merged(Kraków,Warszawa)",-0.16682740143228555
R-IFG→L-SUP,CEN→CEN,eyes closed,delta,"merged(Kraków,Warszawa)",-0.009399548428266836
R-IFG→R-SUP,CEN→CEN,eyes closed,delta,"merged(Kraków,Warszawa)",0.013380613488875972
L-mPFC→L-ACC,DMN→SN,eyes closed,delta,"merged(Kraków,Warszawa)",0.0352279511146463
L-mPFC→R-ACC,DMN→SN,eyes closed,delta,"merged(Kraków,Warszawa)",0.13070506745317353
L-mPFC→L-INS,DMN→SN,eyes closed,delta,"merged(Kraków,Warszawa)",-0.062180319474471835
L-mPFC→R-INS,DMN→SN,eyes closed,delta,"merged(Kraków,Warszawa)",0.08902517074894468
L-mPFC→L-IFG,DMN→DMN,eyes closed,delta,"merged(Kraków,Warszawa)",-0.0945556185173947
L-mPFC→R-IFG,DMN→CEN,eyes closed,delta,"merged(Kraków,Warszawa)",0.06661277542379368
L-mPFC→R-mPFC,DMN→DMN,eyes closed,delta,"merged(Kraków,Warszawa)",0.109464258343029
L-mPFC→L-aSTG,DMN→DMN,eyes closed,delta,"merged(Kraków,Warszawa)",0.04068780336696587
L-mPFC→R-aSTG,DMN→DMN,eyes closed,delta,"merged(Kraków,Warszawa)",-0.13660696285356821
L-mPFC→L-PREC,DMN→DMN,eyes closed,delta,"merged(Kraków,Warszawa)",0.02503646567806515
L-mPFC→R-PREC,DMN→DMN,eyes closed,delta,"merged(Kraków,Warszawa)",-0.007756197518456474
L-mPFC→L-ANG,DMN→DMN,eyes closed,delta,"merged(Kraków,Warszawa)",0.1988710939176254
L-mPFC→R-ANG,DMN→DMN,eyes closed,delta,"merged(Kraków,Warszawa)",0.13749622873627387
L-mPFC→L-SFG,DMN→CEN,eyes closed,delta,"merged(Kraków,Warszawa)",0.06495947851606093
L-mPFC→R-SFG,DMN→CEN,eyes closed,delta,"merged(Kraków,Warszawa)",-0.04484572012869663
L-mPFC→L-pSTG,DMN→CEN,eyes closed,delta,"merged(Kraków,Warszawa)",0.07113336282765118
L-mPFC→R-pSTG,DMN→CEN,eyes closed,delta,"merged(Kraków,Warszawa)",-0.18120907396955155
L-mPFC→L-ITG,DMN→CEN,eyes closed,delta,"merged(Kraków,Warszawa)",-0.10563071178205971
L-mPFC→R-ITG,DMN→CEN,eyes closed,delta,"merged(Kraków,Warszawa)",0.0056293377456099886
L-mPFC→L-SUP,DMN→CEN,eyes closed,delta,"merged(Kraków,Warszawa)",0.022077892986435265
L-mPFC→R-SUP,DMN→CEN,eyes closed,delta,"merged(Kraków,Warszawa)",-0.04653718511073884
R-mPFC→L-ACC,DMN→SN,eyes closed,delta,"merged(Kraków,Warszawa)",0.10003663165729532
R-mPFC→R-ACC,DMN→SN,eyes closed,delta,"merged(Kraków,Warszawa)",-0.129494500418848
R-mPFC→L-INS,DMN→SN,eyes closed,delta,"merged(Kraków,Warszawa)",-0.040706115193740025
R-mPFC→R-INS,DMN→SN,eyes closed,delta,"merged(Kraków,Warszawa)",-0.013467211594252779
R-mPFC→L-IFG,DMN→DMN,eyes closed,delta,"merged(Kraków,Warszawa)",-0.09890175747561657
R-mPFC→R-IFG,DMN→CEN,eyes closed,delta,"merged(Kraków,Warszawa)",-0.20220542030516664
R-mPFC→L-mPFC,DMN→DMN,eyes closed,delta,"merged(Kraków,Warszawa)",-0.01452966314513558
R-mPFC→L-aSTG,DMN→DMN,eyes closed,delta,"merged(Kraków,Warszawa)",0.043946944117926025
R-mPFC→R-aSTG,DMN→DMN,eyes closed,delta,"merged(Kraków,Warszawa)",0.024207038116722018
R-mPFC→L-PREC,DMN→DMN,eyes closed,delta,"merged(Kraków,Warszawa)",0.07659808889237908
R-mPFC→R-PREC,DMN→DMN,eyes closed,delta,"merged(Kraków,Warszawa)",0.006899341558261021
R-mPFC→L-ANG,DMN→DMN,eyes closed,delta,"merged(Kraków,Warszawa)",0.13345633229608622
R-mPFC→R-ANG,DMN→DMN,eyes closed,delta,"merged(Kraków,Warszawa)",0.020711953786599284
R-mPFC→L-SFG,DMN→CEN,eyes closed,delta,"merged(Kraków,Warszawa)",-0.18574377484040944
R-mPFC→R-SFG,DMN→CEN,eyes closed,delta,"merged(Kraków,Warszawa)",-0.1001458627122606
R-mPFC→L-pSTG,DMN→CEN,eyes closed,delta,"merged(Kraków,Warszawa)",-0.11433583960140757
R-mPFC→R-pSTG,DMN→CEN,eyes closed,delta,"merged(Kraków,Warszawa)",-0.031024790073825897
R-mPFC→L-ITG,DMN→CEN,eyes closed,delta,"merged(Kraków,Warszawa)",-0.14002977642204845
R-mPFC→R-ITG,DMN→CEN,eyes closed,delta,"merged(Kraków,Warszawa)",-0.17817343224661164
R-mPFC→L-SUP,DMN→CEN,eyes closed,delta,"merged(Kraków,Warszawa)",-0.08887286067888443
R-mPFC→R-SUP,DMN→CEN,eyes closed,delta,"merged(Kraków,Warszawa)",-0.07118927905946668
L-aSTG→L-ACC,DMN→SN,eyes closed,delta,"merged(Kraków,Warszawa)",0.19649257192907774
L-aSTG→R-ACC,DMN→SN,eyes closed,delta,"merged(Kraków,Warszawa)",0.027279736306306906
L-aSTG→L-INS,DMN→SN,eyes closed,delta,"merged(Kraków,Warszawa)",0.1829143615568173
L-aSTG→R-INS,DMN→SN,eyes closed,delta,"merged(Kraków,Warszawa)",0.04829539090782715
L-aSTG→L-IFG,DMN→DMN,eyes closed,delta,"merged(Kraków,Warszawa)",0.16651905713476362
L-aSTG→R-IFG,DMN→CEN,eyes closed,delta,"merged(Kraków,Warszawa)",-0.07491761809294391
L-aSTG→L-mPFC,DMN→DMN,eyes closed,delta,"merged(Kraków,Warszawa)",0.05576140554744098
L-aSTG→R-mPFC,DMN→DMN,eyes closed,delta,"merged(Kraków,Warszawa)",0.061735841856095375
L-aSTG→R-aSTG,DMN→DMN,eyes closed,delta,"merged(Kraków,Warszawa)",0.19846708101427074
L-aSTG→L-PREC,DMN→DMN,eyes closed,delta,"merged(Kraków,Warszawa)",0.08509140671332588
L-aSTG→R-PREC,DMN→DMN,eyes closed,delta,"merged(Kraków,Warszawa)",0.02608902801662632
L-aSTG→L-ANG,DMN→DMN,eyes closed,delta,"merged(Kraków,Warszawa)",-0.06755205294731985
L-aSTG→R-ANG,DMN→DMN,eyes closed,delta,"merged(Kraków,Warszawa)",-0.040396754854038375
L-aSTG→L-SFG,DMN→CEN,eyes closed,delta,"merged(Kraków,Warszawa)",0.08762163778991497
L-aSTG→R-SFG,DMN→CEN,eyes closed,delta,"merged(Kraków,Warszawa)",0.08098792374845984
L-aSTG→L-pSTG,DMN→CEN,eyes closed,delta,"merged(Kraków,Warszawa)",0.028135591765135238
L-aSTG→R-pSTG,DMN→CEN,eyes closed,delta,"merged(Kraków,Warszawa)",0.07843106778067119
L-aSTG→L-ITG,DMN→CEN,eyes closed,delta,"merged(Kraków,Warszawa)",0.04627264646917123
L-aSTG→R-ITG,DMN→CEN,eyes closed,delta,"merged(Kraków,Warszawa)",-0.03559355808031107
L-aSTG→L-SUP,DMN→CEN,eyes closed,delta,"merged(Kraków,Warszawa)",0.13718631046738047
L-aSTG→R-SUP,DMN→CEN,eyes closed,delta,"merged(Kraków,Warszawa)",-0.0879958234222543
R-aSTG→L-ACC,DMN→SN,eyes closed,delta,"merged(Kraków,Warszawa)",0.01954225303654402
R-aSTG→R-ACC,DMN→SN,eyes closed,delta,"merged(Kraków,Warszawa)",0.1868630227539447
R-aSTG→L-INS,DMN→SN,eyes closed,delta,"merged(Kraków,Warszawa)",0.18640758407939353
R-aSTG→R-INS,DMN→SN,eyes closed,delta,"merged(Kraków,Warszawa)",-0.16024278503464714
R-aSTG→L-IFG,DMN→DMN,eyes closed,delta,"merged(Kraków,Warszawa)",-0.05541370531626536
R-aSTG→R-IFG,DMN→CEN,eyes closed,delta,"merged(Kraków,Warszawa)",-0.06010249835688098
R-aSTG→L-mPFC,DMN→DMN,eyes closed,delta,"merged(Kraków,Warszawa)",-0.0898227748570044
R-aSTG→R-mPFC,DMN→DMN,eyes closed,delta,"merged(Kraków,Warszawa)",0.013322555084758735
R-aSTG→L-aSTG,DMN→DMN,eyes closed,delta,"merged(Kraków,Warszawa)",0.013380613488875972
R-aSTG→L-PREC,DMN→DMN,eyes closed,delta,"merged(Kraków,Warszawa)",-0.07244308636174071
R-aSTG→R-PREC,DMN→DMN,eyes closed,delta,"merged(Kraków,Warszawa)",-0.0961384380440698
R-aSTG→L-ANG,DMN→DMN,eyes closed,delta,"merged(Kraków,Warszawa)",-0.008309055581358
R-aSTG→R-ANG,DMN→DMN,eyes closed,delta,"merged(Kraków,Warszawa)",0.09595959595959597
R-aSTG→L-SFG,DMN→CEN,eyes closed,delta,"merged(Kraków,Warszawa)",0.05961453610987041
R-aSTG→R-SFG,DMN→CEN,eyes closed,delta,"merged(Kraków,Warszawa)",-0.17282651951582323
R-aSTG→L-pSTG,DMN→CEN,eyes closed,delta,"merged(Kraków,Warszawa)",-0.019857458718489332
R-aSTG→R-pSTG,DMN→CEN,eyes closed,delta,"merged(Kraków,Warszawa)",0.09621772519780049
R-aSTG→L-ITG,DMN→CEN,eyes closed,delta,"merged(Kraków,Warszawa)",0.04361518708920206
R-aSTG→R-ITG,DMN→CEN,eyes closed,delta,"merged(Kraków,Warszawa)",-0.14597397625324987
R-aSTG→L-SUP,DMN→CEN,eyes closed,delta,"merged(Kraków,Warszawa)",-0.05204242533687921
R-aSTG→R-SUP,DMN→CEN,eyes closed,delta,"merged(Kraków,Warszawa)",0.013397068440970272
L-PREC→L-ACC,DMN→SN,eyes closed,delta,"merged(Kraków,Warszawa)",-0.03290386010217768
L-PREC→R-ACC,DMN→SN,eyes closed,delta,"merged(Kraków,Warszawa)",-0.0367965367965368
L-PREC→L-INS,DMN→SN,eyes closed,delta,"merged(Kraków,Warszawa)",-0.19239295320676347
L-PREC→R-INS,DMN→SN,eyes closed,delta,"merged(Kraków,Warszawa)",-0.18786283059435474
L-PREC→L-IFG,DMN→DMN,eyes closed,delta,"merged(Kraków,Warszawa)",0.002407203889691828
L-PREC→R-IFG,DMN→CEN,eyes closed,delta,"merged(Kraków,Warszawa)",-0.042596183363640384
L-PREC→L-mPFC,DMN→DMN,eyes closed,delta,"merged(Kraków,Warszawa)",0.0028204354612568995
L-PREC→R-mPFC,DMN→DMN,eyes closed,delta,"merged(Kraków,Warszawa)",-0.04808105146924228
L-PREC→L-aSTG,DMN→DMN,eyes closed,delta,"merged(Kraków,Warszawa)",-0.09219860245296133
L-PREC→R-aSTG,DMN→DMN,eyes closed,delta,"merged(Kraków,Warszawa)",0.07682596487093424
L-PREC→R-PREC,DMN→DMN,eyes closed,delta,"merged(Kraków,Warszawa)",-0.10402937587860216
L-PREC→L-ANG,DMN→DMN,eyes closed,delta,"merged(Kraków,Warszawa)",-0.05312492999860986
L-PREC→R-ANG,DMN→DMN,eyes closed,delta,"merged(Kraków,Warszawa)",-0.019803798098965687
L-PREC→L-SFG,DMN→CEN,eyes closed,delta,"merged(Kraków,Warszawa)",0.05226387526235099
L-PREC→R-SFG,DMN→CEN,eyes closed,delta,"merged(Kraków,Warszawa)",-0.12247581953872946
L-PREC→L-pSTG,DMN→CEN,eyes closed,delta,"merged(Kraków,Warszawa)",-0.18913370019896464
L-PREC→R-pSTG,DMN→CEN,eyes closed,delta,"merged(Kraków,Warszawa)",-0.0473078971387854
L-PREC→L-ITG,DMN→CEN,eyes closed,delta,"merged(Kraków,Warszawa)",-0.14902267135616296
L-PREC→R-ITG,DMN→CEN,eyes closed,delta,"merged(Kraków,Warszawa)",-0.026219163713569655
L-PREC→L-SUP,DMN→CEN,eyes closed,delta,"merged(Kraków,Warszawa)",-0.05495249381063228
L-PREC→R-SUP,DMN→CEN,eyes closed,delta,"merged(Kraków,Warszawa)",-0.022006398287929108
R-PREC→L-ACC,DMN→SN,eyes closed,delta,"merged(Kraków,Warszawa)",0.00232653556278024
R-PREC→R-ACC,DMN→SN,eyes closed,delta,"merged(Kraków,Warszawa)",-0.14870852027041506
R-PREC→L-INS,DMN→SN,eyes closed,delta,"merged(Kraków,Warszawa)",-0.09469816181869047
R-PREC→R-INS,DMN→SN,eyes closed,delta,"merged(Kraków,Warszawa)",-0.17689457220837174
R-PREC→L-IFG,DMN→DMN,eyes closed,delta,"merged(Kraków,Warszawa)",-0.07192110426205094
R-PREC→R-IFG,DMN→CEN,eyes closed,delta,"merged(Kraków,Warszawa)",0.030909686762651763
R-PREC→L-mPFC,DMN→DMN,eyes closed,delta,"merged(Kraków,Warszawa)",-0.13533224690846027
R-PREC→R-mPFC,DMN→DMN,eyes closed,delta,"merged(Kraków,Warszawa)",0.016203107535517382
R-PREC→L-aSTG,DMN→DMN,eyes closed,delta,"merged(Kraków,Warszawa)",-0.014746556054816156
R-PREC→R-aSTG,DMN→DMN,eyes closed,delta,"merged(Kraków,Warszawa)",-0.21685266831719435
R-PREC→L-PREC,DMN→DMN,eyes closed,delta,"merged(Kraków,Warszawa)",0.06310336783522506
R-PREC→L-ANG,DMN→DMN,eyes closed,delta,"merged(Kraków,Warszawa)",-0.07858542940959559
R-PREC→R-ANG,DMN→DMN,eyes closed,delta,"merged(Kraków,Warszawa)",0.06277056277056278
R-PREC→L-SFG,DMN→CEN,eyes closed,delta,"merged(Kraków,Warszawa)",-0.07865249376417563
R-PREC→R-SFG,DMN→CEN,eyes closed,delta,"merged(Kraków,Warszawa)",-0.19220521363367976
R-PREC→L-pSTG,DMN→CEN,eyes closed,delta,"merged(Kraków,Warszawa)",0.1652920786897017
R-PREC→R-pSTG,DMN→CEN,eyes closed,delta,"merged(Kraków,Warszawa)",-0.03523509771630169
R-PREC→L-ITG,DMN→CEN,eyes closed,delta,"merged(Kraków,Warszawa)",-0.07491196997341874
R-PREC→R-ITG,DMN→CEN,eyes closed,delta,"merged(Kraków,Warszawa)",-0.07235706196036984
R-PREC→L-SUP,DMN→CEN,eyes closed,delta,"merged(Kraków,Warszawa)",-0.07003749211159016
R-PREC→R-SUP,DMN→CEN,eyes closed,delta,"merged(Kraków,Warszawa)",-0.014488617272348143
L-ANG→L-ACC,DMN→SN,eyes closed,delta,"merged(Kraków,Warszawa)",0.025743502737626142
L-ANG→R-ACC,DMN→SN,eyes closed,delta,"merged(Kraków,Warszawa)",-0.1361695802700751
L-ANG→L-INS,DMN→SN,eyes closed,delta,"merged(Kraków,Warszawa)",0.03598983614268874
L-ANG→R-INS,DMN→SN,eyes closed,delta,"merged(Kraków,Warszawa)",0.023594489687705854
L-ANG→L-IFG,DMN→DMN,eyes closed,delta,"merged(Kraków,Warszawa)",0.04530226849238789
L-ANG→R-IFG,DMN→CEN,eyes closed,delta,"merged(Kraków,Warszawa)",-0.05351031794394553
L-ANG→L-mPFC,DMN→DMN,eyes closed,delta,"merged(Kraków,Warszawa)",-0.1433049438875616
L-ANG→R-mPFC,DMN→DMN,eyes closed,delta,"merged(Kraków,Warszawa)",-0.010260908682177603
L-ANG→L-aSTG,DMN→DMN,eyes closed,delta,"merged(Kraków,Warszawa)",-0.07725332878058246
L-ANG→R-aSTG,DMN→DMN,eyes closed,delta,"merged(Kraków,Warszawa)",-0.05782582682033855
L-ANG→L-PREC,DMN→DMN,eyes closed,delta,"merged(Kraków,Warszawa)",0.16624095290201124
L-ANG→R-PREC,DMN→DMN,eyes closed,delta,"merged(Kraków,Warszawa)",-0.08598591336079368
L-ANG→R-ANG,DMN→DMN,eyes closed,delta,"merged(Kraków,Warszawa)",-0.06675274147338496
L-ANG→L-SFG,DMN→CEN,eyes closed,delta,"merged(Kraków,Warszawa)",-0.07519812641780267
L-ANG→R-SFG,DMN→CEN,eyes closed,delta,"merged(Kraków,Warszawa)",-0.24284241447422172
L-ANG→L-pSTG,DMN→CEN,eyes closed,delta,"merged(Kraków,Warszawa)",-0.06213582633489795
L-ANG→R-pSTG,DMN→CEN,eyes closed,delta,"merged(Kraków,Warszawa)",-0.18013880785951963
L-ANG→L-ITG,DMN→CEN,eyes closed,delta,"merged(Kraków,Warszawa)",-0.028977234544696286
L-ANG→R-ITG,DMN→CEN,eyes closed,delta,"merged(Kraków,Warszawa)",-0.09989015745725853
L-ANG→L-SUP,DMN→CEN,eyes closed,delta,"merged(Kraków,Warszawa)",-0.056425231803958135
L-ANG→R-SUP,DMN→CEN,eyes closed,delta,"merged(Kraków,Warszawa)",-0.05155760667772462
R-ANG→L-ACC,DMN→SN,eyes closed,delta,"merged(Kraków,Warszawa)",0.00897378002786664
R-ANG→R-ACC,DMN→SN,eyes closed,delta,"merged(Kraków,Warszawa)",-0.031690926684179936
R-ANG→L-INS,DMN→SN,eyes closed,delta,"merged(Kraków,Warszawa)",0.08987758480529312
R-ANG→R-INS,DMN→SN,eyes closed,delta,"merged(Kraków,Warszawa)",-0.07195608002048778
R-ANG→L-IFG,DMN→DMN,eyes closed,delta,"merged(Kraków,Warszawa)",-0.08383458986653744
R-ANG→R-IFG,DMN→CEN,eyes closed,delta,"merged(Kraków,Warszawa)",0.1714492094416538
R-ANG→L-mPFC,DMN→DMN,eyes closed,delta,"merged(Kraków,Warszawa)",-0.16510908414446707
R-ANG→R-mPFC,DMN→DMN,eyes closed,delta,"merged(Kraków,Warszawa)",-0.18659146354805695
R-ANG→L-aSTG,DMN→DMN,eyes closed,delta,"merged(Kraków,Warszawa)",0.0058986224219264635
R-ANG→R-aSTG,DMN→DMN,eyes closed,delta,"merged(Kraków,Warszawa)",-0.12894081881056857
R-ANG→L-PREC,DMN→DMN,eyes closed,delta,"merged(Kraków,Warszawa)",0.09405741716234071
R-ANG→R-PREC,DMN→DMN,eyes closed,delta,"merged(Kraków,Warszawa)",-0.16358089394027303
R-ANG→L-ANG,DMN→DMN,eyes closed,delta,"merged(Kraków,Warszawa)",-0.02804426144766869
R-ANG→L-SFG,DMN→CEN,eyes closed,delta,"merged(Kraków,Warszawa)",-0.2663145841488754
R-ANG→R-SFG,DMN→CEN,eyes closed,delta,"merged(Kraków,Warszawa)",-0.2663350210436912
R-ANG→L-pSTG,DMN→CEN,eyes closed,delta,"merged(Kraków,Warszawa)",-0.1220634101008976
R-ANG→R-pSTG,DMN→CEN,eyes closed,delta,"merged(Kraków,Warszawa)",-0.11684633288862119
R-ANG→L-ITG,DMN→CEN,eyes closed,delta,"merged(Kraków,Warszawa)",-0.22437820355661223
R-ANG→R-ITG,DMN→CEN,eyes closed,delta,"merged(Kraków,Warszawa)",0.016922612767541395
R-ANG→L-SUP,DMN→CEN,eyes closed,delta,"merged(Kraków,Warszawa)",-0.02520785759949879
R-ANG→R-SUP,DMN→CEN,eyes closed,delta,"merged(Kraków,Warszawa)",-0.2199460383785811
L-SFG→L-ACC,CEN→SN,eyes closed,delta,"merged(Kraków,Warszawa)",0.05875891615132855
L-SFG→R-ACC,CEN→SN,eyes closed,delta,"merged(Kraków,Warszawa)",0.10070672257417179
L-SFG→L-INS,CEN→SN,eyes closed,delta,"merged(Kraków,Warszawa)",-0.10479323733317181
L-SFG→R-INS,CEN→SN,eyes closed,delta,"merged(Kraków,Warszawa)",0.07504834670793588
L-SFG→L-IFG,CEN→DMN,eyes closed,delta,"merged(Kraków,Warszawa)",-0.11855560471275198
L-SFG→R-IFG,CEN→CEN,eyes closed,delta,"merged(Kraków,Warszawa)",0.15644561425291226
L-SFG→L-mPFC,CEN→DMN,eyes closed,delta,"merged(Kraków,Warszawa)",0.11721063117871786
L-SFG→R-mPFC,CEN→DMN,eyes closed,delta,"merged(Kraków,Warszawa)",0.1345061826403334
L-SFG→L-aSTG,CEN→DMN,eyes closed,delta,"merged(Kraków,Warszawa)",-0.0491035045479867
L-SFG→R-aSTG,CEN→DMN,eyes closed,delta,"merged(Kraków,Warszawa)",-0.07262621312736517
L-SFG→L-PREC,CEN→DMN,eyes closed,delta,"merged(Kraków,Warszawa)",0.006224387900449018
L-SFG→R-PREC,CEN→DMN,eyes closed,delta,"merged(Kraków,Warszawa)",0.14385252036593285
L-SFG→L-ANG,CEN→DMN,eyes closed,delta,"merged(Kraków,Warszawa)",-0.053577671636678766
L-SFG→R-ANG,CEN→DMN,eyes closed,delta,"merged(Kraków,Warszawa)",0.0625602755371071
L-SFG→R-SFG,CEN→CEN,eyes closed,delta,"merged(Kraków,Warszawa)",-0.08241115808411945
L-SFG→L-pSTG,CEN→CEN,eyes closed,delta,"merged(Kraków,Warszawa)",-0.058939649422729376
L-SFG→R-pSTG,CEN→CEN,eyes closed,delta,"merged(Kraków,Warszawa)",-0.0965907818156543
L-SFG→L-ITG,CEN→CEN,eyes closed,delta,"merged(Kraków,Warszawa)",-0.012691959575656046
L-SFG→R-ITG,CEN→CEN,eyes closed,delta,"merged(Kraków,Warszawa)",-0.08946608946608947
L-SFG→L-SUP,CEN→CEN,eyes closed,delta,"merged(Kraków,Warszawa)",0.007106336619106385
L-SFG→R-SUP,CEN→CEN,eyes closed,delta,"merged(Kraków,Warszawa)",-0.0605122595081075
R-SFG→L-ACC,CEN→SN,eyes closed,delta,"merged(Kraków,Warszawa)",-0.03964207338432575
R-SFG→R-ACC,CEN→SN,eyes closed,delta,"merged(Kraków,Warszawa)",0.006356417261637282
R-SFG→L-INS,CEN→SN,eyes closed,delta,"merged(Kraków,Warszawa)",0.17535363043993255
R-SFG→R-INS,CEN→SN,eyes closed,delta,"merged(Kraków,Warszawa)",0.13518772185030037
R-SFG→L-IFG,CEN→DMN,eyes closed,delta,"merged(Kraków,Warszawa)",0.11916873301998357
R-SFG→R-IFG,CEN→CEN,eyes closed,delta,"merged(Kraków,Warszawa)",-0.029797570435324584
R-SFG→L-mPFC,CEN→DMN,eyes closed,delta,"merged(Kraków,Warszawa)",-0.1028001892180892
R-SFG→R-mPFC,CEN→DMN,eyes closed,delta,"merged(Kraków,Warszawa)",0.24941762713960533
R-SFG→L-aSTG,CEN→DMN,eyes closed,delta,"merged(Kraków,Warszawa)",0.006085169051948626
R-SFG→R-aSTG,CEN→DMN,eyes closed,delta,"merged(Kraków,Warszawa)",0.06901579588999186
R-SFG→L-PREC,CEN→DMN,eyes closed,delta,"merged(Kraków,Warszawa)",0.08521951881100183
R-SFG→R-PREC,CEN→DMN,eyes closed,delta,"merged(Kraków,Warszawa)",0.06736780212319947
R-SFG→L-ANG,CEN→DMN,eyes closed,delta,"merged(Kraków,Warszawa)",0.07271415873726908
R-SFG→R-ANG,CEN→DMN,eyes closed,delta,"merged(Kraków,Warszawa)",-0.09225580879172382
R-SFG→L-SFG,CEN→CEN,eyes closed,delta,"merged(Kraków,Warszawa)",-0.09450413564644172
R-SFG→L-pSTG,CEN→CEN,eyes closed,delta,"merged(Kraków,Warszawa)",0.10117940483289742
R-SFG→R-pSTG,CEN→CEN,eyes closed,delta,"merged(Kraków,Warszawa)",0.07051088653142248
R-SFG→L-ITG,CEN→CEN,eyes closed,delta,"merged(Kraków,Warszawa)",-0.02285481097788395
R-SFG→R-ITG,CEN→CEN,eyes closed,delta,"merged(Kraków,Warszawa)",0.12921745127873208
R-SFG→L-SUP,CEN→CEN,eyes closed,delta,"merged(Kraków,Warszawa)",-0.11995432200887077
R-SFG→R-SUP,CEN→CEN,eyes closed,delta,"merged(Kraków,Warszawa)",0.031232133939668383
L-pSTG→L-ACC,CEN→SN,eyes closed,delta,"merged(Kraków,Warszawa)",-0.02323391897810041
L-pSTG→R-ACC,CEN→SN,eyes closed,delta,"merged(Kraków,Warszawa)",0.0824977372417643
L-pSTG→L-INS,CEN→SN,eyes closed,delta,"merged(Kraków,Warszawa)",0.07324125278121585
L-pSTG→R-INS,CEN→SN,eyes closed,delta,"merged(Kraków,Warszawa)",0.10816242533001848
L-pSTG→L-IFG,CEN→DMN,eyes closed,delta,"merged(Kraków,Warszawa)",-0.08844728610418587
L-pSTG→R-IFG,CEN→CEN,eyes closed,delta,"merged(Kraków,Warszawa)",0.062460958704777164
L-pSTG→L-mPFC,CEN→DMN,eyes closed,delta,"merged(Kraków,Warszawa)",0.026589110070704202
L-pSTG→R-mPFC,CEN→DMN,eyes closed,delta,"merged(Kraków,Warszawa)",-0.0068916670396108
L-pSTG→L-aSTG,CEN→DMN,eyes closed,delta,"merged(Kraków,Warszawa)",-0.043926500291483456
L-pSTG→R-aSTG,CEN→DMN,eyes closed,delta,"merged(Kraków,Warszawa)",0.14484330914631624
L-pSTG→L-PREC,CEN→DMN,eyes closed,delta,"merged(Kraków,Warszawa)",-0.14063501808947937
L-pSTG→R-PREC,CEN→DMN,eyes closed,delta,"merged(Kraków,Warszawa)",0.22881676118117186
L-pSTG→L-ANG,CEN→DMN,eyes closed,delta,"merged(Kraków,Warszawa)",-0.04690701111852619
L-pSTG→R-ANG,CEN→DMN,eyes closed,delta,"merged(Kraków,Warszawa)",-0.1063406650958038
L-pSTG→L-SFG,CEN→CEN,eyes closed,delta,"merged(Kraków,Warszawa)",0.13894532378019964
L-pSTG→R-SFG,CEN→CEN,eyes closed,delta,"merged(Kraków,Warszawa)",0.002622683226970289
L-pSTG→R-pSTG,CEN→CEN,eyes closed,delta,"merged(Kraków,Warszawa)",-0.054282449110225124
L-pSTG→L-ITG,CEN→CEN,eyes closed,delta,"merged(Kraków,Warszawa)",-0.19349142086392052
L-pSTG→R-ITG,CEN→CEN,eyes closed,delta,"merged(Kraków,Warszawa)",-0.08362523107970751
L-pSTG→L-SUP,CEN→CEN,eyes closed,delta,"merged(Kraków,Warszawa)",0.09276178786536567
L-pSTG→R-SUP,CEN→CEN,eyes closed,delta,"merged(Kraków,Warszawa)",-0.06184119191024378
R-pSTG→L-ACC,CEN→SN,eyes closed,delta,"merged(Kraków,Warszawa)",0.03802911202101593
R-pSTG→R-ACC,CEN→SN,eyes closed,delta,"merged(Kraków,Warszawa)",0.011281741845027598
R-pSTG→L-INS,CEN→SN,eyes closed,delta,"merged(Kraków,Warszawa)",0.13899748434454048
R-pSTG→R-INS,CEN→SN,eyes closed,delta,"merged(Kraków,Warszawa)",-0.02608902801662632
R-pSTG→L-IFG,CEN→DMN,eyes closed,delta,"merged(Kraków,Warszawa)",-0.21580822259075705
R-pSTG→R-IFG,CEN→CEN,eyes closed,delta,"merged(Kraków,Warszawa)",-0.14117729429096784
R-pSTG→L-mPFC,CEN→DMN,eyes closed,delta,"merged(Kraków,Warszawa)",-0.11879472078612656
R-pSTG→R-mPFC,CEN→DMN,eyes closed,delta,"merged(Kraków,Warszawa)",0.1832751496795188
R-pSTG→L-aSTG,CEN→DMN,eyes closed,delta,"merged(Kraków,Warszawa)",0.11073887853694818
R-pSTG→R-aSTG,CEN→DMN,eyes closed,delta,"merged(Kraków,Warszawa)",0.20343901683482934
R-pSTG→L-PREC,CEN→DMN,eyes closed,delta,"merged(Kraków,Warszawa)",0.043568355817724516
R-pSTG→R-PREC,CEN→DMN,eyes closed,delta,"merged(Kraków,Warszawa)",-0.1021102550622631
R-pSTG→L-ANG,CEN→DMN,eyes closed,delta,"merged(Kraków,Warszawa)",-0.06471752641769699
R-pSTG→R-ANG,CEN→DMN,eyes closed,delta,"merged(Kraków,Warszawa)",0.1832305121817429
R-pSTG→L-SFG,CEN→CEN,eyes closed,delta,"merged(Kraków,Warszawa)",-0.05423416055820572
R-pSTG→R-SFG,CEN→CEN,eyes closed,delta,"merged(Kraków,Warszawa)",-0.017560327567658632
R-pSTG→L-pSTG,CEN→CEN,eyes closed,delta,"merged(Kraków,Warszawa)",-0.02628074891300696
R-pSTG→L-ITG,CEN→CEN,eyes closed,delta,"merged(Kraków,Warszawa)",-0.014807286171598722
R-pSTG→R-ITG,CEN→CEN,eyes closed,delta,"merged(Kraków,Warszawa)",-0.02307004845588873
R-pSTG→L-SUP,CEN→CEN,eyes closed,delta,"merged(Kraków,Warszawa)",0.04848749453879319
R-pSTG→R-SUP,CEN→CEN,eyes closed,delta,"merged(Kraków,Warszawa)",-0.0521029150597572
L-ITG→L-ACC,CEN→SN,eyes closed,delta,"merged(Kraków,Warszawa)",0.15608535720242658
L-ITG→R-ACC,CEN→SN,eyes closed,delta,"merged(Kraków,Warszawa)",0.034131235313336644
L-ITG→L-INS,CEN→SN,eyes closed,delta,"merged(Kraków,Warszawa)",-0.15865239798020422
L-ITG→R-INS,CEN→SN,eyes closed,delta,"merged(Kraków,Warszawa)",0.05553577656387255
L-ITG→L-IFG,CEN→DMN,eyes closed,delta,"merged(Kraków,Warszawa)",0.06830724002591944
L-ITG→R-IFG,CEN→CEN,eyes closed,delta,"merged(Kraków,Warszawa)",-0.03954959947748149
L-ITG→L-mPFC,CEN→DMN,eyes closed,delta,"merged(Kraków,Warszawa)",-0.029341864383905472
L-ITG→R-mPFC,CEN→DMN,eyes closed,delta,"merged(Kraków,Warszawa)",-0.09387844691556328
L-ITG→L-aSTG,CEN→DMN,eyes closed,delta,"merged(Kraków,Warszawa)",-0.04235516507163823
L-ITG→R-aSTG,CEN→DMN,eyes closed,delta,"merged(Kraków,Warszawa)",-0.01875901875901876
L-ITG→L-PREC,CEN→DMN,eyes closed,delta,"merged(Kraków,Warszawa)",0.15491809885562
L-ITG→R-PREC,CEN→DMN,eyes closed,delta,"merged(Kraków,Warszawa)",0.07078918914927743
L-ITG→L-ANG,CEN→DMN,eyes closed,delta,"merged(Kraków,Warszawa)",0.14488617272348142
L-ITG→R-ANG,CEN→DMN,eyes closed,delta,"merged(Kraków,Warszawa)",0.0698957952161136
L-ITG→L-SFG,CEN→CEN,eyes closed,delta,"merged(Kraków,Warszawa)",-0.08040302522073697
L-ITG→R-SFG,CEN→CEN,eyes closed,delta,"merged(Kraków,Warszawa)",0.06215163544712009
L-ITG→L-pSTG,CEN→CEN,eyes closed,delta,"merged(Kraków,Warszawa)",0.06781509486880319
L-ITG→R-pSTG,CEN→CEN,eyes closed,delta,"merged(Kraków,Warszawa)",-0.0943685372373358
L-ITG→R-ITG,CEN→CEN,eyes closed,delta,"merged(Kraków,Warszawa)",-0.035271531435877766
L-ITG→L-SUP,CEN→CEN,eyes closed,delta,"merged(Kraków,Warszawa)",-0.13246735791861158
L-ITG→R-SUP,CEN→CEN,eyes closed,delta,"merged(Kraków,Warszawa)",-0.06381855503499441
R-ITG→L-ACC,CEN→SN,eyes closed,delta,"merged(Kraków,Warszawa)",0.01016190897537874
R-ITG→R-ACC,CEN→SN,eyes closed,delta,"merged(Kraków,Warszawa)",0.05509056562075909
R-ITG→L-INS,CEN→SN,eyes closed,delta,"merged(Kraków,Warszawa)",0.04139604934956612
R-ITG→R-INS,CEN→SN,eyes closed,delta,"merged(Kraków,Warszawa)",0.004059967407253808
R-ITG→L-IFG,CEN→DMN,eyes closed,delta,"merged(Kraków,Warszawa)",0.040401634782758336
R-ITG→R-IFG,CEN→CEN,eyes closed,delta,"merged(Kraków,Warszawa)",0.031208553616231507
R-ITG→L-mPFC,CEN→DMN,eyes closed,delta,"merged(Kraków,Warszawa)",0.021909164199010258
R-ITG→R-mPFC,CEN→DMN,eyes closed,delta,"merged(Kraków,Warszawa)",-0.024448843313352193
R-ITG→L-aSTG,CEN→DMN,eyes closed,delta,"merged(Kraków,Warszawa)",-0.0644971402879735
R-ITG→R-aSTG,CEN→DMN,eyes closed,delta,"merged(Kraków,Warszawa)",0.005387499393199244
R-ITG→L-PREC,CEN→DMN,eyes closed,delta,"merged(Kraków,Warszawa)",0.22989425944207292
R-ITG→R-PREC,CEN→DMN,eyes closed,delta,"merged(Kraków,Warszawa)",-0.005519473246608816
R-ITG→L-ANG,CEN→DMN,eyes closed,delta,"merged(Kraków,Warszawa)",-0.12327678305508312
R-ITG→R-ANG,CEN→DMN,eyes closed,delta,"merged(Kraków,Warszawa)",0.21928205531400186
R-ITG→L-SFG,CEN→CEN,eyes closed,delta,"merged(Kraków,Warszawa)",0.05195473819492491
R-ITG→R-SFG,CEN→CEN,eyes closed,delta,"merged(Kraków,Warszawa)",0.13732734896477974
R-ITG→L-pSTG,CEN→CEN,eyes closed,delta,"merged(Kraków,Warszawa)",0.02528920628243282
R-ITG→R-pSTG,CEN→CEN,eyes closed,delta,"merged(Kraków,Warszawa)",0.012612698873825936
R-ITG→L-ITG,CEN→CEN,eyes closed,delta,"merged(Kraków,Warszawa)",-0.06631280098514554
R-ITG→L-SUP,CEN→CEN,eyes closed,delta,"merged(Kraków,Warszawa)",0.0382746568210473
R-ITG→R-SUP,CEN→CEN,eyes closed,delta,"merged(Kraków,Warszawa)",-0.03110197515440409
L-SUP→L-ACC,CEN→SN,eyes closed,delta,"merged(Kraków,Warszawa)",0.19415257925309093
L-SUP→R-ACC,CEN→SN,eyes closed,delta,"merged(Kraków,Warszawa)",-0.027655830218422783
L-SUP→L-INS,CEN→SN,eyes closed,delta,"merged(Kraków,Warszawa)",0.08341370071614278
L-SUP→R-INS,CEN→SN,eyes closed,delta,"merged(Kraków,Warszawa)",-0.06388292679325035
L-SUP→L-IFG,CEN→DMN,eyes closed,delta,"merged(Kraków,Warszawa)",-0.0033720212918189434
L-SUP→R-IFG,CEN→CEN,eyes closed,delta,"merged(Kraków,Warszawa)",0.16045088810046357
L-SUP→L-mPFC,CEN→DMN,eyes closed,delta,"merged(Kraków,Warszawa)",0.08893705691717317
L-SUP→R-mPFC,CEN→DMN,eyes closed,delta,"merged(Kraków,Warszawa)",-0.1092577582628568
L-SUP→L-aSTG,CEN→DMN,eyes closed,delta,"merged(Kraków,Warszawa)",0.08852462791749714
L-SUP→R-aSTG,CEN→DMN,eyes closed,delta,"merged(Kraków,Warszawa)",-0.08591762345488783
L-SUP→L-PREC,CEN→DMN,eyes closed,delta,"merged(Kraków,Warszawa)",0.10788640307312672
L-SUP→R-PREC,CEN→DMN,eyes closed,delta,"merged(Kraków,Warszawa)",-0.07113336282765118
L-SUP→L-ANG,CEN→DMN,eyes closed,delta,"merged(Kraków,Warszawa)",-0.05515055900365691
L-SUP→R-ANG,CEN→DMN,eyes closed,delta,"merged(Kraków,Warszawa)",-0.011257252006190382
L-SUP→L-SFG,CEN→CEN,eyes closed,delta,"merged(Kraków,Warszawa)",0.12842712842712845
L-SUP→R-SFG,CEN→CEN,eyes closed,delta,"merged(Kraków,Warszawa)",0.09957393847757318
L-SUP→L-pSTG,CEN→CEN,eyes closed,delta,"merged(Kraków,Warszawa)",0.010067170776086197
L-SUP→R-pSTG,CEN→CEN,eyes closed,delta,"merged(Kraków,Warszawa)",0.08190987997812095
L-SUP→L-ITG,CEN→CEN,eyes closed,delta,"merged(Kraków,Warszawa)",-0.07412338982189272
L-SUP→R-ITG,CEN→CEN,eyes closed,delta,"merged(Kraków,Warszawa)",-0.1325324850727014
L-SUP→R-SUP,CEN→CEN,eyes closed,delta,"merged(Kraków,Warszawa)",-0.13192596877085488
R-SUP→L-ACC,CEN→SN,eyes closed,delta,"merged(Kraków,Warszawa)",0.13277193633717227
R-SUP→R-ACC,CEN→SN,eyes closed,delta,"merged(Kraków,Warszawa)",0.03060586978931061
R-SUP→L-INS,CEN→SN,eyes closed,delta,"merged(Kraków,Warszawa)",0.019805758459136194
R-SUP→R-INS,CEN→SN,eyes closed,delta,"merged(Kraków,Warszawa)",-0.05105512753113155
R-SUP→L-IFG,CEN→DMN,eyes closed,delta,"merged(Kraków,Warszawa)",-0.0663911386391411
R-SUP→R-IFG,CEN→CEN,eyes closed,delta,"merged(Kraków,Warszawa)",0.25880205876202356
R-SUP→L-mPFC,CEN→DMN,eyes closed,delta,"merged(Kraków,Warszawa)",-0.03446581832455553
R-SUP→R-mPFC,CEN→DMN,eyes closed,delta,"merged(Kraków,Warszawa)",-0.09681236725323729
R-SUP→L-aSTG,CEN→DMN,eyes closed,delta,"merged(Kraków,Warszawa)",-0.057043668031523886
R-SUP→R-aSTG,CEN→DMN,eyes closed,delta,"merged(Kraków,Warszawa)",-0.11038946493217634
R-SUP→L-PREC,CEN→DMN,eyes closed,delta,"merged(Kraków,Warszawa)",0.08736421880374237
R-SUP→R-PREC,CEN→DMN,eyes closed,delta,"merged(Kraków,Warszawa)",-0.09358774002076604
R-SUP→L-ANG,CEN→DMN,eyes closed,delta,"merged(Kraków,Warszawa)",0.02732517782080539
R-SUP→R-ANG,CEN→DMN,eyes closed,delta,"merged(Kraków,Warszawa)",0.10788165639307641
R-SUP→L-SFG,CEN→CEN,eyes closed,delta,"merged(Kraków,Warszawa)",0.10160632404903049
R-SUP→R-SFG,CEN→CEN,eyes closed,delta,"merged(Kraków,Warszawa)",0.09901899049482844
R-SUP→L-pSTG,CEN→CEN,eyes closed,delta,"merged(Kraków,Warszawa)",-0.1791373195016535
R-SUP→R-pSTG,CEN→CEN,eyes closed,delta,"merged(Kraków,Warszawa)",-0.04346585181704443
R-SUP→L-ITG,CEN→CEN,eyes closed,delta,"merged(Kraków,Warszawa)",-0.056575023896073384
R-SUP→R-ITG,CEN→CEN,eyes closed,delta,"merged(Kraków,Warszawa)",-0.0514262538252149
R-SUP→L-SUP,CEN→CEN,eyes closed,delta,"merged(Kraków,Warszawa)",-0.08393635996285878
L-ACC→R-ACC,SN→SN,eyes closed,gamma,"merged(Kraków,Warszawa)",0.1016190897537874
L-ACC→L-INS,SN→SN,eyes closed,gamma,"merged(Kraków,Warszawa)",0.07707629711178807
L-ACC→R-INS,SN→SN,eyes closed,gamma,"merged(Kraków,Warszawa)",0.09418611620801426
L-ACC→L-IFG,SN→DMN,eyes closed,gamma,"merged(Kraków,Warszawa)",0.0006766612345423013
L-ACC→R-IFG,SN→CEN,eyes closed,gamma,"merged(Kraków,Warszawa)",0.11013987884151633
L-ACC→L-mPFC,SN→DMN,eyes closed,gamma,"merged(Kraków,Warszawa)",-0.07991402347646474
L-ACC→R-mPFC,SN→DMN,eyes closed,gamma,"merged(Kraków,Warszawa)",0.08077464588438195
L-ACC→L-aSTG,SN→DMN,eyes closed,gamma,"merged(Kraków,Warszawa)",-0.1491774502586647
L-ACC→R-aSTG,SN→DMN,eyes closed,gamma,"merged(Kraków,Warszawa)",0.023404488662413993
L-ACC→L-PREC,SN→DMN,eyes closed,gamma,"merged(Kraków,Warszawa)",0.06029399325391386
L-ACC→R-PREC,SN→DMN,eyes closed,gamma,"merged(Kraków,Warszawa)",-0.08712387884531296
L-ACC→L-ANG,SN→DMN,eyes closed,gamma,"merged(Kraków,Warszawa)",-0.06487001560890869
L-ACC→R-ANG,SN→DMN,eyes closed,gamma,"merged(Kraków,Warszawa)",0.17391361226671942
L-ACC→L-SFG,SN→CEN,eyes closed,gamma,"merged(Kraków,Warszawa)",-0.09496110739537214
L-ACC→R-SFG,SN→CEN,eyes closed,gamma,"merged(Kraków,Warszawa)",-0.08129527180302992
L-ACC→L-pSTG,SN→CEN,eyes closed,gamma,"merged(Kraków,Warszawa)",-0.21801919324104824
L-ACC→R-pSTG,SN→CEN,eyes closed,gamma,"merged(Kraków,Warszawa)",-0.08224915740284179
L-ACC→L-ITG,SN→CEN,eyes closed,gamma,"merged(Kraków,Warszawa)",-0.05941727537740859
L-ACC→R-ITG,SN→CEN,eyes closed,gamma,"merged(Kraków,Warszawa)",0.12042552139988376
L-ACC→L-SUP,SN→CEN,eyes closed,gamma,"merged(Kraków,Warszawa)",-0.06628023333953713
L-ACC→R-SUP,SN→CEN,eyes closed,gamma,"merged(Kraków,Warszawa)",0.14567755213463673
R-ACC→L-ACC,SN→SN,eyes closed,gamma,"merged(Kraków,Warszawa)",0.13171398576082427
R-ACC→L-INS,SN→SN,eyes closed,gamma,"merged(Kraków,Warszawa)",0.1172006835160348
R-ACC→R-INS,SN→SN,eyes closed,gamma,"merged(Kraków,Warszawa)",-0.14644836736634234
R-ACC→L-IFG,SN→DMN,eyes closed,gamma,"merged(Kraków,Warszawa)",0.1334260981284422
R-ACC→R-IFG,SN→CEN,eyes closed,gamma,"merged(Kraków,Warszawa)",0.05697666443722329
R-ACC→L-mPFC,SN→DMN,eyes closed,gamma,"merged(Kraków,Warszawa)",-0.04533630271433419
R-ACC→R-mPFC,SN→DMN,eyes closed,gamma,"merged(Kraków,Warszawa)",-0.0813336821345531
R-ACC→L-aSTG,SN→DMN,eyes closed,gamma,"merged(Kraków,Warszawa)",-0.046647865887014237
R-ACC→R-aSTG,SN→DMN,eyes closed,gamma,"merged(Kraków,Warszawa)",-0.020570974423729006
R-ACC→L-PREC,SN→DMN,eyes closed,gamma,"merged(Kraków,Warszawa)",0.05608852289533738
R-ACC→R-PREC,SN→DMN,eyes closed,gamma,"merged(Kraków,Warszawa)",0.1518477456946684
R-ACC→L-ANG,SN→DMN,eyes closed,gamma,"merged(Kraków,Warszawa)",0.11090745423563263
R-ACC→R-ANG,SN→DMN,eyes closed,gamma,"merged(Kraków,Warszawa)",-0.05657460077774037
R-ACC→L-SFG,SN→CEN,eyes closed,gamma,"merged(Kraków,Warszawa)",-0.13013389141528495
R-ACC→R-SFG,SN→CEN,eyes closed,gamma,"merged(Kraków,Warszawa)",-0.012776585358650071
R-ACC→L-pSTG,SN→CEN,eyes closed,gamma,"merged(Kraków,Warszawa)",0.04715695679992731
R-ACC→R-pSTG,SN→CEN,eyes closed,gamma,"merged(Kraków,Warszawa)",0.07504259665353981
R-ACC→L-ITG,SN→CEN,eyes closed,gamma,"merged(Kraków,Warszawa)",0.09640844831361715
R-ACC→R-ITG,SN→CEN,eyes closed,gamma,"merged(Kraków,Warszawa)",-0.21453088427826558
R-ACC→L-SUP,SN→CEN,eyes closed,gamma,"merged(Kraków,Warszawa)",-0.28235840122851225
R-ACC→R-SUP,SN→CEN,eyes closed,gamma,"merged(Kraków,Warszawa)",-0.004225456891223991
L-INS→L-ACC,SN→SN,eyes closed,gamma,"merged(Kraków,Warszawa)",0.019520083712292743
L-INS→R-ACC,SN→SN,eyes closed,gamma,"merged(Kraków,Warszawa)",0.07307941333056854
L-INS→R-INS,SN→SN,eyes closed,gamma,"merged(Kraków,Warszawa)",-0.07793210729238738
L-INS→L-IFG,SN→DMN,eyes closed,gamma,"merged(Kraków,Warszawa)",0.08954882589490656
L-INS→R-IFG,SN→CEN,eyes closed,gamma,"merged(Kraków,Warszawa)",-0.022767827142261367
L-INS→L-mPFC,SN→DMN,eyes closed,gamma,"merged(Kraków,Warszawa)",0.02260059470804367
L-INS→R-mPFC,SN→DMN,eyes closed,gamma,"merged(Kraków,Warszawa)",0.07190836268632997
L-INS→L-aSTG,SN→DMN,eyes closed,gamma,"merged(Kraków,Warszawa)",-0.16211380072107776
L-INS→R-aSTG,SN→DMN,eyes closed,gamma,"merged(Kraków,Warszawa)",0.08446594196753479
L-INS→L-PREC,SN→DMN,eyes closed,gamma,"merged(Kraków,Warszawa)",-0.0240131318772964
L-INS→R-PREC,SN→DMN,eyes closed,gamma,"merged(Kraków,Warszawa)",-0.10289306976015897
L-INS→L-ANG,SN→DMN,eyes closed,gamma,"merged(Kraków,Warszawa)",0.031890949336081484
L-INS→R-ANG,SN→DMN,eyes closed,gamma,"merged(Kraków,Warszawa)",0.18831611646834645
L-INS→L-SFG,SN→CEN,eyes closed,gamma,"merged(Kraków,Warszawa)",0.04514018544316651
L-INS→R-SFG,SN→CEN,eyes closed,gamma,"merged(Kraków,Warszawa)",0.0007178841537565801
L-INS→L-pSTG,SN→CEN,eyes closed,gamma,"merged(Kraków,Warszawa)",0.0
L-INS→R-pSTG,SN→CEN,eyes closed,gamma,"merged(Kraków,Warszawa)",-0.018900827129288342
L-INS→L-ITG,SN→CEN,eyes closed,gamma,"merged(Kraków,Warszawa)",-0.1079695084280662
L-INS→R-ITG,SN→CEN,eyes closed,gamma,"merged(Kraków,Warszawa)",-0.026389788147149755
L-INS→L-SUP,SN→CEN,eyes closed,gamma,"merged(Kraków,Warszawa)",-0.11422763618090442
L-INS→R-SUP,SN→CEN,eyes closed,gamma,"merged(Kraków,Warszawa)",0.06910098103257543
R-INS→L-ACC,SN→SN,eyes closed,gamma,"merged(Kraków,Warszawa)",0.26633976703403284
R-INS→R-ACC,SN→SN,eyes closed,gamma,"merged(Kraków,Warszawa)",-0.12820681403888182
R-INS→L-INS,SN→SN,eyes closed,gamma,"merged(Kraków,Warszawa)",0.04014184046662792
R-INS→L-IFG,SN→DMN,eyes closed,gamma,"merged(Kraków,Warszawa)",0.0514262538252149
R-INS→R-IFG,SN→CEN,eyes closed,gamma,"merged(Kraków,Warszawa)",0.015391363023266404
R-INS→L-mPFC,SN→DMN,eyes closed,gamma,"merged(Kraków,Warszawa)",-0.03271483245162531
R-INS→R-mPFC,SN→DMN,eyes closed,gamma,"merged(Kraków,Warszawa)",-0.01975416444173056
R-INS→L-aSTG,SN→DMN,eyes closed,gamma,"merged(Kraków,Warszawa)",-0.016922612767541395
R-INS→R-aSTG,SN→DMN,eyes closed,gamma,"merged(Kraków,Warszawa)",0.15679162578705297
R-INS→L-PREC,SN→DMN,eyes closed,gamma,"merged(Kraków,Warszawa)",-0.045300702942284214
R-INS→R-PREC,SN→DMN,eyes closed,gamma,"merged(Kraków,Warszawa)",0.016598367734530713
R-INS→L-ANG,SN→DMN,eyes closed,gamma,"merged(Kraków,Warszawa)",0.026972347568612408
R-INS→R-ANG,SN→DMN,eyes closed,gamma,"merged(Kraków,Warszawa)",0.07411677578571337
R-INS→L-SFG,SN→CEN,eyes closed,gamma,"merged(Kraków,Warszawa)",0.028419771850776654
R-INS→R-SFG,SN→CEN,eyes closed,gamma,"merged(Kraków,Warszawa)",-0.08969144025739326
R-INS→L-pSTG,SN→CEN,eyes closed,gamma,"merged(Kraków,Warszawa)",-0.013662588910402696
R-INS→R-pSTG,SN→CEN,eyes closed,gamma,"merged(Kraków,Warszawa)",0.009730800609508811
R-INS→L-ITG,SN→CEN,eyes closed,gamma,"merged(Kraków,Warszawa)",0.0006915986556054464
R-INS→R-ITG,SN→CEN,eyes closed,gamma,"merged(Kraków,Warszawa)",0.028250788976617203
R-INS→L-SUP,SN→CEN,eyes closed,gamma,"merged(Kraków,Warszawa)",-0.07157364027840672
R-INS→R-SUP,SN→CEN,eyes closed,gamma,"merged(Kraków,Warszawa)",-0.058404379110703626
L-IFG→L-ACC,DMN→SN,eyes closed,gamma,"merged(Kraków,Warszawa)",0.15266943831102836
L-IFG→R-ACC,DMN→SN,eyes closed,gamma,"merged(Kraków,Warszawa)",-0.018269853332642135
L-IFG→L-INS,DMN→SN,eyes closed,gamma,"merged(Kraków,Warszawa)",0.07260279955235571
L-IFG→R-INS,DMN→SN,eyes closed,gamma,"merged(Kraków,Warszawa)",-0.004929699706427991
L-IFG→R-IFG,DMN→CEN,eyes closed,gamma,"merged(Kraków,Warszawa)",-0.13859259435727847
L-IFG→L-mPFC,DMN→DMN,eyes closed,gamma,"merged(Kraków,Warszawa)",-0.011038946493217633
L-IFG→R-mPFC,DMN→DMN,eyes closed,gamma,"merged(Kraków,Warszawa)",0.09099442466877654
L-IFG→L-aSTG,DMN→DMN,eyes closed,gamma,"merged(Kraków,Warszawa)",0.1404079205745632
L-IFG→R-aSTG,DMN→DMN,eyes closed,gamma,"merged(Kraków,Warszawa)",-0.09038137441321938
L-IFG→L-PREC,DMN→DMN,eyes closed,gamma,"merged(Kraków,Warszawa)",0.10563071178205971
L-IFG→R-PREC,DMN→DMN,eyes closed,gamma,"merged(Kraków,Warszawa)",-0.011505338029812797
L-IFG→L-ANG,DMN→DMN,eyes closed,gamma,"merged(Kraków,Warszawa)",-0.08397029364171309
L-IFG→R-ANG,DMN→DMN,eyes closed,gamma,"merged(Kraków,Warszawa)",0.03388833412466687
L-IFG→L-SFG,DMN→CEN,eyes closed,gamma,"merged(Kraków,Warszawa)",-0.22651134246193944
L-IFG→R-SFG,DMN→CEN,eyes closed,gamma,"merged(Kraków,Warszawa)",-0.13662310614957573
L-IFG→L-pSTG,DMN→CEN,eyes closed,gamma,"merged(Kraków,Warszawa)",-0.09107130856904547
L-IFG→R-pSTG,DMN→CEN,eyes closed,gamma,"merged(Kraków,Warszawa)",-0.2715046601029853
L-IFG→L-ITG,DMN→CEN,eyes closed,gamma,"merged(Kraków,Warszawa)",-0.043568355817724516
L-IFG→R-ITG,DMN→CEN,eyes closed,gamma,"merged(Kraków,Warszawa)",-0.024927166744074
L-IFG→L-SUP,DMN→CEN,eyes closed,gamma,"merged(Kraków,Warszawa)",0.10617957483188917
L-IFG→R-SUP,DMN→CEN,eyes closed,gamma,"merged(Kraków,Warszawa)",-0.139373855823551
R-IFG→L-ACC,CEN→SN,eyes closed,gamma,"merged(Kraków,Warszawa)",0.05406690006777179
R-IFG→R-ACC,CEN→SN,eyes closed,gamma,"merged(Kraków,Warszawa)",0.13916118647394538
R-IFG→L-INS,CEN→SN,eyes closed,gamma,"merged(Kraków,Warszawa)",0.09366429442213181
R-IFG→R-INS,CEN→SN,eyes closed,gamma,"merged(Kraków,Warszawa)",0.11920774352291852
R-IFG→L-IFG,CEN→DMN,eyes closed,gamma,"merged(Kraków,Warszawa)",0.04619834903235048
R-IFG→L-mPFC,CEN→DMN,eyes closed,gamma,"merged(Kraków,Warszawa)",0.04815342018161866
R-IFG→R-mPFC,CEN→DMN,eyes closed,gamma,"merged(Kraków,Warszawa)",0.10694050973441471
R-IFG→L-aSTG,CEN→DMN,eyes closed,gamma,"merged(Kraków,Warszawa)",0.039735914507639504
R-IFG→R-aSTG,CEN→DMN,eyes closed,gamma,"merged(Kraków,Warszawa)",0.11976903851398735
R-IFG→L-PREC,CEN→DMN,eyes closed,gamma,"merged(Kraków,Warszawa)",0.14954213283384862
R-IFG→R-PREC,CEN→DMN,eyes closed,gamma,"merged(Kraków,Warszawa)",0.00631488224183208
R-IFG→L-ANG,CEN→DMN,eyes closed,gamma,"merged(Kraków,Warszawa)",-0.0025518633411698425
R-IFG→R-ANG,CEN→DMN,eyes closed,gamma,"merged(Kraków,Warszawa)",0.09906550219293396
R-IFG→L-SFG,CEN→CEN,eyes closed,gamma,"merged(Kraków,Warszawa)",-0.002655305026068618
R-IFG→R-SFG,CEN→CEN,eyes closed,gamma,"merged(Kraków,Warszawa)",-0.027066449381692056
R-IFG→L-pSTG,CEN→CEN,eyes closed,gamma,"merged(Kraków,Warszawa)",0.04246406484542905
R-IFG→R-pSTG,CEN→CEN,eyes closed,gamma,"merged(Kraków,Warszawa)",-0.0471264565463731
R-IFG→L-ITG,CEN→CEN,eyes closed,gamma,"merged(Kraków,Warszawa)",-0.10739237963622086
R-IFG→R-ITG,CEN→CEN,eyes closed,gamma,"merged(Kraków,Warszawa)",-0.1434521817229679
R-IFG→L-SUP,CEN→CEN,eyes closed,gamma,"merged(Kraków,Warszawa)",-0.0024171918246094727
R-IFG→R-SUP,CEN→CEN,eyes closed,gamma,"merged(Kraków,Warszawa)",-0.04415578597287053
L-mPFC→L-ACC,DMN→SN,eyes closed,gamma,"merged(Kraków,Warszawa)",-0.047849370837684896
L-mPFC→R-ACC,DMN→SN,eyes closed,gamma,"merged(Kraków,Warszawa)",-0.057167919800703786
L-mPFC→L-INS,DMN→SN,eyes closed,gamma,"merged(Kraków,Warszawa)",0.08430053229547359
L-mPFC→R-INS,DMN→SN,eyes closed,gamma,"merged(Kraków,Warszawa)",-0.007909919895496298
L-mPFC→L-IFG,DMN→DMN,eyes closed,gamma,"merged(Kraków,Warszawa)",0.08053736620868958
L-mPFC→R-IFG,DMN→CEN,eyes closed,gamma,"merged(Kraków,Warszawa)",-0.10418005752974142
L-mPFC→R-mPFC,DMN→DMN,eyes closed,gamma,"merged(Kraków,Warszawa)",0.20800711526769633
L-mPFC→L-aSTG,DMN→DMN,eyes closed,gamma,"merged(Kraków,Warszawa)",0.09770844051905815
L-mPFC→R-aSTG,DMN→DMN,eyes closed,gamma,"merged(Kraków,Warszawa)",-0.07505041830736639
L-mPFC→L-PREC,DMN→DMN,eyes closed,gamma,"merged(Kraków,Warszawa)",0.17958191787701966
L-mPFC→R-PREC,DMN→DMN,eyes closed,gamma,"merged(Kraków,Warszawa)",-0.06545213002490943
L-mPFC→L-ANG,DMN→DMN,eyes closed,gamma,"merged(Kraków,Warszawa)",0.1307121459094294
L-mPFC→R-ANG,DMN→DMN,eyes closed,gamma,"merged(Kraków,Warszawa)",0.13701610541751477
L-mPFC→L-SFG,DMN→CEN,eyes closed,gamma,"merged(Kraków,Warszawa)",-0.08032297703857569
L-mPFC→R-SFG,DMN→CEN,eyes closed,gamma,"merged(Kraków,Warszawa)",-0.025743502737626142
L-mPFC→L-pSTG,DMN→CEN,eyes closed,gamma,"merged(Kraków,Warszawa)",0.06733605797126388
L-mPFC→R-pSTG,DMN→CEN,eyes closed,gamma,"merged(Kraków,Warszawa)",-0.03392467862417989
L-mPFC→L-ITG,DMN→CEN,eyes closed,gamma,"merged(Kraków,Warszawa)",-0.09479126520335474
L-mPFC→R-ITG,DMN→CEN,eyes closed,gamma,"merged(Kraków,Warszawa)",0.08077464588438195
L-mPFC→L-SUP,DMN→CEN,eyes closed,gamma,"merged(Kraków,Warszawa)",0.039967665254276204
L-mPFC→R-SUP,DMN→CEN,eyes closed,gamma,"merged(Kraków,Warszawa)",0.14054744834064656
R-mPFC→L-ACC,DMN→SN,eyes closed,gamma,"merged(Kraków,Warszawa)",-0.0052112674764117385
R-mPFC→R-ACC,DMN→SN,eyes closed,gamma,"merged(Kraków,Warszawa)",-0.026056337382058696
R-mPFC→L-INS,DMN→SN,eyes closed,gamma,"merged(Kraków,Warszawa)",0.11792408045556256
R-mPFC→R-INS,DMN→SN,eyes closed,gamma,"merged(Kraków,Warszawa)",0.03955104073907643
R-mPFC→L-IFG,DMN→DMN,eyes closed,gamma,"merged(Kraków,Warszawa)",0.03948609645759659
R-mPFC→R-IFG,DMN→CEN,eyes closed,gamma,"merged(Kraków,Warszawa)",0.030075410993503113
R-mPFC→L-mPFC,DMN→DMN,eyes closed,gamma,"merged(Kraków,Warszawa)",-0.09825658650809034
R-mPFC→L-aSTG,DMN→DMN,eyes closed,gamma,"merged(Kraków,Warszawa)",-0.060032829693241
R-mPFC→R-aSTG,DMN→DMN,eyes closed,gamma,"merged(Kraków,Warszawa)",0.06839555993547981
R-mPFC→L-PREC,DMN→DMN,eyes closed,gamma,"merged(Kraków,Warszawa)",-0.006895149270585166
R-mPFC→R-PREC,DMN→DMN,eyes closed,gamma,"merged(Kraków,Warszawa)",-0.029351615013115027
R-mPFC→L-ANG,DMN→DMN,eyes closed,gamma,"merged(Kraków,Warszawa)",0.07822327734684299
R-mPFC→R-ANG,DMN→DMN,eyes closed,gamma,"merged(Kraków,Warszawa)",0.0913492666632107
R-mPFC→L-SFG,DMN→CEN,eyes closed,gamma,"merged(Kraków,Warszawa)",-0.09427048115976945
R-mPFC→R-SFG,DMN→CEN,eyes closed,gamma,"merged(Kraków,Warszawa)",0.09056031069271606
R-mPFC→L-pSTG,DMN→CEN,eyes closed,gamma,"merged(Kraków,Warszawa)",0.012676370673671977
R-mPFC→R-pSTG,DMN→CEN,eyes closed,gamma,"merged(Kraków,Warszawa)",-0.007756197518456474
R-mPFC→L-ITG,DMN→CEN,eyes closed,gamma,"merged(Kraków,Warszawa)",0.043011640784167714
R-mPFC→R-ITG,DMN→CEN,eyes closed,gamma,"merged(Kraków,Warszawa)",-0.17887767506181565
R-mPFC→L-SUP,DMN→CEN,eyes closed,gamma,"merged(Kraków,Warszawa)",-0.08141223038748005
R-mPFC→R-SUP,DMN→CEN,eyes closed,gamma,"merged(Kraków,Warszawa)",-0.02895701196968095
L-aSTG→L-ACC,DMN→SN,eyes closed,gamma,"merged(Kraków,Warszawa)",0.0398674955096744
L-aSTG→R-ACC,DMN→SN,eyes closed,gamma,"merged(Kraków,Warszawa)",0.1784324531462052
L-aSTG→L-INS,DMN→SN,eyes closed,gamma,"merged(Kraków,Warszawa)",0.1260812224693323
L-aSTG→R-INS,DMN→SN,eyes closed,gamma,"merged(Kraków,Warszawa)",0.11913302564146688
L-aSTG→L-IFG,DMN→DMN,eyes closed,gamma,"merged(Kraków,Warszawa)",0.22500922514317467
L-aSTG→R-IFG,DMN→CEN,eyes closed,gamma,"merged(Kraków,Warszawa)",0.17290884159973346
L-aSTG→L-mPFC,DMN→DMN,eyes closed,gamma,"merged(Kraków,Warszawa)",0.14143650194435092
L-aSTG→R-mPFC,DMN→DMN,eyes closed,gamma,"merged(Kraków,Warszawa)",0.033022671072802684
L-aSTG→R-aSTG,DMN→DMN,eyes closed,gamma,"merged(Kraków,Warszawa)",0.1967012420227717
L-aSTG→L-PREC,DMN→DMN,eyes closed,gamma,"merged(Kraków,Warszawa)",0.09207191237649852
L-aSTG→R-PREC,DMN→DMN,eyes closed,gamma,"merged(Kraków,Warszawa)",0.05708905806047529
L-aSTG→L-ANG,DMN→DMN,eyes closed,gamma,"merged(Kraków,Warszawa)",0.023006481974438248
L-aSTG→R-ANG,DMN→DMN,eyes closed,gamma,"merged(Kraków,Warszawa)",0.06526417926445577
L-aSTG→L-SFG,DMN→CEN,eyes closed,gamma,"merged(Kraków,Warszawa)",0.08129527180302992
L-aSTG→R-SFG,DMN→CEN,eyes closed,gamma,"merged(Kraków,Warszawa)",0.04053011298379925
L-aSTG→L-pSTG,DMN→CEN,eyes closed,gamma,"merged(Kraków,Warszawa)",0.12062313387551828
L-aSTG→R-pSTG,DMN→CEN,eyes closed,gamma,"merged(Kraków,Warszawa)",0.16518402495739706
L-aSTG→L-ITG,DMN→CEN,eyes closed,gamma,"merged(Kraków,Warszawa)",0.053386546803779356
L-aSTG→R-ITG,DMN→CEN,eyes closed,gamma,"merged(Kraków,Warszawa)",-0.07907616915965512
L-aSTG→L-SUP,DMN→CEN,eyes closed,gamma,"merged(Kraków,Warszawa)",-0.05660824276564896
L-aSTG→R-SUP,DMN→CEN,eyes closed,gamma,"merged(Kraków,Warszawa)",-0.010555008273018729
R-aSTG→L-ACC,DMN→SN,eyes closed,gamma,"merged(Kraków,Warszawa)",-0.016285210863786682
R-aSTG→R-ACC,DMN→SN,eyes closed,gamma,"merged(Kraków,Warszawa)",0.04471239949166646
R-aSTG→L-INS,DMN→SN,eyes closed,gamma,"merged(Kraków,Warszawa)",-0.04996037249228864
R-aSTG→R-INS,DMN→SN,eyes closed,gamma,"merged(Kraków,Warszawa)",-0.019318156363130858
R-aSTG→L-IFG,DMN→DMN,eyes closed,gamma,"merged(Kraków,Warszawa)",-0.1014991851813452
R-aSTG→R-IFG,DMN→CEN,eyes closed,gamma,"merged(Kraków,Warszawa)",-0.03379693046257509
R-aSTG→L-mPFC,DMN→DMN,eyes closed,gamma,"merged(Kraków,Warszawa)",0.050211281933404885
R-aSTG→R-mPFC,DMN→DMN,eyes closed,gamma,"merged(Kraków,Warszawa)",0.1281072697171141
R-aSTG→L-aSTG,DMN→DMN,eyes closed,gamma,"merged(Kraków,Warszawa)",-0.0654410512927161
R-aSTG→L-PREC,DMN→DMN,eyes closed,gamma,"merged(Kraków,Warszawa)",0.04208598350539223
R-aSTG→R-PREC,DMN→DMN,eyes closed,gamma,"merged(Kraków,Warszawa)",0.0471842686186679
R-aSTG→L-ANG,DMN→DMN,eyes closed,gamma,"merged(Kraków,Warszawa)",-0.08190358422691615
R-aSTG→R-ANG,DMN→DMN,eyes closed,gamma,"merged(Kraków,Warszawa)",0.21136770668787783
R-aSTG→L-SFG,DMN→CEN,eyes closed,gamma,"merged(Kraków,Warszawa)",-0.11751813043791409
R-aSTG→R-SFG,DMN→CEN,eyes closed,gamma,"merged(Kraków,Warszawa)",0.12197693593433544
R-aSTG→L-pSTG,DMN→CEN,eyes closed,gamma,"merged(Kraków,Warszawa)",-0.036948503604744797
R-aSTG→R-pSTG,DMN→CEN,eyes closed,gamma,"merged(Kraków,Warszawa)",0.1750737507252861
R-aSTG→L-ITG,DMN→CEN,eyes closed,gamma,"merged(Kraków,Warszawa)",-0.09160802339936733
R-aSTG→R-ITG,DMN→CEN,eyes closed,gamma,"merged(Kraków,Warszawa)",0.11399711399711401
R-aSTG→L-SUP,DMN→CEN,eyes closed,gamma,"merged(Kraków,Warszawa)",-0.04450505438286789
R-aSTG→R-SUP,DMN→CEN,eyes closed,gamma,"merged(Kraków,Warszawa)",-0.07591793439980282
L-PREC→L-ACC,DMN→SN,eyes closed,gamma,"merged(Kraków,Warszawa)",0.07241614090930706
L-PREC→R-ACC,DMN→SN,eyes closed,gamma,"merged(Kraków,Warszawa)",-0.12901768713948109
L-PREC→L-INS,DMN→SN,eyes closed,gamma,"merged(Kraków,Warszawa)",-0.1887370744746716
L-PREC→R-INS,DMN→SN,eyes closed,gamma,"merged(Kraków,Warszawa)",-0.20235820115076808
L-PREC→L-IFG,DMN→DMN,eyes closed,gamma,"merged(Kraków,Warszawa)",0.030010292629082207
L-PREC→R-IFG,DMN→CEN,eyes closed,gamma,"merged(Kraków,Warszawa)",0.058939072057196694
L-PREC→L-mPFC,DMN→DMN,eyes closed,gamma,"merged(Kraków,Warszawa)",-0.02029983703626904
L-PREC→R-mPFC,DMN→DMN,eyes closed,gamma,"merged(Kraków,Warszawa)",-0.1314352303294378
L-PREC→L-aSTG,DMN→DMN,eyes closed,gamma,"merged(Kraków,Warszawa)",-0.06373222297303503
L-PREC→R-aSTG,DMN→DMN,eyes closed,gamma,"merged(Kraków,Warszawa)",0.2237092525927507
L-PREC→R-PREC,DMN→DMN,eyes closed,gamma,"merged(Kraków,Warszawa)",-0.0793816737633238
L-PREC→L-ANG,DMN→DMN,eyes closed,gamma,"merged(Kraków,Warszawa)",0.0553069038514961
L-PREC→R-ANG,DMN→DMN,eyes closed,gamma,"merged(Kraków,Warszawa)",0.1988095352228058
L-PREC→L-SFG,DMN→CEN,eyes closed,gamma,"merged(Kraków,Warszawa)",-0.12804005308977212
L-PREC→R-SFG,DMN→CEN,eyes closed,gamma,"merged(Kraków,Warszawa)",-0.2571002316228616
L-PREC→L-pSTG,DMN→CEN,eyes closed,gamma,"merged(Kraków,Warszawa)",-0.10943848133184943
L-PREC→R-pSTG,DMN→CEN,eyes closed,gamma,"merged(Kraków,Warszawa)",0.05217805603325264
L-PREC→L-ITG,DMN→CEN,eyes closed,gamma,"merged(Kraków,Warszawa)",-0.15819839790992596
L-PREC→R-ITG,DMN→CEN,eyes closed,gamma,"merged(Kraków,Warszawa)",-0.05690669026212095
L-PREC→L-SUP,DMN→CEN,eyes closed,gamma,"merged(Kraków,Warszawa)",-0.0287534811156428
L-PREC→R-SUP,DMN→CEN,eyes closed,gamma,"merged(Kraków,Warszawa)",-0.12826135852722004
R-PREC→L-ACC,DMN→SN,eyes closed,gamma,"merged(Kraków,Warszawa)",0.08736421880374237
R-PREC→R-ACC,DMN→SN,eyes closed,gamma,"merged(Kraków,Warszawa)",0.11019515858184765
R-PREC→L-INS,DMN→SN,eyes closed,gamma,"merged(Kraków,Warszawa)",-0.08563358709071293
R-PREC→R-INS,DMN→SN,eyes closed,gamma,"merged(Kraków,Warszawa)",-0.027465469792955947
R-PREC→L-IFG,DMN→DMN,eyes closed,gamma,"merged(Kraków,Warszawa)",-0.11498926822785065
R-PREC→R-IFG,DMN→CEN,eyes closed,gamma,"merged(Kraków,Warszawa)",-0.01692034277226631
R-PREC→L-mPFC,DMN→DMN,eyes closed,gamma,"merged(Kraków,Warszawa)",-0.11097244246493743
R-PREC→R-mPFC,DMN→DMN,eyes closed,gamma,"merged(Kraków,Warszawa)",0.027544474800428223
R-PREC→L-aSTG,DMN→DMN,eyes closed,gamma,"merged(Kraków,Warszawa)",-0.040396754854038375
R-PREC→R-aSTG,DMN→DMN,eyes closed,gamma,"merged(Kraków,Warszawa)",0.044012796575858215
R-PREC→L-PREC,DMN→DMN,eyes closed,gamma,"merged(Kraków,Warszawa)",0.04681283042434726
R-PREC→L-ANG,DMN→DMN,eyes closed,gamma,"merged(Kraków,Warszawa)",0.09668109668109669
R-PREC→R-ANG,DMN→DMN,eyes closed,gamma,"merged(Kraków,Warszawa)",0.14483228181861413
R-PREC→L-SFG,DMN→CEN,eyes closed,gamma,"merged(Kraków,Warszawa)",-0.01096795336739256
R-PREC→R-SFG,DMN→CEN,eyes closed,gamma,"merged(Kraków,Warszawa)",-0.20962217289692142
R-PREC→L-pSTG,DMN→CEN,eyes closed,gamma,"merged(Kraków,Warszawa)",0.0017958331310664146
R-PREC→R-pSTG,DMN→CEN,eyes closed,gamma,"merged(Kraków,Warszawa)",0.0007344864518916068
R-PREC→L-ITG,DMN→CEN,eyes closed,gamma,"merged(Kraków,Warszawa)",0.006915986556054464
R-PREC→R-ITG,DMN→CEN,eyes closed,gamma,"merged(Kraków,Warszawa)",0.0069634626265799165
R-PREC→L-SUP,DMN→CEN,eyes closed,gamma,"merged(Kraków,Warszawa)",-0.12434754690321279
R-PREC→R-SUP,DMN→CEN,eyes closed,gamma,"merged(Kraków,Warszawa)",0.011594549220647258
L-ANG→L-ACC,DMN→SN,eyes closed,gamma,"merged(Kraków,Warszawa)",0.07070708271307222
L-ANG→R-ACC,DMN→SN,eyes closed,gamma,"merged(Kraków,Warszawa)",-0.0789953245255414
L-ANG→L-INS,DMN→SN,eyes closed,gamma,"merged(Kraków,Warszawa)",0.04713166421271797
L-ANG→R-INS,DMN→SN,eyes closed,gamma,"merged(Kraków,Warszawa)",-0.15642179085759816
L-ANG→L-IFG,DMN→DMN,eyes closed,gamma,"merged(Kraków,Warszawa)",-0.1131374872571841
L-ANG→R-IFG,DMN→CEN,eyes closed,gamma,"merged(Kraków,Warszawa)",-0.16858761685072343
L-ANG→L-mPFC,DMN→DMN,eyes closed,gamma,"merged(Kraków,Warszawa)",0.019865120745632285
L-ANG→R-mPFC,DMN→DMN,eyes closed,gamma,"merged(Kraków,Warszawa)",-0.09835012906465147
L-ANG→L-aSTG,DMN→DMN,eyes closed,gamma,"merged(Kraków,Warszawa)",-0.0757841581310027
L-ANG→R-aSTG,DMN→DMN,eyes closed,gamma,"merged(Kraków,Warszawa)",0.10528199811123588
L-ANG→L-PREC,DMN→DMN,eyes closed,gamma,"merged(Kraków,Warszawa)",0.062424836998287145
L-ANG→R-PREC,DMN→DMN,eyes closed,gamma,"merged(Kraków,Warszawa)",0.03013919104892679
L-ANG→R-ANG,DMN→DMN,eyes closed,gamma,"merged(Kraków,Warszawa)",0.024972539364314632
L-ANG→L-SFG,DMN→CEN,eyes closed,gamma,"merged(Kraków,Warszawa)",-0.1540922334801431
L-ANG→R-SFG,DMN→CEN,eyes closed,gamma,"merged(Kraków,Warszawa)",-0.30342972817296626
L-ANG→L-pSTG,DMN→CEN,eyes closed,gamma,"merged(Kraków,Warszawa)",0.03388833412466687
L-ANG→R-pSTG,DMN→CEN,eyes closed,gamma,"merged(Kraków,Warszawa)",-0.2152342642267189
L-ANG→L-ITG,DMN→CEN,eyes closed,gamma,"merged(Kraków,Warszawa)",-0.02571312691260745
L-ANG→R-ITG,DMN→CEN,eyes closed,gamma,"merged(Kraków,Warszawa)",-0.19075178475244572
L-ANG→L-SUP,DMN→CEN,eyes closed,gamma,"merged(Kraków,Warszawa)",0.02467881028599787
L-ANG→R-SUP,DMN→CEN,eyes closed,gamma,"merged(Kraków,Warszawa)",-0.08458265431778766
R-ANG→L-ACC,DMN→SN,eyes closed,gamma,"merged(Kraków,Warszawa)",-0.04098776673120809
R-ANG→R-ACC,DMN→SN,eyes closed,gamma,"merged(Kraków,Warszawa)",-0.13859259435727847
R-ANG→L-INS,DMN→SN,eyes closed,gamma,"merged(Kraków,Warszawa)",-0.02326859255536942
R-ANG→R-INS,DMN→SN,eyes closed,gamma,"merged(Kraków,Warszawa)",-0.10550846911925713
R-ANG→L-IFG,DMN→DMN,eyes closed,gamma,"merged(Kraków,Warszawa)",-0.07725332878058246
R-ANG→R-IFG,DMN→CEN,eyes closed,gamma,"merged(Kraków,Warszawa)",-0.19014556010507963
R-ANG→L-mPFC,DMN→DMN,eyes closed,gamma,"merged(Kraków,Warszawa)",-0.11604885939887388
R-ANG→R-mPFC,DMN→DMN,eyes closed,gamma,"merged(Kraków,Warszawa)",-0.20017855010397542
R-ANG→L-aSTG,DMN→DMN,eyes closed,gamma,"merged(Kraków,Warszawa)",-0.16386852738630123
R-ANG→R-aSTG,DMN→DMN,eyes closed,gamma,"merged(Kraków,Warszawa)",-0.06855778813852022
R-ANG→L-PREC,DMN→DMN,eyes closed,gamma,"merged(Kraków,Warszawa)",0.03340249623783531
R-ANG→R-PREC,DMN→DMN,eyes closed,gamma,"merged(Kraków,Warszawa)",0.002029983703626904
R-ANG→L-ANG,DMN→DMN,eyes closed,gamma,"merged(Kraków,Warszawa)",-0.10786254402949497
R-ANG→L-SFG,DMN→CEN,eyes closed,gamma,"merged(Kraków,Warszawa)",-0.06977844163093402
R-ANG→R-SFG,DMN→CEN,eyes closed,gamma,"merged(Kraków,Warszawa)",-0.11452403794268061
R-ANG→L-pSTG,DMN→CEN,eyes closed,gamma,"merged(Kraków,Warszawa)",-0.1621750390222717
R-ANG→R-pSTG,DMN→CEN,eyes closed,gamma,"merged(Kraków,Warszawa)",-0.0010774998786398488
R-ANG→L-ITG,DMN→CEN,eyes closed,gamma,"merged(Kraków,Warszawa)",-0.1990926033665342
R-ANG→R-ITG,DMN→CEN,eyes closed,gamma,"merged(Kraków,Warszawa)",-0.00977112651827201
R-ANG→L-SUP,DMN→CEN,eyes closed,gamma,"merged(Kraków,Warszawa)",-0.14874360587245783
R-ANG→R-SUP,DMN→CEN,eyes closed,gamma,"merged(Kraków,Warszawa)",-0.11868287928170773
L-SFG→L-ACC,CEN→SN,eyes closed,gamma,"merged(Kraków,Warszawa)",-0.0069634626265799165
L-SFG→R-ACC,CEN→SN,eyes closed,gamma,"merged(Kraków,Warszawa)",-0.06436764183347748
L-SFG→L-INS,CEN→SN,eyes closed,gamma,"merged(Kraków,Warszawa)",0.03966226840214677
L-SFG→R-INS,CEN→SN,eyes closed,gamma,"merged(Kraków,Warszawa)",0.061571808634966044
L-SFG→L-IFG,CEN→DMN,eyes closed,gamma,"merged(Kraków,Warszawa)",0.1276247046218747
L-SFG→R-IFG,CEN→CEN,eyes closed,gamma,"merged(Kraków,Warszawa)",-0.09736270483117801
L-SFG→L-mPFC,CEN→DMN,eyes closed,gamma,"merged(Kraków,Warszawa)",-0.16690554720334766
L-SFG→R-mPFC,CEN→DMN,eyes closed,gamma,"merged(Kraków,Warszawa)",0.06292949481243403
L-SFG→L-aSTG,CEN→DMN,eyes closed,gamma,"merged(Kraków,Warszawa)",-0.03132600790200027
L-SFG→R-aSTG,CEN→DMN,eyes closed,gamma,"merged(Kraków,Warszawa)",-0.03483916274268844
L-SFG→L-PREC,CEN→DMN,eyes closed,gamma,"merged(Kraków,Warszawa)",0.014226672565530238
L-SFG→R-PREC,CEN→DMN,eyes closed,gamma,"merged(Kraków,Warszawa)",-0.0295118177983625
L-SFG→L-ANG,CEN→DMN,eyes closed,gamma,"merged(Kraków,Warszawa)",-0.05208180928143221
L-SFG→R-ANG,CEN→DMN,eyes closed,gamma,"merged(Kraków,Warszawa)",-0.005130454341088802
L-SFG→R-SFG,CEN→CEN,eyes closed,gamma,"merged(Kraków,Warszawa)",-0.048178602999841086
L-SFG→L-pSTG,CEN→CEN,eyes closed,gamma,"merged(Kraków,Warszawa)",0.06040302465651718
L-SFG→R-pSTG,CEN→CEN,eyes closed,gamma,"merged(Kraków,Warszawa)",0.04098776673120809
L-SFG→L-ITG,CEN→CEN,eyes closed,gamma,"merged(Kraków,Warszawa)",0.001952008371229274
L-SFG→R-ITG,CEN→CEN,eyes closed,gamma,"merged(Kraków,Warszawa)",-0.08521951881100183
L-SFG→L-SUP,CEN→CEN,eyes closed,gamma,"merged(Kraków,Warszawa)",-0.08533163611415417
L-SFG→R-SUP,CEN→CEN,eyes closed,gamma,"merged(Kraków,Warszawa)",0.012486269682157316
R-SFG→L-ACC,CEN→SN,eyes closed,gamma,"merged(Kraków,Warszawa)",0.014824677964378544
R-SFG→R-ACC,CEN→SN,eyes closed,gamma,"merged(Kraków,Warszawa)",0.16119567827834522
R-SFG→L-INS,CEN→SN,eyes closed,gamma,"merged(Kraków,Warszawa)",0.11982365187706959
R-SFG→R-INS,CEN→SN,eyes closed,gamma,"merged(Kraków,Warszawa)",0.054196847868686615
R-SFG→L-IFG,CEN→DMN,eyes closed,gamma,"merged(Kraków,Warszawa)",0.09054577240265395
R-SFG→R-IFG,CEN→CEN,eyes closed,gamma,"merged(Kraków,Warszawa)",0.08124039731009902
R-SFG→L-mPFC,CEN→DMN,eyes closed,gamma,"merged(Kraków,Warszawa)",0.04115722790406358
R-SFG→R-mPFC,CEN→DMN,eyes closed,gamma,"merged(Kraków,Warszawa)",0.024869509380642554
R-SFG→L-aSTG,CEN→DMN,eyes closed,gamma,"merged(Kraków,Warszawa)",0.08895271837329871
R-SFG→R-aSTG,CEN→DMN,eyes closed,gamma,"merged(Kraków,Warszawa)",0.27756355375816133
R-SFG→L-PREC,CEN→DMN,eyes closed,gamma,"merged(Kraków,Warszawa)",0.057544945235311576
R-SFG→R-PREC,CEN→DMN,eyes closed,gamma,"merged(Kraków,Warszawa)",0.07611094912523929
R-SFG→L-ANG,CEN→DMN,eyes closed,gamma,"merged(Kraków,Warszawa)",0.05862675910963206
R-SFG→R-ANG,CEN→DMN,eyes closed,gamma,"merged(Kraków,Warszawa)",0.24648773603460125
R-SFG→L-SFG,CEN→CEN,eyes closed,gamma,"merged(Kraków,Warszawa)",0.09873183274648431
R-SFG→L-pSTG,CEN→CEN,eyes closed,gamma,"merged(Kraków,Warszawa)",0.028287300388870184
R-SFG→R-pSTG,CEN→CEN,eyes closed,gamma,"merged(Kraków,Warszawa)",0.19672537342266874
R-SFG→L-ITG,CEN→CEN,eyes closed,gamma,"merged(Kraków,Warszawa)",0.03699416249996814
R-SFG→R-ITG,CEN→CEN,eyes closed,gamma,"merged(Kraków,Warszawa)",0.22304247487844867
R-SFG→L-SUP,CEN→CEN,eyes closed,gamma,"merged(Kraków,Warszawa)",-0.05214228078800435
R-SFG→R-SUP,CEN→CEN,eyes closed,gamma,"merged(Kraków,Warszawa)",0.12409916029530359
L-pSTG→L-ACC,CEN→SN,eyes closed,gamma,"merged(Kraków,Warszawa)",-0.0365104441084435
L-pSTG→R-ACC,CEN→SN,eyes closed,gamma,"merged(Kraków,Warszawa)",0.32452656156202886
L-pSTG→L-INS,CEN→SN,eyes closed,gamma,"merged(Kraków,Warszawa)",0.08458311299034581
L-pSTG→R-INS,CEN→SN,eyes closed,gamma,"merged(Kraków,Warszawa)",0.00823375436189207
L-pSTG→L-IFG,CEN→DMN,eyes closed,gamma,"merged(Kraków,Warszawa)",0.07830582777668435
L-pSTG→R-IFG,CEN→CEN,eyes closed,gamma,"merged(Kraków,Warszawa)",-0.03515875452236984
L-pSTG→L-mPFC,CEN→DMN,eyes closed,gamma,"merged(Kraków,Warszawa)",0.011728880649043736
L-pSTG→R-mPFC,CEN→DMN,eyes closed,gamma,"merged(Kraków,Warszawa)",0.0014073344364024971
L-pSTG→L-aSTG,CEN→DMN,eyes closed,gamma,"merged(Kraków,Warszawa)",-0.07464973841162385
L-pSTG→R-aSTG,CEN→DMN,eyes closed,gamma,"merged(Kraków,Warszawa)",0.1870543854473974
L-pSTG→L-PREC,CEN→DMN,eyes closed,gamma,"merged(Kraków,Warszawa)",0.12917473783822342
L-pSTG→R-PREC,CEN→DMN,eyes closed,gamma,"merged(Kraków,Warszawa)",0.17359126255696705
L-pSTG→L-ANG,CEN→DMN,eyes closed,gamma,"merged(Kraków,Warszawa)",0.1022407854705626
L-pSTG→R-ANG,CEN→DMN,eyes closed,gamma,"merged(Kraków,Warszawa)",0.14450868209073445
L-pSTG→L-SFG,CEN→CEN,eyes closed,gamma,"merged(Kraków,Warszawa)",0.16239114441151864
L-pSTG→R-SFG,CEN→CEN,eyes closed,gamma,"merged(Kraków,Warszawa)",-0.08512249041254805
L-pSTG→R-pSTG,CEN→CEN,eyes closed,gamma,"merged(Kraków,Warszawa)",-0.01451676508387608
L-pSTG→L-ITG,CEN→CEN,eyes closed,gamma,"merged(Kraków,Warszawa)",-0.17732413898671462
L-pSTG→R-ITG,CEN→CEN,eyes closed,gamma,"merged(Kraków,Warszawa)",-0.09038137441321938
L-pSTG→L-SUP,CEN→CEN,eyes closed,gamma,"merged(Kraków,Warszawa)",-0.09805652921889647
L-pSTG→R-SUP,CEN→CEN,eyes closed,gamma,"merged(Kraków,Warszawa)",-0.023403812698035188
R-pSTG→L-ACC,CEN→SN,eyes closed,gamma,"merged(Kraków,Warszawa)",0.13087367164671287
R-pSTG→R-ACC,CEN→SN,eyes closed,gamma,"merged(Kraków,Warszawa)",0.019318156363130858
R-pSTG→L-INS,CEN→SN,eyes closed,gamma,"merged(Kraków,Warszawa)",-0.0006506694570764248
R-pSTG→R-INS,CEN→SN,eyes closed,gamma,"merged(Kraków,Warszawa)",-0.022565943067369636
R-pSTG→L-IFG,CEN→DMN,eyes closed,gamma,"merged(Kraków,Warszawa)",0.030629631287159106
R-pSTG→R-IFG,CEN→CEN,eyes closed,gamma,"merged(Kraków,Warszawa)",-0.01630994164624033
R-pSTG→L-mPFC,CEN→DMN,eyes closed,gamma,"merged(Kraków,Warszawa)",-0.07570719217728539
R-pSTG→R-mPFC,CEN→DMN,eyes closed,gamma,"merged(Kraków,Warszawa)",0.10667248798534502
R-pSTG→L-aSTG,CEN→DMN,eyes closed,gamma,"merged(Kraków,Warszawa)",-0.16901827564895966
R-pSTG→R-aSTG,CEN→DMN,eyes closed,gamma,"merged(Kraków,Warszawa)",0.25957489636162395
R-pSTG→L-PREC,CEN→DMN,eyes closed,gamma,"merged(Kraków,Warszawa)",0.037174270364960654
R-pSTG→R-PREC,CEN→DMN,eyes closed,gamma,"merged(Kraków,Warszawa)",-0.03879643463380239
R-pSTG→L-ANG,CEN→DMN,eyes closed,gamma,"merged(Kraków,Warszawa)",0.06487001560890869
R-pSTG→R-ANG,CEN→DMN,eyes closed,gamma,"merged(Kraków,Warszawa)",0.2342410045475129
R-pSTG→L-SFG,CEN→CEN,eyes closed,gamma,"merged(Kraków,Warszawa)",0.06215173574855784
R-pSTG→R-SFG,CEN→CEN,eyes closed,gamma,"merged(Kraków,Warszawa)",-0.15201621274242838
R-pSTG→L-pSTG,CEN→CEN,eyes closed,gamma,"merged(Kraków,Warszawa)",-0.11443327109723135
R-pSTG→L-ITG,CEN→CEN,eyes closed,gamma,"merged(Kraków,Warszawa)",0.004749715858565326
R-pSTG→R-ITG,CEN→CEN,eyes closed,gamma,"merged(Kraków,Warszawa)",0.14072234727597357
R-pSTG→L-SUP,CEN→CEN,eyes closed,gamma,"merged(Kraków,Warszawa)",0.00760758521165991
R-pSTG→R-SUP,CEN→CEN,eyes closed,gamma,"merged(Kraków,Warszawa)",0.07916936444144926
L-ITG→L-ACC,CEN→SN,eyes closed,gamma,"merged(Kraków,Warszawa)",0.12567926955261474
L-ITG→R-ACC,CEN→SN,eyes closed,gamma,"merged(Kraków,Warszawa)",0.05700116107522645
L-ITG→L-INS,CEN→SN,eyes closed,gamma,"merged(Kraków,Warszawa)",0.0937794790867919
L-ITG→R-INS,CEN→SN,eyes closed,gamma,"merged(Kraków,Warszawa)",-0.03945962155061952
L-ITG→L-IFG,CEN→DMN,eyes closed,gamma,"merged(Kraków,Warszawa)",0.05949283796252328
L-ITG→R-IFG,CEN→CEN,eyes closed,gamma,"merged(Kraków,Warszawa)",0.10771623513901464
L-ITG→L-mPFC,CEN→DMN,eyes closed,gamma,"merged(Kraków,Warszawa)",0.03879643463380239
L-ITG→R-mPFC,CEN→DMN,eyes closed,gamma,"merged(Kraków,Warszawa)",0.12832775298365498
L-ITG→L-aSTG,CEN→DMN,eyes closed,gamma,"merged(Kraków,Warszawa)",-0.0019181648411770525
L-ITG→R-aSTG,CEN→DMN,eyes closed,gamma,"merged(Kraków,Warszawa)",0.24719400461922764
L-ITG→L-PREC,CEN→DMN,eyes closed,gamma,"merged(Kraków,Warszawa)",0.11019515858184765
L-ITG→R-PREC,CEN→DMN,eyes closed,gamma,"merged(Kraków,Warszawa)",0.05345623752884181
L-ITG→L-ANG,CEN→DMN,eyes closed,gamma,"merged(Kraków,Warszawa)",0.2901522209010214
L-ITG→R-ANG,CEN→DMN,eyes closed,gamma,"merged(Kraków,Warszawa)",0.0053024335883931585
L-ITG→L-SFG,CEN→CEN,eyes closed,gamma,"merged(Kraków,Warszawa)",0.09499431717130653
L-ITG→R-SFG,CEN→CEN,eyes closed,gamma,"merged(Kraków,Warszawa)",-0.14557610687930753
L-ITG→L-pSTG,CEN→CEN,eyes closed,gamma,"merged(Kraków,Warszawa)",0.1018673697513992
L-ITG→R-pSTG,CEN→CEN,eyes closed,gamma,"merged(Kraków,Warszawa)",0.1583251240952809
L-ITG→R-ITG,CEN→CEN,eyes closed,gamma,"merged(Kraków,Warszawa)",0.03380365512979193
L-ITG→L-SUP,CEN→CEN,eyes closed,gamma,"merged(Kraków,Warszawa)",0.14150713914351845
L-ITG→R-SUP,CEN→CEN,eyes closed,gamma,"merged(Kraków,Warszawa)",0.0020283896839828753
R-ITG→L-ACC,CEN→SN,eyes closed,gamma,"merged(Kraków,Warszawa)",0.3271261641013762
R-ITG→R-ACC,CEN→SN,eyes closed,gamma,"merged(Kraków,Warszawa)",0.17698232519387044
R-ITG→L-INS,CEN→SN,eyes closed,gamma,"merged(Kraków,Warszawa)",0.08461306383770698
R-ITG→R-INS,CEN→SN,eyes closed,gamma,"merged(Kraków,Warszawa)",-0.10058333262882616
R-ITG→L-IFG,CEN→DMN,eyes closed,gamma,"merged(Kraków,Warszawa)",0.06392932591733826
R-ITG→R-IFG,CEN→CEN,eyes closed,gamma,"merged(Kraków,Warszawa)",-0.07646271950328005
R-ITG→L-mPFC,CEN→DMN,eyes closed,gamma,"merged(Kraków,Warszawa)",0.05986159005103107
R-ITG→R-mPFC,CEN→DMN,eyes closed,gamma,"merged(Kraków,Warszawa)",-0.05007061221969367
R-ITG→L-aSTG,CEN→DMN,eyes closed,gamma,"merged(Kraków,Warszawa)",-0.03388833412466687
R-ITG→R-aSTG,CEN→DMN,eyes closed,gamma,"merged(Kraków,Warszawa)",0.2592397792737348
R-ITG→L-PREC,CEN→DMN,eyes closed,gamma,"merged(Kraków,Warszawa)",0.21468535557913937
R-ITG→R-PREC,CEN→DMN,eyes closed,gamma,"merged(Kraków,Warszawa)",0.01831749793687743
R-ITG→L-ANG,CEN→DMN,eyes closed,gamma,"merged(Kraków,Warszawa)",0.01328916516989147
R-ITG→R-ANG,CEN→DMN,eyes closed,gamma,"merged(Kraków,Warszawa)",0.17474975258131503
R-ITG→L-SFG,CEN→CEN,eyes closed,gamma,"merged(Kraków,Warszawa)",0.19129682038046888
R-ITG→R-SFG,CEN→CEN,eyes closed,gamma,"merged(Kraków,Warszawa)",0.16678623589805364
R-ITG→L-pSTG,CEN→CEN,eyes closed,gamma,"merged(Kraków,Warszawa)",0.14054243894515078
R-ITG→R-pSTG,CEN→CEN,eyes closed,gamma,"merged(Kraków,Warszawa)",0.11153613704983711
R-ITG→L-ITG,CEN→CEN,eyes closed,gamma,"merged(Kraków,Warszawa)",0.044947181984051246
R-ITG→L-SUP,CEN→CEN,eyes closed,gamma,"merged(Kraków,Warszawa)",-0.042944184167044035
R-ITG→R-SUP,CEN→CEN,eyes closed,gamma,"merged(Kraków,Warszawa)",0.0054196847868686615
L-SUP→L-ACC,CEN→SN,eyes closed,gamma,"merged(Kraków,Warszawa)",0.07965915078205855
L-SUP→R-ACC,CEN→SN,eyes closed,gamma,"merged(Kraków,Warszawa)",-0.11373655623413863
L-SUP→L-INS,CEN→SN,eyes closed,gamma,"merged(Kraków,Warszawa)",0.12289073372498745
L-SUP→R-INS,CEN→SN,eyes closed,gamma,"merged(Kraków,Warszawa)",0.026589110070704202
L-SUP→L-IFG,CEN→DMN,eyes closed,gamma,"merged(Kraków,Warszawa)",0.1483380810510254
L-SUP→R-IFG,CEN→CEN,eyes closed,gamma,"merged(Kraków,Warszawa)",0.031163187524494804
L-SUP→L-mPFC,CEN→DMN,eyes closed,gamma,"merged(Kraków,Warszawa)",0.01122784685712555
L-SUP→R-mPFC,CEN→DMN,eyes closed,gamma,"merged(Kraków,Warszawa)",0.11109752713298056
L-SUP→L-aSTG,CEN→DMN,eyes closed,gamma,"merged(Kraków,Warszawa)",-0.019014556010507964
L-SUP→R-aSTG,CEN→DMN,eyes closed,gamma,"merged(Kraków,Warszawa)",0.05770071189250237
L-SUP→L-PREC,CEN→DMN,eyes closed,gamma,"merged(Kraków,Warszawa)",0.22576329832820882
L-SUP→R-PREC,CEN→DMN,eyes closed,gamma,"merged(Kraków,Warszawa)",0.10512299565202785
L-SUP→L-ANG,CEN→DMN,eyes closed,gamma,"merged(Kraków,Warszawa)",0.15537135213534126
L-SUP→R-ANG,CEN→DMN,eyes closed,gamma,"merged(Kraków,Warszawa)",0.25035871332917164
L-SUP→L-SFG,CEN→CEN,eyes closed,gamma,"merged(Kraków,Warszawa)",-0.016624095290201122
L-SUP→R-SFG,CEN→CEN,eyes closed,gamma,"merged(Kraków,Warszawa)",-0.10909215783501076
L-SUP→L-pSTG,CEN→CEN,eyes closed,gamma,"merged(Kraków,Warszawa)",0.057667290672826
L-SUP→R-pSTG,CEN→CEN,eyes closed,gamma,"merged(Kraków,Warszawa)",0.10070672257417179
L-SUP→L-ITG,CEN→CEN,eyes closed,gamma,"merged(Kraków,Warszawa)",-0.029208355286754802
L-SUP→R-ITG,CEN→CEN,eyes closed,gamma,"merged(Kraków,Warszawa)",0.0
L-SUP→R-SUP,CEN→CEN,eyes closed,gamma,"merged(Kraków,Warszawa)",-0.13686970120600656
R-SUP→L-ACC,CEN→SN,eyes closed,gamma,"merged(Kraków,Warszawa)",0.04684820090950258
R-SUP→R-ACC,CEN→SN,eyes closed,gamma,"merged(Kraków,Warszawa)",0.07557073855502103
R-SUP→L-INS,CEN→SN,eyes closed,gamma,"merged(Kraków,Warszawa)",0.10261968105827675
R-SUP→R-INS,CEN→SN,eyes closed,gamma,"merged(Kraków,Warszawa)",0.020056361012557946
R-SUP→L-IFG,CEN→DMN,eyes closed,gamma,"merged(Kraków,Warszawa)",0.006356417261637282
R-SUP→R-IFG,CEN→CEN,eyes closed,gamma,"merged(Kraków,Warszawa)",0.05443375303440667
R-SUP→L-mPFC,CEN→DMN,eyes closed,gamma,"merged(Kraków,Warszawa)",0.016229716536663604
R-SUP→R-mPFC,CEN→DMN,eyes closed,gamma,"merged(Kraków,Warszawa)",-0.09906801321840805
R-SUP→L-aSTG,CEN→DMN,eyes closed,gamma,"merged(Kraków,Warszawa)",-0.007062685846263647
R-SUP→R-aSTG,CEN→DMN,eyes closed,gamma,"merged(Kraków,Warszawa)",0.09915567100536692
R-SUP→L-PREC,CEN→DMN,eyes closed,gamma,"merged(Kraków,Warszawa)",0.08098792374845984
R-SUP→R-PREC,CEN→DMN,eyes closed,gamma,"merged(Kraków,Warszawa)",-0.02954195783503985
R-SUP→L-ANG,CEN→DMN,eyes closed,gamma,"merged(Kraków,Warszawa)",-0.02472543936890414
R-SUP→R-ANG,CEN→DMN,eyes closed,gamma,"merged(Kraków,Warszawa)",0.28065191443498727
R-SUP→L-SFG,CEN→CEN,eyes closed,gamma,"merged(Kraków,Warszawa)",-0.02632693357859791
R-SUP→R-SFG,CEN→CEN,eyes closed,gamma,"merged(Kraków,Warszawa)",-0.058452153661931884
R-SUP→L-pSTG,CEN→CEN,eyes closed,gamma,"merged(Kraków,Warszawa)",0.14126308085782957
R-SUP→R-pSTG,CEN→CEN,eyes closed,gamma,"merged(Kraków,Warszawa)",0.03035710285634849
R-SUP→L-ITG,CEN→CEN,eyes closed,gamma,"merged(Kraków,Warszawa)",-0.01850100922348136
R-SUP→R-ITG,CEN→CEN,eyes closed,gamma,"merged(Kraków,Warszawa)",0.0
R-SUP→L-SUP,CEN→CEN,eyes closed,gamma,"merged(Kraków,Warszawa)",-0.06699778913577006
L-ACC→R-ACC,SN→SN,eyes closed,theta,"merged(Kraków,Warszawa)",0.030257690382653683
L-ACC→L-INS,SN→SN,eyes closed,theta,"merged(Kraków,Warszawa)",0.06709551553950464
L-ACC→R-INS,SN→SN,eyes closed,theta,"merged(Kraków,Warszawa)",-0.036356241608539966
L-ACC→L-IFG,SN→DMN,eyes closed,theta,"merged(Kraków,Warszawa)",0.08272887118803635
L-ACC→R-IFG,SN→CEN,eyes closed,theta,"merged(Kraków,Warszawa)",0.031840648122853386
L-ACC→L-mPFC,SN→DMN,eyes closed,theta,"merged(Kraków,Warszawa)",-0.16733276779456993
L-ACC→R-mPFC,SN→DMN,eyes closed,theta,"merged(Kraków,Warszawa)",0.034185998662333975
L-ACC→L-aSTG,SN→DMN,eyes closed,theta,"merged(Kraków,Warszawa)",0.004742224188510079
L-ACC→R-aSTG,SN→DMN,eyes closed,theta,"merged(Kraków,Warszawa)",0.042944184167044035
L-ACC→L-PREC,SN→DMN,eyes closed,theta,"merged(Kraków,Warszawa)",0.07519812641780267
L-ACC→R-PREC,SN→DMN,eyes closed,theta,"merged(Kraków,Warszawa)",-0.1435799674909097
L-ACC→L-ANG,SN→DMN,eyes closed,theta,"merged(Kraków,Warszawa)",-0.031863660312823415
L-ACC→R-ANG,SN→DMN,eyes closed,theta,"merged(Kraków,Warszawa)",0.0070424281520399855
L-ACC→L-SFG,SN→CEN,eyes closed,theta,"merged(Kraków,Warszawa)",-0.009871524114399148
L-ACC→R-SFG,SN→CEN,eyes closed,theta,"merged(Kraków,Warszawa)",-0.30187323660833565
L-ACC→L-pSTG,SN→CEN,eyes closed,theta,"merged(Kraków,Warszawa)",-0.1585648528783784
L-ACC→R-pSTG,SN→CEN,eyes closed,theta,"merged(Kraków,Warszawa)",0.02175472642148526
L-ACC→L-ITG,SN→CEN,eyes closed,theta,"merged(Kraków,Warszawa)",-0.00977112651827201
L-ACC→R-ITG,SN→CEN,eyes closed,theta,"merged(Kraków,Warszawa)",-0.06877318976186265
L-ACC→L-SUP,SN→CEN,eyes closed,theta,"merged(Kraków,Warszawa)",0.2350356646053142
L-ACC→R-SUP,SN→CEN,eyes closed,theta,"merged(Kraków,Warszawa)",0.07183770368587622
R-ACC→L-ACC,SN→SN,eyes closed,theta,"merged(Kraków,Warszawa)",0.027138688059108792
R-ACC→L-INS,SN→SN,eyes closed,theta,"merged(Kraków,Warszawa)",0.14119527218558414
R-ACC→R-INS,SN→SN,eyes closed,theta,"merged(Kraków,Warszawa)",-0.022684350549724334
R-ACC→L-IFG,SN→DMN,eyes closed,theta,"merged(Kraków,Warszawa)",0.027066449381692056
R-ACC→R-IFG,SN→CEN,eyes closed,theta,"merged(Kraków,Warszawa)",0.18151102624897575
R-ACC→L-mPFC,SN→DMN,eyes closed,theta,"merged(Kraków,Warszawa)",-0.03793779350808063
R-ACC→R-mPFC,SN→DMN,eyes closed,theta,"merged(Kraków,Warszawa)",-0.19217179061001358
R-ACC→L-aSTG,SN→DMN,eyes closed,theta,"merged(Kraków,Warszawa)",0.0472804584259996
R-ACC→R-aSTG,SN→DMN,eyes closed,theta,"merged(Kraków,Warszawa)",0.12064748704131817
R-ACC→L-PREC,SN→DMN,eyes closed,theta,"merged(Kraków,Warszawa)",0.13708930776713726
R-ACC→R-PREC,SN→DMN,eyes closed,theta,"merged(Kraków,Warszawa)",-0.18982681062028564
R-ACC→L-ANG,SN→DMN,eyes closed,theta,"merged(Kraków,Warszawa)",0.11937555986749544
R-ACC→R-ANG,SN→DMN,eyes closed,theta,"merged(Kraków,Warszawa)",0.002876334507453199
R-ACC→L-SFG,SN→CEN,eyes closed,theta,"merged(Kraków,Warszawa)",-0.0006774605983585827
R-ACC→R-SFG,SN→CEN,eyes closed,theta,"merged(Kraków,Warszawa)",-0.09694974910438728
R-ACC→L-pSTG,SN→CEN,eyes closed,theta,"merged(Kraków,Warszawa)",-0.03832975607595021
R-ACC→R-pSTG,SN→CEN,eyes closed,theta,"merged(Kraków,Warszawa)",0.014303920407439443
R-ACC→L-ITG,SN→CEN,eyes closed,theta,"merged(Kraków,Warszawa)",0.06977621292970265
R-ACC→R-ITG,SN→CEN,eyes closed,theta,"merged(Kraków,Warszawa)",-0.009697498907758638
R-ACC→L-SUP,SN→CEN,eyes closed,theta,"merged(Kraków,Warszawa)",-0.13065968815587745
R-ACC→R-SUP,SN→CEN,eyes closed,theta,"merged(Kraków,Warszawa)",-0.12285902336679023
L-INS→L-ACC,SN→SN,eyes closed,theta,"merged(Kraków,Warszawa)",0.034233308995194965
L-INS→R-ACC,SN→SN,eyes closed,theta,"merged(Kraków,Warszawa)",0.11936788205930776
L-INS→R-INS,SN→SN,eyes closed,theta,"merged(Kraków,Warszawa)",-0.004310714959311376
L-INS→L-IFG,SN→DMN,eyes closed,theta,"merged(Kraków,Warszawa)",-0.020170753169369168
L-INS→R-IFG,SN→CEN,eyes closed,theta,"merged(Kraków,Warszawa)",0.10928437607602202
L-INS→L-mPFC,SN→DMN,eyes closed,theta,"merged(Kraków,Warszawa)",0.034509722961657364
L-INS→R-mPFC,SN→DMN,eyes closed,theta,"merged(Kraków,Warszawa)",0.017568075341063468
L-INS→L-aSTG,SN→DMN,eyes closed,theta,"merged(Kraków,Warszawa)",-0.05214228078800435
L-INS→R-aSTG,SN→DMN,eyes closed,theta,"merged(Kraków,Warszawa)",0.1612356224093427
L-INS→L-PREC,SN→DMN,eyes closed,theta,"merged(Kraków,Warszawa)",0.02966716870052239
L-INS→R-PREC,SN→DMN,eyes closed,theta,"merged(Kraków,Warszawa)",-0.16710622710974954
L-INS→L-ANG,SN→DMN,eyes closed,theta,"merged(Kraków,Warszawa)",0.032435007804454345
L-INS→R-ANG,SN→DMN,eyes closed,theta,"merged(Kraków,Warszawa)",0.11503240987219122
L-INS→L-SFG,SN→CEN,eyes closed,theta,"merged(Kraków,Warszawa)",-0.028629456111362684
L-INS→R-SFG,SN→CEN,eyes closed,theta,"merged(Kraków,Warszawa)",-0.005409039157287668
L-INS→L-pSTG,SN→CEN,eyes closed,theta,"merged(Kraków,Warszawa)",-0.033116839479652896
L-INS→R-pSTG,SN→CEN,eyes closed,theta,"merged(Kraków,Warszawa)",0.06501027362691196
L-INS→L-ITG,SN→CEN,eyes closed,theta,"merged(Kraków,Warszawa)",-0.07182636077524322
L-INS→R-ITG,SN→CEN,eyes closed,theta,"merged(Kraków,Warszawa)",-0.007756197518456474
L-INS→L-SUP,SN→CEN,eyes closed,theta,"merged(Kraków,Warszawa)",-0.10281945101978379
L-INS→R-SUP,SN→CEN,eyes closed,theta,"merged(Kraków,Warszawa)",-0.23209480344800937
R-INS→L-ACC,SN→SN,eyes closed,theta,"merged(Kraków,Warszawa)",0.04366305454264791
R-INS→R-ACC,SN→SN,eyes closed,theta,"merged(Kraków,Warszawa)",0.11536035194589218
R-INS→L-INS,SN→SN,eyes closed,theta,"merged(Kraków,Warszawa)",0.16285491235622085
R-INS→L-IFG,SN→DMN,eyes closed,theta,"merged(Kraków,Warszawa)",0.14567755213463673
R-INS→R-IFG,SN→CEN,eyes closed,theta,"merged(Kraków,Warszawa)",0.22514504012380762
R-INS→L-mPFC,SN→DMN,eyes closed,theta,"merged(Kraków,Warszawa)",-0.01619758474969197
R-INS→R-mPFC,SN→DMN,eyes closed,theta,"merged(Kraków,Warszawa)",0.09724907933673017
R-INS→L-aSTG,SN→DMN,eyes closed,theta,"merged(Kraków,Warszawa)",0.11038961038961038
R-INS→R-aSTG,SN→DMN,eyes closed,theta,"merged(Kraków,Warszawa)",0.10074335430448281
R-INS→L-PREC,SN→DMN,eyes closed,theta,"merged(Kraków,Warszawa)",0.09147673836616231
R-INS→R-PREC,SN→DMN,eyes closed,theta,"merged(Kraków,Warszawa)",0.14510782970696678
R-INS→L-ANG,SN→DMN,eyes closed,theta,"merged(Kraków,Warszawa)",0.05277957629429951
R-INS→R-ANG,SN→DMN,eyes closed,theta,"merged(Kraków,Warszawa)",0.04139604934956612
R-INS→L-SFG,SN→CEN,eyes closed,theta,"merged(Kraków,Warszawa)",0.06675274147338496
R-INS→R-SFG,SN→CEN,eyes closed,theta,"merged(Kraków,Warszawa)",0.0014381672537265996
R-INS→L-pSTG,SN→CEN,eyes closed,theta,"merged(Kraków,Warszawa)",0.061811048086442236
R-INS→R-pSTG,SN→CEN,eyes closed,theta,"merged(Kraków,Warszawa)",-0.003792359479259627
R-INS→L-ITG,SN→CEN,eyes closed,theta,"merged(Kraków,Warszawa)",0.0982317867619945
R-INS→R-ITG,SN→CEN,eyes closed,theta,"merged(Kraków,Warszawa)",0.039165749134512116
R-INS→L-SUP,SN→CEN,eyes closed,theta,"merged(Kraków,Warszawa)",-0.0324269053238268
R-INS→R-SUP,SN→CEN,eyes closed,theta,"merged(Kraków,Warszawa)",0.014102177306284498
L-IFG→L-ACC,DMN→SN,eyes closed,theta,"merged(Kraków,Warszawa)",0.12127872483404668
L-IFG→R-ACC,DMN→SN,eyes closed,theta,"merged(Kraków,Warszawa)",-0.10265743398719096
L-IFG→L-INS,DMN→SN,eyes closed,theta,"merged(Kraków,Warszawa)",0.09635137884518234
L-IFG→R-INS,DMN→SN,eyes closed,theta,"merged(Kraków,Warszawa)",0.18184626429935824
L-IFG→R-IFG,DMN→CEN,eyes closed,theta,"merged(Kraków,Warszawa)",0.030257690382653683
L-IFG→L-mPFC,DMN→DMN,eyes closed,theta,"merged(Kraków,Warszawa)",-0.11821609265780976
L-IFG→R-mPFC,DMN→DMN,eyes closed,theta,"merged(Kraków,Warszawa)",0.06891667039610799
L-IFG→L-aSTG,DMN→DMN,eyes closed,theta,"merged(Kraków,Warszawa)",0.12554112554112556
L-IFG→R-aSTG,DMN→DMN,eyes closed,theta,"merged(Kraków,Warszawa)",-0.16599766783498582
L-IFG→L-PREC,DMN→DMN,eyes closed,theta,"merged(Kraków,Warszawa)",0.020056361012557946
L-IFG→R-PREC,DMN→DMN,eyes closed,theta,"merged(Kraków,Warszawa)",-0.08900150610156717
L-IFG→L-ANG,DMN→DMN,eyes closed,theta,"merged(Kraków,Warszawa)",0.08667359256813967
L-IFG→R-ANG,DMN→DMN,eyes closed,theta,"merged(Kraków,Warszawa)",0.1375843547938236
L-IFG→L-SFG,DMN→CEN,eyes closed,theta,"merged(Kraków,Warszawa)",0.05277957629429951
L-IFG→R-SFG,DMN→CEN,eyes closed,theta,"merged(Kraków,Warszawa)",-0.038923202438035244
L-IFG→L-pSTG,DMN→CEN,eyes closed,theta,"merged(Kraków,Warszawa)",-0.04427852455768217
L-IFG→R-pSTG,DMN→CEN,eyes closed,theta,"merged(Kraków,Warszawa)",0.024561571491134717
L-IFG→L-ITG,DMN→CEN,eyes closed,theta,"merged(Kraków,Warszawa)",-0.08875913976131407
L-IFG→R-ITG,DMN→CEN,eyes closed,theta,"merged(Kraków,Warszawa)",0.04621343640465112
L-IFG→L-SUP,DMN→CEN,eyes closed,theta,"merged(Kraków,Warszawa)",0.1504352085254157
L-IFG→R-SUP,DMN→CEN,eyes closed,theta,"merged(Kraków,Warszawa)",-0.07234589872872256
R-IFG→L-ACC,CEN→SN,eyes closed,theta,"merged(Kraków,Warszawa)",0.1492994768232477
R-IFG→R-ACC,CEN→SN,eyes closed,theta,"merged(Kraków,Warszawa)",0.1221844651403611
R-IFG→L-INS,CEN→SN,eyes closed,theta,"merged(Kraków,Warszawa)",0.05322254277140612
R-IFG→R-INS,CEN→SN,eyes closed,theta,"merged(Kraków,Warszawa)",0.14362164685201953
R-IFG→L-IFG,CEN→DMN,eyes closed,theta,"merged(Kraków,Warszawa)",0.08209346914381704
R-IFG→L-mPFC,CEN→DMN,eyes closed,theta,"merged(Kraków,Warszawa)",0.04512696738011039
R-IFG→R-mPFC,CEN→DMN,eyes closed,theta,"merged(Kraków,Warszawa)",0.06879898021364424
R-IFG→L-aSTG,CEN→DMN,eyes closed,theta,"merged(Kraków,Warszawa)",0.28238985539110484
R-IFG→R-aSTG,CEN→DMN,eyes closed,theta,"merged(Kraków,Warszawa)",0.15007690826638187
R-IFG→L-PREC,CEN→DMN,eyes closed,theta,"merged(Kraków,Warszawa)",0.18155944036010016
R-IFG→R-PREC,CEN→DMN,eyes closed,theta,"merged(Kraków,Warszawa)",-0.009155156597651981
R-IFG→L-ANG,CEN→DMN,eyes closed,theta,"merged(Kraków,Warszawa)",0.06481774260940858
R-IFG→R-ANG,CEN→DMN,eyes closed,theta,"merged(Kraków,Warszawa)",0.15076850692198734
R-IFG→L-SFG,CEN→CEN,eyes closed,theta,"merged(Kraków,Warszawa)",0.05277957629429951
R-IFG→R-SFG,CEN→CEN,eyes closed,theta,"merged(Kraków,Warszawa)",-0.15201621274242838
R-IFG→L-pSTG,CEN→CEN,eyes closed,theta,"merged(Kraków,Warszawa)",0.0
R-IFG→R-pSTG,CEN→CEN,eyes closed,theta,"merged(Kraków,Warszawa)",0.03239516949938394
R-IFG→L-ITG,CEN→CEN,eyes closed,theta,"merged(Kraków,Warszawa)",-0.1543549636572049
R-IFG→R-ITG,CEN→CEN,eyes closed,theta,"merged(Kraków,Warszawa)",-0.0473078971387854
R-IFG→L-SUP,CEN→CEN,eyes closed,theta,"merged(Kraków,Warszawa)",0.08461622824103521
R-IFG→R-SUP,CEN→CEN,eyes closed,theta,"merged(Kraków,Warszawa)",-0.11020917282973623
L-mPFC→L-ACC,DMN→SN,eyes closed,theta,"merged(Kraków,Warszawa)",-0.018310313195303962
L-mPFC→R-ACC,DMN→SN,eyes closed,theta,"merged(Kraków,Warszawa)",0.17063634540604242
L-mPFC→L-INS,DMN→SN,eyes closed,theta,"merged(Kraków,Warszawa)",0.03902038231155292
L-mPFC→R-INS,DMN→SN,eyes closed,theta,"merged(Kraków,Warszawa)",0.05555555555555555
L-mPFC→L-IFG,DMN→DMN,eyes closed,theta,"merged(Kraków,Warszawa)",-0.19287247827653292
L-mPFC→R-IFG,DMN→CEN,eyes closed,theta,"merged(Kraków,Warszawa)",-0.07965915078205855
L-mPFC→R-mPFC,DMN→DMN,eyes closed,theta,"merged(Kraków,Warszawa)",0.1596778580162246
L-mPFC→L-aSTG,DMN→DMN,eyes closed,theta,"merged(Kraków,Warszawa)",0.0
L-mPFC→R-aSTG,DMN→DMN,eyes closed,theta,"merged(Kraków,Warszawa)",0.03955104073907643
L-mPFC→L-PREC,DMN→DMN,eyes closed,theta,"merged(Kraków,Warszawa)",0.1822172948336021
L-mPFC→R-PREC,DMN→DMN,eyes closed,theta,"merged(Kraków,Warszawa)",-0.10094162915542881
L-mPFC→L-ANG,DMN→DMN,eyes closed,theta,"merged(Kraków,Warszawa)",0.07510939703419546
L-mPFC→R-ANG,DMN→DMN,eyes closed,theta,"merged(Kraków,Warszawa)",0.14567755213463673
L-mPFC→L-SFG,DMN→CEN,eyes closed,theta,"merged(Kraków,Warszawa)",0.006224387900449018
L-mPFC→R-SFG,DMN→CEN,eyes closed,theta,"merged(Kraków,Warszawa)",-0.011882278859379411
L-mPFC→L-pSTG,DMN→CEN,eyes closed,theta,"merged(Kraków,Warszawa)",0.16774990851867264
L-mPFC→R-pSTG,DMN→CEN,eyes closed,theta,"merged(Kraków,Warszawa)",-0.12625795051617666
L-mPFC→L-ITG,DMN→CEN,eyes closed,theta,"merged(Kraków,Warszawa)",0.05076641968328251
L-mPFC→R-ITG,DMN→CEN,eyes closed,theta,"merged(Kraków,Warszawa)",-0.029692917523495503
L-mPFC→L-SUP,DMN→CEN,eyes closed,theta,"merged(Kraków,Warszawa)",-0.06748628808298258
L-mPFC→R-SUP,DMN→CEN,eyes closed,theta,"merged(Kraków,Warszawa)",-0.07550378082064647
R-mPFC→L-ACC,DMN→SN,eyes closed,theta,"merged(Kraków,Warszawa)",0.079055165841533
R-mPFC→R-ACC,DMN→SN,eyes closed,theta,"merged(Kraków,Warszawa)",-0.0473662864179611
R-mPFC→L-INS,DMN→SN,eyes closed,theta,"merged(Kraków,Warszawa)",-0.03515875452236984
R-mPFC→R-INS,DMN→SN,eyes closed,theta,"merged(Kraków,Warszawa)",-0.01237676025647788
R-mPFC→L-IFG,DMN→DMN,eyes closed,theta,"merged(Kraków,Warszawa)",-0.010826579752676821
R-mPFC→R-IFG,DMN→CEN,eyes closed,theta,"merged(Kraków,Warszawa)",-0.11746445139170608
R-mPFC→L-mPFC,DMN→DMN,eyes closed,theta,"merged(Kraków,Warszawa)",-0.042112369217888065
R-mPFC→L-aSTG,DMN→DMN,eyes closed,theta,"merged(Kraków,Warszawa)",0.04512696738011039
R-mPFC→R-aSTG,DMN→DMN,eyes closed,theta,"merged(Kraków,Warszawa)",0.05947748438206839
R-mPFC→L-PREC,DMN→DMN,eyes closed,theta,"merged(Kraków,Warszawa)",0.057264534933566466
R-mPFC→R-PREC,DMN→DMN,eyes closed,theta,"merged(Kraków,Warszawa)",-0.08183920891892073
R-mPFC→L-ANG,DMN→DMN,eyes closed,theta,"merged(Kraków,Warszawa)",0.12008696568617105
R-mPFC→R-ANG,DMN→DMN,eyes closed,theta,"merged(Kraków,Warszawa)",-0.019743048228798295
R-mPFC→L-SFG,DMN→CEN,eyes closed,theta,"merged(Kraków,Warszawa)",-0.05961653265555528
R-mPFC→R-SFG,DMN→CEN,eyes closed,theta,"merged(Kraków,Warszawa)",-0.020845069905646954
R-mPFC→L-pSTG,DMN→CEN,eyes closed,theta,"merged(Kraków,Warszawa)",-0.019682847714677137
R-mPFC→R-pSTG,DMN→CEN,eyes closed,theta,"merged(Kraków,Warszawa)",-0.0741831316410523
R-mPFC→L-ITG,DMN→CEN,eyes closed,theta,"merged(Kraków,Warszawa)",0.05882330083550339
R-mPFC→R-ITG,DMN→CEN,eyes closed,theta,"merged(Kraków,Warszawa)",-0.16651508037866355
R-mPFC→L-SUP,DMN→CEN,eyes closed,theta,"merged(Kraków,Warszawa)",-0.046176046176046176
R-mPFC→R-SUP,DMN→CEN,eyes closed,theta,"merged(Kraków,Warszawa)",-0.07676745077220457
L-aSTG→L-ACC,DMN→SN,eyes closed,theta,"merged(Kraków,Warszawa)",0.05714360854304446
L-aSTG→R-ACC,DMN→SN,eyes closed,theta,"merged(Kraków,Warszawa)",0.055376107554230766
L-aSTG→L-INS,DMN→SN,eyes closed,theta,"merged(Kraków,Warszawa)",0.21170162112462598
L-aSTG→R-INS,DMN→SN,eyes closed,theta,"merged(Kraków,Warszawa)",0.02506604213926756
L-aSTG→L-IFG,DMN→DMN,eyes closed,theta,"merged(Kraków,Warszawa)",0.18209747949013444
L-aSTG→R-IFG,DMN→CEN,eyes closed,theta,"merged(Kraków,Warszawa)",0.1202213028020995
L-aSTG→L-mPFC,DMN→DMN,eyes closed,theta,"merged(Kraków,Warszawa)",0.02866098877751232
L-aSTG→R-mPFC,DMN→DMN,eyes closed,theta,"merged(Kraków,Warszawa)",0.10788939027444963
L-aSTG→R-aSTG,DMN→DMN,eyes closed,theta,"merged(Kraków,Warszawa)",0.1131374872571841
L-aSTG→L-PREC,DMN→DMN,eyes closed,theta,"merged(Kraków,Warszawa)",0.06209407402434919
L-aSTG→R-PREC,DMN→DMN,eyes closed,theta,"merged(Kraków,Warszawa)",0.024561571491134717
L-aSTG→L-ANG,DMN→DMN,eyes closed,theta,"merged(Kraków,Warszawa)",0.02443844870873123
L-aSTG→R-ANG,DMN→DMN,eyes closed,theta,"merged(Kraków,Warszawa)",0.1506885602293941
L-aSTG→L-SFG,DMN→CEN,eyes closed,theta,"merged(Kraków,Warszawa)",-0.0625602755371071
L-aSTG→R-SFG,DMN→CEN,eyes closed,theta,"merged(Kraków,Warszawa)",-0.0993505184389587
L-aSTG→L-pSTG,DMN→CEN,eyes closed,theta,"merged(Kraków,Warszawa)",0.0903773331425525
L-aSTG→R-pSTG,DMN→CEN,eyes closed,theta,"merged(Kraków,Warszawa)",0.198910619539115
L-aSTG→L-ITG,DMN→CEN,eyes closed,theta,"merged(Kraków,Warszawa)",0.08802559315171643
L-aSTG→R-ITG,DMN→CEN,eyes closed,theta,"merged(Kraków,Warszawa)",0.1847165676601432
L-aSTG→L-SUP,DMN→CEN,eyes closed,theta,"merged(Kraków,Warszawa)",0.008602407486286675
L-aSTG→R-SUP,DMN→CEN,eyes closed,theta,"merged(Kraków,Warszawa)",0.03656651025878341
R-aSTG→L-ACC,DMN→SN,eyes closed,theta,"merged(Kraków,Warszawa)",0.05421415949481247
R-aSTG→R-ACC,DMN→SN,eyes closed,theta,"merged(Kraków,Warszawa)",-0.035186641947131204
R-aSTG→L-INS,DMN→SN,eyes closed,theta,"merged(Kraków,Warszawa)",0.17282651951582323
R-aSTG→R-INS,DMN→SN,eyes closed,theta,"merged(Kraków,Warszawa)",-0.01549334193448797
R-aSTG→L-IFG,DMN→DMN,eyes closed,theta,"merged(Kraków,Warszawa)",-0.05076102831679893
R-aSTG→R-IFG,DMN→CEN,eyes closed,theta,"merged(Kraków,Warszawa)",-0.07833149826902423
R-aSTG→L-mPFC,DMN→DMN,eyes closed,theta,"merged(Kraków,Warszawa)",0.040257309323702785
R-aSTG→R-mPFC,DMN→DMN,eyes closed,theta,"merged(Kraków,Warszawa)",0.0415882625991003
R-aSTG→L-aSTG,DMN→DMN,eyes closed,theta,"merged(Kraków,Warszawa)",0.08051461864740557
R-aSTG→L-PREC,DMN→DMN,eyes closed,theta,"merged(Kraków,Warszawa)",0.0052112674764117385
R-aSTG→R-PREC,DMN→DMN,eyes closed,theta,"merged(Kraków,Warszawa)",-0.1669206566092665
R-aSTG→L-ANG,DMN→DMN,eyes closed,theta,"merged(Kraków,Warszawa)",-0.11258675491219977
R-aSTG→R-ANG,DMN→DMN,eyes closed,theta,"merged(Kraków,Warszawa)",0.09129102253991893
R-aSTG→L-SFG,DMN→CEN,eyes closed,theta,"merged(Kraków,Warszawa)",-0.26035687073446195
R-aSTG→R-SFG,DMN→CEN,eyes closed,theta,"merged(Kraków,Warszawa)",-0.0480262637545928
R-aSTG→L-pSTG,DMN→CEN,eyes closed,theta,"merged(Kraków,Warszawa)",-0.08655915691740118
R-aSTG→R-pSTG,DMN→CEN,eyes closed,theta,"merged(Kraków,Warszawa)",0.13587999359994726
R-aSTG→L-ITG,DMN→CEN,eyes closed,theta,"merged(Kraków,Warszawa)",-0.08430593457767863
R-aSTG→R-ITG,DMN→CEN,eyes closed,theta,"merged(Kraków,Warszawa)",-0.10625374994838853
R-aSTG→L-SUP,DMN→CEN,eyes closed,theta,"merged(Kraków,Warszawa)",-0.16130978033366855
R-aSTG→R-SUP,DMN→CEN,eyes closed,theta,"merged(Kraków,Warszawa)",-0.046012963948876495
L-PREC→L-ACC,DMN→SN,eyes closed,theta,"merged(Kraków,Warszawa)",-0.05715088426565264
L-PREC→R-ACC,DMN→SN,eyes closed,theta,"merged(Kraków,Warszawa)",-0.07262111435016605
L-PREC→L-INS,DMN→SN,eyes closed,theta,"merged(Kraków,Warszawa)",-0.08169216656366385
L-PREC→R-INS,DMN→SN,eyes closed,theta,"merged(Kraków,Warszawa)",-0.11535024227944365
L-PREC→L-IFG,DMN→DMN,eyes closed,theta,"merged(Kraków,Warszawa)",-0.10962603670737818
L-PREC→R-IFG,DMN→CEN,eyes closed,theta,"merged(Kraków,Warszawa)",0.0741831316410523
L-PREC→L-mPFC,DMN→DMN,eyes closed,theta,"merged(Kraków,Warszawa)",0.015444164927171166
L-PREC→R-mPFC,DMN→DMN,eyes closed,theta,"merged(Kraków,Warszawa)",-0.022570092721583255
L-PREC→L-aSTG,DMN→DMN,eyes closed,theta,"merged(Kraków,Warszawa)",-0.12224421656676097
L-PREC→R-aSTG,DMN→DMN,eyes closed,theta,"merged(Kraków,Warszawa)",0.01761397555732315
L-PREC→R-PREC,DMN→DMN,eyes closed,theta,"merged(Kraków,Warszawa)",-0.16787271992571756
L-PREC→L-ANG,DMN→DMN,eyes closed,theta,"merged(Kraków,Warszawa)",0.13198887114530006
L-PREC→R-ANG,DMN→DMN,eyes closed,theta,"merged(Kraków,Warszawa)",0.018239436167441087
L-PREC→L-SFG,DMN→CEN,eyes closed,theta,"merged(Kraków,Warszawa)",-0.03319131282585772
L-PREC→R-SFG,DMN→CEN,eyes closed,theta,"merged(Kraków,Warszawa)",-0.21298580934447678
L-PREC→L-pSTG,DMN→CEN,eyes closed,theta,"merged(Kraków,Warszawa)",-0.2530713017188207
L-PREC→R-pSTG,DMN→CEN,eyes closed,theta,"merged(Kraków,Warszawa)",-0.01761096900786902
L-PREC→L-ITG,DMN→CEN,eyes closed,theta,"merged(Kraków,Warszawa)",-0.03961151691827239
L-PREC→R-ITG,DMN→CEN,eyes closed,theta,"merged(Kraków,Warszawa)",0.026953765330469285
L-PREC→L-SUP,DMN→CEN,eyes closed,theta,"merged(Kraków,Warszawa)",-0.14777011582226218
L-PREC→R-SUP,DMN→CEN,eyes closed,theta,"merged(Kraków,Warszawa)",0.053710187830122165
R-PREC→L-ACC,DMN→SN,eyes closed,theta,"merged(Kraków,Warszawa)",0.08849104616239377
R-PREC→R-ACC,DMN→SN,eyes closed,theta,"merged(Kraków,Warszawa)",-0.20194680743679036
R-PREC→L-INS,DMN→SN,eyes closed,theta,"merged(Kraków,Warszawa)",0.012265512265512266
R-PREC→R-INS,DMN→SN,eyes closed,theta,"merged(Kraków,Warszawa)",0.0006638262565171545
R-PREC→L-IFG,DMN→DMN,eyes closed,theta,"merged(Kraków,Warszawa)",-0.05878588572646295
R-PREC→R-IFG,DMN→CEN,eyes closed,theta,"merged(Kraków,Warszawa)",-0.08720907956145324
R-PREC→L-mPFC,DMN→DMN,eyes closed,theta,"merged(Kraków,Warszawa)",-0.08279209869913225
R-PREC→R-mPFC,DMN→DMN,eyes closed,theta,"merged(Kraków,Warszawa)",-0.008990782522870803
R-PREC→L-aSTG,DMN→DMN,eyes closed,theta,"merged(Kraków,Warszawa)",-0.08714143060628625
R-PREC→R-aSTG,DMN→DMN,eyes closed,theta,"merged(Kraków,Warszawa)",-0.03591638357540393
R-PREC→L-PREC,DMN→DMN,eyes closed,theta,"merged(Kraków,Warszawa)",0.0052112674764117385
R-PREC→L-ANG,DMN→DMN,eyes closed,theta,"merged(Kraków,Warszawa)",0.017258007044719196
R-PREC→R-ANG,DMN→DMN,eyes closed,theta,"merged(Kraków,Warszawa)",0.16871018437732582
R-PREC→L-SFG,DMN→CEN,eyes closed,theta,"merged(Kraków,Warszawa)",-0.11599441591575768
R-PREC→R-SFG,DMN→CEN,eyes closed,theta,"merged(Kraków,Warszawa)",-0.15009202341144393
R-PREC→L-pSTG,DMN→CEN,eyes closed,theta,"merged(Kraków,Warszawa)",-0.027597366233044086
R-PREC→R-pSTG,DMN→CEN,eyes closed,theta,"merged(Kraków,Warszawa)",-0.006506694570764248
R-PREC→L-ITG,DMN→CEN,eyes closed,theta,"merged(Kraków,Warszawa)",-0.10410711313222797
R-PREC→R-ITG,DMN→CEN,eyes closed,theta,"merged(Kraków,Warszawa)",0.0019914787695514634
R-PREC→L-SUP,DMN→CEN,eyes closed,theta,"merged(Kraków,Warszawa)",-0.12763781882782888
R-PREC→R-SUP,DMN→CEN,eyes closed,theta,"merged(Kraków,Warszawa)",-0.04226158302198017
L-ANG→L-ACC,DMN→SN,eyes closed,theta,"merged(Kraków,Warszawa)",0.07345205133920472
L-ANG→R-ACC,DMN→SN,eyes closed,theta,"merged(Kraków,Warszawa)",-0.07106321805008851
L-ANG→L-INS,DMN→SN,eyes closed,theta,"merged(Kraków,Warszawa)",0.07261785883857189
L-ANG→R-INS,DMN→SN,eyes closed,theta,"merged(Kraków,Warszawa)",0.017977090671582492
L-ANG→L-IFG,DMN→DMN,eyes closed,theta,"merged(Kraków,Warszawa)",-0.016217503902227173
L-ANG→R-IFG,DMN→CEN,eyes closed,theta,"merged(Kraków,Warszawa)",0.029738742191034194
L-ANG→L-mPFC,DMN→DMN,eyes closed,theta,"merged(Kraków,Warszawa)",-0.0027663946224217857
L-ANG→R-mPFC,DMN→DMN,eyes closed,theta,"merged(Kraków,Warszawa)",0.10941619019774813
L-ANG→L-aSTG,DMN→DMN,eyes closed,theta,"merged(Kraków,Warszawa)",-0.21450161134990953
L-ANG→R-aSTG,DMN→DMN,eyes closed,theta,"merged(Kraków,Warszawa)",-0.07437428841270542
L-ANG→L-PREC,DMN→DMN,eyes closed,theta,"merged(Kraków,Warszawa)",0.07566904788245628
L-ANG→R-PREC,DMN→DMN,eyes closed,theta,"merged(Kraków,Warszawa)",-0.13820196206515087
L-ANG→R-ANG,DMN→DMN,eyes closed,theta,"merged(Kraków,Warszawa)",-0.06644582584945734
L-ANG→L-SFG,DMN→CEN,eyes closed,theta,"merged(Kraków,Warszawa)",-0.06921014536766619
L-ANG→R-SFG,DMN→CEN,eyes closed,theta,"merged(Kraków,Warszawa)",0.02124407432434501
L-ANG→L-pSTG,DMN→CEN,eyes closed,theta,"merged(Kraków,Warszawa)",0.07136728564171599
L-ANG→R-pSTG,DMN→CEN,eyes closed,theta,"merged(Kraków,Warszawa)",-0.027663946224217854
L-ANG→L-ITG,DMN→CEN,eyes closed,theta,"merged(Kraków,Warszawa)",0.06706859923749968
L-ANG→R-ITG,DMN→CEN,eyes closed,theta,"merged(Kraków,Warszawa)",0.01760944452394337
L-ANG→L-SUP,DMN→CEN,eyes closed,theta,"merged(Kraków,Warszawa)",-0.029165593563931287
L-ANG→R-SUP,DMN→CEN,eyes closed,theta,"merged(Kraków,Warszawa)",-0.12434754690321279
R-ANG→L-ACC,DMN→SN,eyes closed,theta,"merged(Kraków,Warszawa)",0.10704609234618825
R-ANG→R-ACC,DMN→SN,eyes closed,theta,"merged(Kraków,Warszawa)",0.0049033945283059165
R-ANG→L-INS,DMN→SN,eyes closed,theta,"merged(Kraków,Warszawa)",-0.03282775238244818
R-ANG→R-INS,DMN→SN,eyes closed,theta,"merged(Kraków,Warszawa)",-0.13864030921395334
R-ANG→L-IFG,DMN→DMN,eyes closed,theta,"merged(Kraków,Warszawa)",-0.08584740062055232
R-ANG→R-IFG,DMN→CEN,eyes closed,theta,"merged(Kraków,Warszawa)",0.06904172647781104
R-ANG→L-mPFC,DMN→DMN,eyes closed,theta,"merged(Kraków,Warszawa)",-0.14833584350261195
R-ANG→R-mPFC,DMN→DMN,eyes closed,theta,"merged(Kraków,Warszawa)",-0.16542361036164976
R-ANG→L-aSTG,DMN→DMN,eyes closed,theta,"merged(Kraków,Warszawa)",-0.04160142305353927
R-ANG→R-aSTG,DMN→DMN,eyes closed,theta,"merged(Kraków,Warszawa)",-0.031054832012604137
R-ANG→L-PREC,DMN→DMN,eyes closed,theta,"merged(Kraków,Warszawa)",0.06526417926445577
R-ANG→R-PREC,DMN→DMN,eyes closed,theta,"merged(Kraków,Warszawa)",-0.08183920891892073
R-ANG→L-ANG,DMN→DMN,eyes closed,theta,"merged(Kraków,Warszawa)",-0.07766767201250709
R-ANG→L-SFG,DMN→CEN,eyes closed,theta,"merged(Kraków,Warszawa)",-0.24620912139553894
R-ANG→R-SFG,DMN→CEN,eyes closed,theta,"merged(Kraków,Warszawa)",-0.22958315775650354
R-ANG→L-pSTG,DMN→CEN,eyes closed,theta,"merged(Kraków,Warszawa)",-0.12052511937780594
R-ANG→R-pSTG,DMN→CEN,eyes closed,theta,"merged(Kraków,Warszawa)",-0.15746145877072565
R-ANG→L-ITG,DMN→CEN,eyes closed,theta,"merged(Kraków,Warszawa)",-0.20245886424894777
R-ANG→R-ITG,DMN→CEN,eyes closed,theta,"merged(Kraków,Warszawa)",0.021242440208548943
R-ANG→L-SUP,DMN→CEN,eyes closed,theta,"merged(Kraków,Warszawa)",-0.14230804226194155
R-ANG→R-SUP,DMN→CEN,eyes closed,theta,"merged(Kraków,Warszawa)",-0.17603829065994006
L-SFG→L-ACC,CEN→SN,eyes closed,theta,"merged(Kraków,Warszawa)",-0.02029983703626904
L-SFG→R-ACC,CEN→SN,eyes closed,theta,"merged(Kraków,Warszawa)",0.008119934814507616
L-SFG→L-INS,CEN→SN,eyes closed,theta,"merged(Kraków,Warszawa)",-0.019718798825711963
L-SFG→R-INS,CEN→SN,eyes closed,theta,"merged(Kraków,Warszawa)",0.029092496723275917
L-SFG→L-IFG,CEN→DMN,eyes closed,theta,"merged(Kraków,Warszawa)",-0.10405995728365607
L-SFG→R-IFG,CEN→CEN,eyes closed,theta,"merged(Kraków,Warszawa)",0.05628603820162058
L-SFG→L-mPFC,CEN→DMN,eyes closed,theta,"merged(Kraków,Warszawa)",0.011882278859379411
L-SFG→R-mPFC,CEN→DMN,eyes closed,theta,"merged(Kraków,Warszawa)",0.15938356006047869
L-SFG→L-aSTG,CEN→DMN,eyes closed,theta,"merged(Kraków,Warszawa)",0.052538863111613175
L-SFG→R-aSTG,CEN→DMN,eyes closed,theta,"merged(Kraków,Warszawa)",-0.012602416972069073
L-SFG→L-PREC,CEN→DMN,eyes closed,theta,"merged(Kraków,Warszawa)",0.03293501744756828
L-SFG→R-PREC,CEN→DMN,eyes closed,theta,"merged(Kraków,Warszawa)",-0.08720907956145324
L-SFG→L-ANG,CEN→DMN,eyes closed,theta,"merged(Kraków,Warszawa)",0.17622385190565384
L-SFG→R-ANG,CEN→DMN,eyes closed,theta,"merged(Kraków,Warszawa)",-0.05653897980035946
L-SFG→R-SFG,CEN→CEN,eyes closed,theta,"merged(Kraków,Warszawa)",-0.10894245876131052
L-SFG→L-pSTG,CEN→CEN,eyes closed,theta,"merged(Kraków,Warszawa)",-0.018011603209904612
L-SFG→R-pSTG,CEN→CEN,eyes closed,theta,"merged(Kraków,Warszawa)",0.06040302465651718
L-SFG→L-ITG,CEN→CEN,eyes closed,theta,"merged(Kraków,Warszawa)",-0.04767419715759026
L-SFG→R-ITG,CEN→CEN,eyes closed,theta,"merged(Kraków,Warszawa)",-0.06834278468877243
L-SFG→L-SUP,CEN→CEN,eyes closed,theta,"merged(Kraków,Warszawa)",-0.004669166140772677
L-SFG→R-SUP,CEN→CEN,eyes closed,theta,"merged(Kraków,Warszawa)",-0.048384706494087576
R-SFG→L-ACC,CEN→SN,eyes closed,theta,"merged(Kraków,Warszawa)",0.027066449381692056
R-SFG→R-ACC,CEN→SN,eyes closed,theta,"merged(Kraków,Warszawa)",0.12350368632627692
R-SFG→L-INS,CEN→SN,eyes closed,theta,"merged(Kraków,Warszawa)",0.154671517768497
R-SFG→R-INS,CEN→SN,eyes closed,theta,"merged(Kraków,Warszawa)",0.1300041019848144
R-SFG→L-IFG,CEN→DMN,eyes closed,theta,"merged(Kraków,Warszawa)",0.21861471861471862
R-SFG→R-IFG,CEN→CEN,eyes closed,theta,"merged(Kraków,Warszawa)",0.17480777555020244
R-SFG→L-mPFC,CEN→DMN,eyes closed,theta,"merged(Kraków,Warszawa)",0.0018441151706924499
R-SFG→R-mPFC,CEN→DMN,eyes closed,theta,"merged(Kraków,Warszawa)",0.26045380533162327
R-SFG→L-aSTG,CEN→DMN,eyes closed,theta,"merged(Kraków,Warszawa)",0.06376560679348962
R-SFG→R-aSTG,CEN→DMN,eyes closed,theta,"merged(Kraków,Warszawa)",0.16597311738719572
R-SFG→L-PREC,CEN→DMN,eyes closed,theta,"merged(Kraków,Warszawa)",0.03992301283799578
R-SFG→R-PREC,CEN→DMN,eyes closed,theta,"merged(Kraków,Warszawa)",0.13345973787664078
R-SFG→L-ANG,CEN→DMN,eyes closed,theta,"merged(Kraków,Warszawa)",0.10629595669336028
R-SFG→R-ANG,CEN→DMN,eyes closed,theta,"merged(Kraków,Warszawa)",0.02777588453270189
R-SFG→L-SFG,CEN→CEN,eyes closed,theta,"merged(Kraków,Warszawa)",0.05947748438206839
R-SFG→L-pSTG,CEN→CEN,eyes closed,theta,"merged(Kraków,Warszawa)",0.03383306172711507
R-SFG→R-pSTG,CEN→CEN,eyes closed,theta,"merged(Kraków,Warszawa)",0.12944612002084513
R-SFG→L-ITG,CEN→CEN,eyes closed,theta,"merged(Kraków,Warszawa)",0.07429786324085652
R-SFG→R-ITG,CEN→CEN,eyes closed,theta,"merged(Kraków,Warszawa)",0.14917253151228602
R-SFG→L-SUP,CEN→CEN,eyes closed,theta,"merged(Kraków,Warszawa)",0.06979496243838038
R-SFG→R-SUP,CEN→CEN,eyes closed,theta,"merged(Kraków,Warszawa)",0.11333551812972313
L-pSTG→L-ACC,CEN→SN,eyes closed,theta,"merged(Kraków,Warszawa)",0.05574954232942041
L-pSTG→R-ACC,CEN→SN,eyes closed,theta,"merged(Kraków,Warszawa)",0.08729204654211878
L-pSTG→L-INS,CEN→SN,eyes closed,theta,"merged(Kraków,Warszawa)",0.1614445924633079
L-pSTG→R-INS,CEN→SN,eyes closed,theta,"merged(Kraków,Warszawa)",0.16972507168822015
L-pSTG→L-IFG,CEN→DMN,eyes closed,theta,"merged(Kraków,Warszawa)",-0.00523966186665859
L-pSTG→R-IFG,CEN→CEN,eyes closed,theta,"merged(Kraków,Warszawa)",0.07793915788828239
L-pSTG→L-mPFC,CEN→DMN,eyes closed,theta,"merged(Kraków,Warszawa)",0.11443327109723135
L-pSTG→R-mPFC,CEN→DMN,eyes closed,theta,"merged(Kraków,Warszawa)",0.07408820756936133
L-pSTG→L-aSTG,CEN→DMN,eyes closed,theta,"merged(Kraków,Warszawa)",0.057289943247545334
L-pSTG→R-aSTG,CEN→DMN,eyes closed,theta,"merged(Kraków,Warszawa)",0.20307135321049674
L-pSTG→L-PREC,CEN→DMN,eyes closed,theta,"merged(Kraków,Warszawa)",0.10203520253907625
L-pSTG→R-PREC,CEN→DMN,eyes closed,theta,"merged(Kraków,Warszawa)",0.21704483777635275
L-pSTG→L-ANG,CEN→DMN,eyes closed,theta,"merged(Kraków,Warszawa)",0.061404139868523076
L-pSTG→R-ANG,CEN→DMN,eyes closed,theta,"merged(Kraków,Warszawa)",0.07769545150530449
L-pSTG→L-SFG,CEN→CEN,eyes closed,theta,"merged(Kraków,Warszawa)",0.015718985599975772
L-pSTG→R-SFG,CEN→CEN,eyes closed,theta,"merged(Kraków,Warszawa)",-0.11792971480558118
L-pSTG→R-pSTG,CEN→CEN,eyes closed,theta,"merged(Kraków,Warszawa)",0.02872521873801247
L-pSTG→L-ITG,CEN→CEN,eyes closed,theta,"merged(Kraków,Warszawa)",-0.1956069677050368
L-pSTG→R-ITG,CEN→CEN,eyes closed,theta,"merged(Kraków,Warszawa)",-0.12382900592124114
L-pSTG→L-SUP,CEN→CEN,eyes closed,theta,"merged(Kraków,Warszawa)",0.10766064784710437
L-pSTG→R-SUP,CEN→CEN,eyes closed,theta,"merged(Kraków,Warszawa)",-0.06557512447422291
R-pSTG→L-ACC,CEN→SN,eyes closed,theta,"merged(Kraków,Warszawa)",0.049924161043646324
R-pSTG→R-ACC,CEN→SN,eyes closed,theta,"merged(Kraków,Warszawa)",0.16815224931303593
R-pSTG→L-INS,CEN→SN,eyes closed,theta,"merged(Kraków,Warszawa)",0.16624095290201124
R-pSTG→R-INS,CEN→SN,eyes closed,theta,"merged(Kraków,Warszawa)",0.035846617851926346
R-pSTG→L-IFG,CEN→DMN,eyes closed,theta,"merged(Kraków,Warszawa)",-0.1759168045503121
R-pSTG→R-IFG,CEN→CEN,eyes closed,theta,"merged(Kraków,Warszawa)",0.03282775238244818
R-pSTG→L-mPFC,CEN→DMN,eyes closed,theta,"merged(Kraków,Warszawa)",-0.004759130567226015
R-pSTG→R-mPFC,CEN→DMN,eyes closed,theta,"merged(Kraków,Warszawa)",0.08230024001704814
R-pSTG→L-aSTG,CEN→DMN,eyes closed,theta,"merged(Kraków,Warszawa)",0.09166415249084923
R-pSTG→R-aSTG,CEN→DMN,eyes closed,theta,"merged(Kraków,Warszawa)",0.3016021051973294
R-pSTG→L-PREC,CEN→DMN,eyes closed,theta,"merged(Kraków,Warszawa)",0.04234154824584537
R-pSTG→R-PREC,CEN→DMN,eyes closed,theta,"merged(Kraków,Warszawa)",0.027743110616234357
R-pSTG→L-ANG,CEN→DMN,eyes closed,theta,"merged(Kraków,Warszawa)",-0.03206267559737685
R-pSTG→R-ANG,CEN→DMN,eyes closed,theta,"merged(Kraków,Warszawa)",0.24096261185938203
R-pSTG→L-SFG,CEN→CEN,eyes closed,theta,"merged(Kraków,Warszawa)",0.01490413316388882
R-pSTG→R-SFG,CEN→CEN,eyes closed,theta,"merged(Kraków,Warszawa)",0.0698957952161136
R-pSTG→L-pSTG,CEN→CEN,eyes closed,theta,"merged(Kraków,Warszawa)",-0.08805484503934509
R-pSTG→L-ITG,CEN→CEN,eyes closed,theta,"merged(Kraków,Warszawa)",-0.04406918711349641
R-pSTG→R-ITG,CEN→CEN,eyes closed,theta,"merged(Kraków,Warszawa)",0.018673163701347053
R-pSTG→L-SUP,CEN→CEN,eyes closed,theta,"merged(Kraków,Warszawa)",0.07482698756378885
R-pSTG→R-SUP,CEN→CEN,eyes closed,theta,"merged(Kraków,Warszawa)",-0.07081420771746312
L-ITG→L-ACC,CEN→SN,eyes closed,theta,"merged(Kraków,Warszawa)",0.199099506596486
L-ITG→R-ACC,CEN→SN,eyes closed,theta,"merged(Kraków,Warszawa)",-0.02826466148937416
L-ITG→L-INS,CEN→SN,eyes closed,theta,"merged(Kraków,Warszawa)",-0.05070974209957189
L-ITG→R-INS,CEN→SN,eyes closed,theta,"merged(Kraków,Warszawa)",0.06220395030880818
L-ITG→L-IFG,CEN→DMN,eyes closed,theta,"merged(Kraków,Warszawa)",0.14002977642204845
L-ITG→R-IFG,CEN→CEN,eyes closed,theta,"merged(Kraków,Warszawa)",-0.038636312726261716
L-ITG→L-mPFC,CEN→DMN,eyes closed,theta,"merged(Kraków,Warszawa)",-0.01016190897537874
L-ITG→R-mPFC,CEN→DMN,eyes closed,theta,"merged(Kraków,Warszawa)",0.011852498665038336
L-ITG→L-aSTG,CEN→DMN,eyes closed,theta,"merged(Kraków,Warszawa)",-0.07934242792000173
L-ITG→R-aSTG,CEN→DMN,eyes closed,theta,"merged(Kraków,Warszawa)",0.013467211594252779
L-ITG→L-PREC,CEN→DMN,eyes closed,theta,"merged(Kraków,Warszawa)",0.26014486976969575
L-ITG→R-PREC,CEN→DMN,eyes closed,theta,"merged(Kraków,Warszawa)",0.036437489596279786
L-ITG→L-ANG,CEN→DMN,eyes closed,theta,"merged(Kraków,Warszawa)",0.14902577765843805
L-ITG→R-ANG,CEN→DMN,eyes closed,theta,"merged(Kraków,Warszawa)",0.007979227427225687
L-ITG→L-SFG,CEN→CEN,eyes closed,theta,"merged(Kraków,Warszawa)",0.007808033484917096
L-ITG→R-SFG,CEN→CEN,eyes closed,theta,"merged(Kraków,Warszawa)",0.09538795807398984
L-ITG→L-pSTG,CEN→CEN,eyes closed,theta,"merged(Kraków,Warszawa)",0.020747959668163393
L-ITG→R-pSTG,CEN→CEN,eyes closed,theta,"merged(Kraków,Warszawa)",0.018198884933755308
L-ITG→R-ITG,CEN→CEN,eyes closed,theta,"merged(Kraków,Warszawa)",-0.003667733047988184
L-ITG→L-SUP,CEN→CEN,eyes closed,theta,"merged(Kraków,Warszawa)",0.04953275109646698
L-ITG→R-SUP,CEN→CEN,eyes closed,theta,"merged(Kraków,Warszawa)",0.01962317580172674
R-ITG→L-ACC,CEN→SN,eyes closed,theta,"merged(Kraków,Warszawa)",-0.02368314320898055
R-ITG→R-ACC,CEN→SN,eyes closed,theta,"merged(Kraków,Warszawa)",0.048985325063653246
R-ITG→L-INS,CEN→SN,eyes closed,theta,"merged(Kraków,Warszawa)",-0.01160577104429986
R-ITG→R-INS,CEN→SN,eyes closed,theta,"merged(Kraków,Warszawa)",0.0935995021689188
R-ITG→L-IFG,CEN→DMN,eyes closed,theta,"merged(Kraków,Warszawa)",0.11400024257623176
R-ITG→R-IFG,CEN→CEN,eyes closed,theta,"merged(Kraków,Warszawa)",0.14070422186311693
R-ITG→L-mPFC,CEN→DMN,eyes closed,theta,"merged(Kraków,Warszawa)",-0.07991402347646474
R-ITG→R-mPFC,CEN→DMN,eyes closed,theta,"merged(Kraków,Warszawa)",0.05288316489856687
R-ITG→L-aSTG,CEN→DMN,eyes closed,theta,"merged(Kraków,Warszawa)",-0.031208553616231507
R-ITG→R-aSTG,CEN→DMN,eyes closed,theta,"merged(Kraków,Warszawa)",0.060332420249680226
R-ITG→L-PREC,CEN→DMN,eyes closed,theta,"merged(Kraków,Warszawa)",0.25577794665698994
R-ITG→R-PREC,CEN→DMN,eyes closed,theta,"merged(Kraków,Warszawa)",0.03455049051628772
R-ITG→L-ANG,CEN→DMN,eyes closed,theta,"merged(Kraków,Warszawa)",0.08598296633253696
R-ITG→R-ANG,CEN→DMN,eyes closed,theta,"merged(Kraków,Warszawa)",0.16408857594253168
R-ITG→L-SFG,CEN→CEN,eyes closed,theta,"merged(Kraków,Warszawa)",0.09281210197512582
R-ITG→R-SFG,CEN→CEN,eyes closed,theta,"merged(Kraków,Warszawa)",0.24969934799314858
R-ITG→L-pSTG,CEN→CEN,eyes closed,theta,"merged(Kraków,Warszawa)",-0.1175178323026571
R-ITG→R-pSTG,CEN→CEN,eyes closed,theta,"merged(Kraków,Warszawa)",-0.010410711313222796
R-ITG→L-ITG,CEN→CEN,eyes closed,theta,"merged(Kraków,Warszawa)",0.09668109668109669
R-ITG→L-SUP,CEN→CEN,eyes closed,theta,"merged(Kraków,Warszawa)",-0.11800044984504243
R-ITG→R-SUP,CEN→CEN,eyes closed,theta,"merged(Kraków,Warszawa)",0.08629741334723008
L-SUP→L-ACC,CEN→SN,eyes closed,theta,"merged(Kraków,Warszawa)",0.23030235231661367
L-SUP→R-ACC,CEN→SN,eyes closed,theta,"merged(Kraków,Warszawa)",-0.06619882462917587
L-SUP→L-INS,CEN→SN,eyes closed,theta,"merged(Kraków,Warszawa)",0.02608902801662632
L-SUP→R-INS,CEN→SN,eyes closed,theta,"merged(Kraków,Warszawa)",0.017248353895652553
L-SUP→L-IFG,CEN→DMN,eyes closed,theta,"merged(Kraków,Warszawa)",0.07859005035240194
L-SUP→R-IFG,CEN→CEN,eyes closed,theta,"merged(Kraków,Warszawa)",0.19407722136986374
L-SUP→L-mPFC,CEN→DMN,eyes closed,theta,"merged(Kraków,Warszawa)",0.09659991454804881
L-SUP→R-mPFC,CEN→DMN,eyes closed,theta,"merged(Kraków,Warszawa)",0.008796596049049917
L-SUP→L-aSTG,CEN→DMN,eyes closed,theta,"merged(Kraków,Warszawa)",0.17805034149788937
L-SUP→R-aSTG,CEN→DMN,eyes closed,theta,"merged(Kraków,Warszawa)",0.11612678452123117
L-SUP→L-PREC,CEN→DMN,eyes closed,theta,"merged(Kraków,Warszawa)",0.07685686631925051
L-SUP→R-PREC,CEN→DMN,eyes closed,theta,"merged(Kraków,Warszawa)",0.16321728272288535
L-SUP→L-ANG,CEN→DMN,eyes closed,theta,"merged(Kraków,Warszawa)",0.016184346018628715
L-SUP→R-ANG,CEN→DMN,eyes closed,theta,"merged(Kraków,Warszawa)",0.09155156597651981
L-SUP→L-SFG,CEN→CEN,eyes closed,theta,"merged(Kraków,Warszawa)",0.14362164685201953
L-SUP→R-SFG,CEN→CEN,eyes closed,theta,"merged(Kraków,Warszawa)",-0.010826579752676821
L-SUP→L-pSTG,CEN→CEN,eyes closed,theta,"merged(Kraków,Warszawa)",0.032435007804454345
L-SUP→R-pSTG,CEN→CEN,eyes closed,theta,"merged(Kraków,Warszawa)",0.1890362545810361
L-SUP→L-ITG,CEN→CEN,eyes closed,theta,"merged(Kraków,Warszawa)",0.03559355808031107
L-SUP→R-ITG,CEN→CEN,eyes closed,theta,"merged(Kraków,Warszawa)",-0.017248353895652553
L-SUP→R-SUP,CEN→CEN,eyes closed,theta,"merged(Kraków,Warszawa)",-0.0657176151647189
R-SUP→L-ACC,CEN→SN,eyes closed,theta,"merged(Kraków,Warszawa)",0.044476359186649356
R-SUP→R-ACC,CEN→SN,eyes closed,theta,"merged(Kraków,Warszawa)",-0.008129527180302992
R-SUP→L-INS,CEN→SN,eyes closed,theta,"merged(Kraków,Warszawa)",0.08373145551564318
R-SUP→R-INS,CEN→SN,eyes closed,theta,"merged(Kraków,Warszawa)",-0.012268957961116994
R-SUP→L-IFG,CEN→DMN,eyes closed,theta,"merged(Kraków,Warszawa)",0.013243413830421522
R-SUP→R-IFG,CEN→CEN,eyes closed,theta,"merged(Kraków,Warszawa)",0.07808033484917097
R-SUP→L-mPFC,CEN→DMN,eyes closed,theta,"merged(Kraków,Warszawa)",0.030662796357632572
R-SUP→R-mPFC,CEN→DMN,eyes closed,theta,"merged(Kraków,Warszawa)",-0.010141948419914377
R-SUP→L-aSTG,CEN→DMN,eyes closed,theta,"merged(Kraków,Warszawa)",-0.11232576493402202
R-SUP→R-aSTG,CEN→DMN,eyes closed,theta,"merged(Kraków,Warszawa)",0.03653970666528427
R-SUP→L-PREC,CEN→DMN,eyes closed,theta,"merged(Kraków,Warszawa)",0.1427755204884256
R-SUP→R-PREC,CEN→DMN,eyes closed,theta,"merged(Kraków,Warszawa)",0.02276908000863981
R-SUP→L-ANG,CEN→DMN,eyes closed,theta,"merged(Kraków,Warszawa)",0.10354804226831517
R-SUP→R-ANG,CEN→DMN,eyes closed,theta,"merged(Kraków,Warszawa)",0.02600044983866367
R-SUP→L-SFG,CEN→CEN,eyes closed,theta,"merged(Kraków,Warszawa)",-0.1434521817229679
R-SUP→R-SFG,CEN→CEN,eyes closed,theta,"merged(Kraków,Warszawa)",0.029047143535428747
R-SUP→L-pSTG,CEN→CEN,eyes closed,theta,"merged(Kraków,Warszawa)",-0.12871596920853065
R-SUP→R-pSTG,CEN→CEN,eyes closed,theta,"merged(Kraków,Warszawa)",0.04988116945263931
R-SUP→L-ITG,CEN→CEN,eyes closed,theta,"merged(Kraków,Warszawa)",0.044746343185455846
R-SUP→R-ITG,CEN→CEN,eyes closed,theta,"merged(Kraków,Warszawa)",0.12330638482735273
R-SUP→L-SUP,CEN→CEN,eyes closed,theta,"merged(Kraków,Warszawa)",0.061802597875300444
L-ACC→R-ACC,SN→SN,eyes open,alpha,"merged(Kraków,Warszawa)",0.09760041856146372
L-ACC→L-INS,SN→SN,eyes open,alpha,"merged(Kraków,Warszawa)",-0.08435786010372824
L-ACC→R-INS,SN→SN,eyes open,alpha,"merged(Kraków,Warszawa)",-0.08784037670531734
L-ACC→L-IFG,SN→DMN,eyes open,alpha,"merged(Kraków,Warszawa)",-0.07235706196036984
L-ACC→R-IFG,SN→CEN,eyes open,alpha,"merged(Kraków,Warszawa)",-0.11228198701147307
L-ACC→L-mPFC,SN→DMN,eyes open,alpha,"merged(Kraków,Warszawa)",-0.16383142063689796
L-ACC→R-mPFC,SN→DMN,eyes open,alpha,"merged(Kraków,Warszawa)",0.019743048228798295
L-ACC→L-aSTG,SN→DMN,eyes open,alpha,"merged(Kraków,Warszawa)",0.12915643263925486
L-ACC→R-aSTG,SN→DMN,eyes open,alpha,"merged(Kraków,Warszawa)",0.015581593762247402
L-ACC→L-PREC,SN→DMN,eyes open,alpha,"merged(Kraków,Warszawa)",0.07848948722694714
L-ACC→R-PREC,SN→DMN,eyes open,alpha,"merged(Kraków,Warszawa)",0.10741723110591493
L-ACC→L-ANG,SN→DMN,eyes open,alpha,"merged(Kraków,Warszawa)",0.01692324564820704
L-ACC→R-ANG,SN→DMN,eyes open,alpha,"merged(Kraków,Warszawa)",0.17356016914381978
L-ACC→L-SFG,SN→CEN,eyes open,alpha,"merged(Kraków,Warszawa)",-0.045546861995349734
L-ACC→R-SFG,SN→CEN,eyes open,alpha,"merged(Kraków,Warszawa)",-0.13169340644314775
L-ACC→L-pSTG,SN→CEN,eyes open,alpha,"merged(Kraków,Warszawa)",-0.1464825055624317
L-ACC→R-pSTG,SN→CEN,eyes open,alpha,"merged(Kraków,Warszawa)",-0.048652511706681514
L-ACC→L-ITG,SN→CEN,eyes open,alpha,"merged(Kraków,Warszawa)",-0.10554077501668391
L-ACC→R-ITG,SN→CEN,eyes open,alpha,"merged(Kraków,Warszawa)",0.005427737611821758
L-ACC→L-SUP,SN→CEN,eyes open,alpha,"merged(Kraków,Warszawa)",-0.10647143866244795
L-ACC→R-SUP,SN→CEN,eyes open,alpha,"merged(Kraków,Warszawa)",0.004314501761179799
R-ACC→L-ACC,SN→SN,eyes open,alpha,"merged(Kraków,Warszawa)",0.14226672565530235
R-ACC→L-INS,SN→SN,eyes open,alpha,"merged(Kraków,Warszawa)",0.02642096333598473
R-ACC→R-INS,SN→SN,eyes open,alpha,"merged(Kraków,Warszawa)",-0.1218955305838777
R-ACC→L-IFG,SN→DMN,eyes open,alpha,"merged(Kraków,Warszawa)",0.02520785759949879
R-ACC→R-IFG,SN→CEN,eyes open,alpha,"merged(Kraków,Warszawa)",-0.010839369573737323
R-ACC→L-mPFC,SN→DMN,eyes open,alpha,"merged(Kraków,Warszawa)",0.15608535720242658
R-ACC→R-mPFC,SN→DMN,eyes open,alpha,"merged(Kraków,Warszawa)",-0.08387298784362218
R-ACC→L-aSTG,SN→DMN,eyes open,alpha,"merged(Kraków,Warszawa)",0.0021153265959426744
R-ACC→R-aSTG,SN→DMN,eyes open,alpha,"merged(Kraków,Warszawa)",0.10048611728019381
R-ACC→L-PREC,SN→DMN,eyes open,alpha,"merged(Kraków,Warszawa)",0.07175315220591462
R-ACC→R-PREC,SN→DMN,eyes open,alpha,"merged(Kraków,Warszawa)",0.10121446489185912
R-ACC→L-ANG,SN→DMN,eyes open,alpha,"merged(Kraków,Warszawa)",0.1594604587388699
R-ACC→R-ANG,SN→DMN,eyes open,alpha,"merged(Kraków,Warszawa)",-0.004929699706427991
R-ACC→L-SFG,SN→CEN,eyes open,alpha,"merged(Kraków,Warszawa)",-0.082741791247022
R-ACC→R-SFG,SN→CEN,eyes open,alpha,"merged(Kraków,Warszawa)",-0.027925556165457256
R-ACC→L-pSTG,SN→CEN,eyes open,alpha,"merged(Kraków,Warszawa)",0.006582122183098954
R-ACC→R-pSTG,SN→CEN,eyes open,alpha,"merged(Kraków,Warszawa)",0.02285481097788395
R-ACC→L-ITG,SN→CEN,eyes open,alpha,"merged(Kraków,Warszawa)",-0.02510282517242991
R-ACC→R-ITG,SN→CEN,eyes open,alpha,"merged(Kraków,Warszawa)",0.06610378067024461
R-ACC→L-SUP,SN→CEN,eyes open,alpha,"merged(Kraków,Warszawa)",-0.11400024257623176
R-ACC→R-SUP,SN→CEN,eyes open,alpha,"merged(Kraków,Warszawa)",0.0901022595816915
L-INS→L-ACC,SN→SN,eyes open,alpha,"merged(Kraków,Warszawa)",-0.0176418017603855
L-INS→R-ACC,SN→SN,eyes open,alpha,"merged(Kraków,Warszawa)",-0.024517231363896084
L-INS→R-INS,SN→SN,eyes open,alpha,"merged(Kraków,Warszawa)",0.04566783660947293
L-INS→L-IFG,SN→DMN,eyes open,alpha,"merged(Kraków,Warszawa)",-0.021101398453599894
L-INS→R-IFG,SN→CEN,eyes open,alpha,"merged(Kraków,Warszawa)",0.0358274639003307
L-INS→L-mPFC,SN→DMN,eyes open,alpha,"merged(Kraków,Warszawa)",-0.06033299171549407
L-INS→R-mPFC,SN→DMN,eyes open,alpha,"merged(Kraków,Warszawa)",0.03172989893914012
L-INS→L-aSTG,SN→DMN,eyes open,alpha,"merged(Kraków,Warszawa)",-0.148188810364764
L-INS→R-aSTG,SN→DMN,eyes open,alpha,"merged(Kraków,Warszawa)",0.04987228587060336
L-INS→L-PREC,SN→DMN,eyes open,alpha,"merged(Kraków,Warszawa)",-0.028419771850776654
L-INS→R-PREC,SN→DMN,eyes open,alpha,"merged(Kraków,Warszawa)",-0.12042552139988376
L-INS→L-ANG,SN→DMN,eyes open,alpha,"merged(Kraków,Warszawa)",0.13564213564213565
L-INS→R-ANG,SN→DMN,eyes open,alpha,"merged(Kraków,Warszawa)",0.20129049014824055
L-INS→L-SFG,SN→CEN,eyes open,alpha,"merged(Kraków,Warszawa)",-0.07531692290010732
L-INS→R-SFG,SN→CEN,eyes open,alpha,"merged(Kraków,Warszawa)",-0.060962375507003376
L-INS→L-pSTG,SN→CEN,eyes open,alpha,"merged(Kraków,Warszawa)",-0.11618410404640858
L-INS→R-pSTG,SN→CEN,eyes open,alpha,"merged(Kraków,Warszawa)",0.05932656110861463
L-INS→L-ITG,SN→CEN,eyes open,alpha,"merged(Kraków,Warszawa)",-0.1120668177499669
L-INS→R-ITG,SN→CEN,eyes open,alpha,"merged(Kraków,Warszawa)",-0.14468619635876703
L-INS→L-SUP,SN→CEN,eyes open,alpha,"merged(Kraków,Warszawa)",-0.2503646567806515
L-INS→R-SUP,SN→CEN,eyes open,alpha,"merged(Kraków,Warszawa)",-0.06301208486034536
R-INS→L-ACC,SN→SN,eyes open,alpha,"merged(Kraków,Warszawa)",0.05812387181129446
R-INS→R-ACC,SN→SN,eyes open,alpha,"merged(Kraków,Warszawa)",0.1673503507606251
R-INS→L-INS,SN→SN,eyes open,alpha,"merged(Kraków,Warszawa)",0.004935762057199574
R-INS→L-IFG,SN→DMN,eyes open,alpha,"merged(Kraków,Warszawa)",0.02041490672935874
R-INS→R-IFG,SN→CEN,eyes open,alpha,"merged(Kraków,Warszawa)",-0.1815461422959221
R-INS→L-mPFC,SN→DMN,eyes open,alpha,"merged(Kraków,Warszawa)",-0.023543846809638263
R-INS→R-mPFC,SN→DMN,eyes open,alpha,"merged(Kraków,Warszawa)",0.0014084856304079972
R-INS→L-aSTG,SN→DMN,eyes open,alpha,"merged(Kraków,Warszawa)",-0.10000247975896781
R-INS→R-aSTG,SN→DMN,eyes open,alpha,"merged(Kraków,Warszawa)",0.1742828612125725
R-INS→L-PREC,SN→DMN,eyes open,alpha,"merged(Kraków,Warszawa)",0.09609460585729042
R-INS→R-PREC,SN→DMN,eyes open,alpha,"merged(Kraków,Warszawa)",0.13801478644955442
R-INS→L-ANG,SN→DMN,eyes open,alpha,"merged(Kraków,Warszawa)",0.10788165639307641
R-INS→R-ANG,SN→DMN,eyes open,alpha,"merged(Kraków,Warszawa)",0.06002427155687088
R-INS→L-SFG,SN→CEN,eyes open,alpha,"merged(Kraków,Warszawa)",-0.004489070531417593
R-INS→R-SFG,SN→CEN,eyes open,alpha,"merged(Kraków,Warszawa)",0.06016908303767384
R-INS→L-pSTG,SN→CEN,eyes open,alpha,"merged(Kraków,Warszawa)",0.02106410018588255
R-INS→R-pSTG,SN→CEN,eyes open,alpha,"merged(Kraków,Warszawa)",-0.023453505559263094
R-INS→L-ITG,SN→CEN,eyes open,alpha,"merged(Kraków,Warszawa)",-0.010786254402949497
R-INS→R-ITG,SN→CEN,eyes open,alpha,"merged(Kraków,Warszawa)",-0.005620035486364905
R-INS→L-SUP,SN→CEN,eyes open,alpha,"merged(Kraków,Warszawa)",-0.058939072057196694
R-INS→R-SUP,SN→CEN,eyes open,alpha,"merged(Kraków,Warszawa)",0.14357864357864358
L-IFG→L-ACC,DMN→SN,eyes open,alpha,"merged(Kraków,Warszawa)",0.0762770071396474
L-IFG→R-ACC,DMN→SN,eyes open,alpha,"merged(Kraków,Warszawa)",-0.0073448645189160685
L-IFG→L-INS,DMN→SN,eyes open,alpha,"merged(Kraków,Warszawa)",0.07669470900144894
L-IFG→R-INS,DMN→SN,eyes open,alpha,"merged(Kraków,Warszawa)",0.031690926684179936
L-IFG→R-IFG,DMN→CEN,eyes open,alpha,"merged(Kraków,Warszawa)",0.038075878726968146
L-IFG→L-mPFC,DMN→DMN,eyes open,alpha,"merged(Kraków,Warszawa)",-0.05563952862890811
L-IFG→R-mPFC,DMN→DMN,eyes open,alpha,"merged(Kraków,Warszawa)",0.20413150304558558
L-IFG→L-aSTG,DMN→DMN,eyes open,alpha,"merged(Kraków,Warszawa)",0.0557748248146806
L-IFG→R-aSTG,DMN→DMN,eyes open,alpha,"merged(Kraków,Warszawa)",0.12474797792496627
L-IFG→L-PREC,DMN→DMN,eyes open,alpha,"merged(Kraków,Warszawa)",-0.05667253380597766
L-IFG→R-PREC,DMN→DMN,eyes open,alpha,"merged(Kraków,Warszawa)",0.06362707631570107
L-IFG→L-ANG,DMN→DMN,eyes open,alpha,"merged(Kraków,Warszawa)",0.05896204022778128
L-IFG→R-ANG,DMN→DMN,eyes open,alpha,"merged(Kraków,Warszawa)",0.12295357329907122
L-IFG→L-SFG,DMN→CEN,eyes open,alpha,"merged(Kraków,Warszawa)",-0.12694788467200277
L-IFG→R-SFG,DMN→CEN,eyes open,alpha,"merged(Kraków,Warszawa)",0.23204429274691324
L-IFG→L-pSTG,DMN→CEN,eyes open,alpha,"merged(Kraków,Warszawa)",-0.05438911488139662
L-IFG→R-pSTG,DMN→CEN,eyes open,alpha,"merged(Kraków,Warszawa)",0.0672543483820906
L-IFG→L-ITG,DMN→CEN,eyes open,alpha,"merged(Kraków,Warszawa)",0.06134447128233756
L-IFG→R-ITG,DMN→CEN,eyes open,alpha,"merged(Kraków,Warszawa)",0.01692324564820704
L-IFG→L-SUP,DMN→CEN,eyes open,alpha,"merged(Kraków,Warszawa)",-0.015906769078925267
L-IFG→R-SUP,DMN→CEN,eyes open,alpha,"merged(Kraków,Warszawa)",-0.09575072912670823
R-IFG→L-ACC,CEN→SN,eyes open,alpha,"merged(Kraków,Warszawa)",0.0974392177740914
R-IFG→R-ACC,CEN→SN,eyes open,alpha,"merged(Kraków,Warszawa)",0.18356646473586058
R-IFG→L-INS,CEN→SN,eyes open,alpha,"merged(Kraków,Warszawa)",0.038590910339705686
R-IFG→R-INS,CEN→SN,eyes open,alpha,"merged(Kraków,Warszawa)",-0.011948872617308781
R-IFG→L-IFG,CEN→DMN,eyes open,alpha,"merged(Kraków,Warszawa)",0.050767838302624185
R-IFG→L-mPFC,CEN→DMN,eyes open,alpha,"merged(Kraków,Warszawa)",0.07306853857515669
R-IFG→R-mPFC,CEN→DMN,eyes open,alpha,"merged(Kraków,Warszawa)",0.03955110456726408
R-IFG→L-aSTG,CEN→DMN,eyes open,alpha,"merged(Kraków,Warszawa)",-0.029482428701395294
R-IFG→R-aSTG,CEN→DMN,eyes open,alpha,"merged(Kraków,Warszawa)",0.13203463203463203
R-IFG→L-PREC,CEN→DMN,eyes open,alpha,"merged(Kraków,Warszawa)",0.10876536203246015
R-IFG→R-PREC,CEN→DMN,eyes open,alpha,"merged(Kraków,Warszawa)",0.05680760652220069
R-IFG→L-ANG,CEN→DMN,eyes open,alpha,"merged(Kraków,Warszawa)",0.20241995186583406
R-IFG→R-ANG,CEN→DMN,eyes open,alpha,"merged(Kraków,Warszawa)",0.030909686762651763
R-IFG→L-SFG,CEN→CEN,eyes open,alpha,"merged(Kraków,Warszawa)",0.03973024149126457
R-IFG→R-SFG,CEN→CEN,eyes open,alpha,"merged(Kraków,Warszawa)",-0.049357482310249966
R-IFG→L-pSTG,CEN→CEN,eyes open,alpha,"merged(Kraków,Warszawa)",0.08696258121593227
R-IFG→R-pSTG,CEN→CEN,eyes open,alpha,"merged(Kraków,Warszawa)",-0.056410998177108
R-IFG→L-ITG,CEN→CEN,eyes open,alpha,"merged(Kraków,Warszawa)",0.1411481295086766
R-IFG→R-ITG,CEN→CEN,eyes open,alpha,"merged(Kraków,Warszawa)",-0.06977621292970265
R-IFG→L-SUP,CEN→CEN,eyes open,alpha,"merged(Kraków,Warszawa)",-0.10667248798534502
R-IFG→R-SUP,CEN→CEN,eyes open,alpha,"merged(Kraków,Warszawa)",0.08320284610707854
L-mPFC→L-ACC,DMN→SN,eyes open,alpha,"merged(Kraków,Warszawa)",0.003960759619793137
L-mPFC→R-ACC,DMN→SN,eyes open,alpha,"merged(Kraków,Warszawa)",-0.024408061227723724
L-mPFC→L-INS,DMN→SN,eyes open,alpha,"merged(Kraków,Warszawa)",0.24240657024316195
L-mPFC→R-INS,DMN→SN,eyes open,alpha,"merged(Kraków,Warszawa)",0.08775806279638987
L-mPFC→L-IFG,DMN→DMN,eyes open,alpha,"merged(Kraków,Warszawa)",0.031890949336081484
L-mPFC→R-IFG,DMN→CEN,eyes open,alpha,"merged(Kraków,Warszawa)",-0.08057721039328188
L-mPFC→R-mPFC,DMN→DMN,eyes open,alpha,"merged(Kraków,Warszawa)",0.05896485740279059
L-mPFC→L-aSTG,DMN→DMN,eyes open,alpha,"merged(Kraków,Warszawa)",0.012179902221761425
L-mPFC→R-aSTG,DMN→DMN,eyes open,alpha,"merged(Kraków,Warszawa)",0.08160864136144268
L-mPFC→L-PREC,DMN→DMN,eyes open,alpha,"merged(Kraków,Warszawa)",0.1361695802700751
L-mPFC→R-PREC,DMN→DMN,eyes open,alpha,"merged(Kraków,Warszawa)",-0.0019181648411770525
L-mPFC→L-ANG,DMN→DMN,eyes open,alpha,"merged(Kraków,Warszawa)",0.10999698298901908
L-mPFC→R-ANG,DMN→DMN,eyes open,alpha,"merged(Kraków,Warszawa)",0.32991171494157817
L-mPFC→L-SFG,DMN→CEN,eyes open,alpha,"merged(Kraków,Warszawa)",0.011614740005154138
L-mPFC→R-SFG,DMN→CEN,eyes open,alpha,"merged(Kraków,Warszawa)",-0.11149908465884081
L-mPFC→L-pSTG,DMN→CEN,eyes open,alpha,"merged(Kraków,Warszawa)",0.06664543173566118
L-mPFC→R-pSTG,DMN→CEN,eyes open,alpha,"merged(Kraków,Warszawa)",0.07079315355317017
L-mPFC→L-ITG,DMN→CEN,eyes open,alpha,"merged(Kraków,Warszawa)",0.08070257010746415
L-mPFC→R-ITG,DMN→CEN,eyes open,alpha,"merged(Kraków,Warszawa)",0.06592257910719772
L-mPFC→L-SUP,DMN→CEN,eyes open,alpha,"merged(Kraków,Warszawa)",0.02905932629027116
L-mPFC→R-SUP,DMN→CEN,eyes open,alpha,"merged(Kraków,Warszawa)",0.08989442605526962
R-mPFC→L-ACC,DMN→SN,eyes open,alpha,"merged(Kraków,Warszawa)",0.05435199743997891
R-mPFC→R-ACC,DMN→SN,eyes open,alpha,"merged(Kraków,Warszawa)",0.08345929294336217
R-mPFC→L-INS,DMN→SN,eyes open,alpha,"merged(Kraków,Warszawa)",0.07123466152736099
R-mPFC→R-INS,DMN→SN,eyes open,alpha,"merged(Kraków,Warszawa)",-0.01175717714529259
R-mPFC→L-IFG,DMN→DMN,eyes open,alpha,"merged(Kraków,Warszawa)",0.11433514058293189
R-mPFC→R-IFG,DMN→CEN,eyes open,alpha,"merged(Kraków,Warszawa)",-0.02735915425116163
R-mPFC→L-mPFC,DMN→DMN,eyes open,alpha,"merged(Kraków,Warszawa)",0.03982957539102928
R-mPFC→L-aSTG,DMN→DMN,eyes open,alpha,"merged(Kraków,Warszawa)",0.015512395036912948
R-mPFC→R-aSTG,DMN→DMN,eyes open,alpha,"merged(Kraków,Warszawa)",0.04068780336696587
R-mPFC→L-PREC,DMN→DMN,eyes open,alpha,"merged(Kraków,Warszawa)",0.06414590908808376
R-mPFC→R-PREC,DMN→DMN,eyes open,alpha,"merged(Kraków,Warszawa)",0.06022788905511176
R-mPFC→L-ANG,DMN→DMN,eyes open,alpha,"merged(Kraków,Warszawa)",0.09484448377020158
R-mPFC→R-ANG,DMN→DMN,eyes open,alpha,"merged(Kraków,Warszawa)",0.00697960668834072
R-mPFC→L-SFG,DMN→CEN,eyes open,alpha,"merged(Kraków,Warszawa)",-0.06636828462179532
R-mPFC→R-SFG,DMN→CEN,eyes open,alpha,"merged(Kraków,Warszawa)",-0.06250167432204494
R-mPFC→L-pSTG,DMN→CEN,eyes open,alpha,"merged(Kraków,Warszawa)",-0.10506122093181951
R-mPFC→R-pSTG,DMN→CEN,eyes open,alpha,"merged(Kraków,Warszawa)",0.011281741845027598
R-mPFC→L-ITG,DMN→CEN,eyes open,alpha,"merged(Kraków,Warszawa)",0.14661891498835464
R-mPFC→R-ITG,DMN→CEN,eyes open,alpha,"merged(Kraków,Warszawa)",-0.09779537325340877
R-mPFC→L-SUP,DMN→CEN,eyes open,alpha,"merged(Kraków,Warszawa)",-0.07597457088875928
R-mPFC→R-SUP,DMN→CEN,eyes open,alpha,"merged(Kraków,Warszawa)",0.03319673546906143
L-aSTG→L-ACC,DMN→SN,eyes open,alpha,"merged(Kraków,Warszawa)",0.22819075308933534
L-aSTG→R-ACC,DMN→SN,eyes open,alpha,"merged(Kraków,Warszawa)",0.2660609419394209
L-aSTG→L-INS,DMN→SN,eyes open,alpha,"merged(Kraków,Warszawa)",0.3170613881676021
L-aSTG→R-INS,DMN→SN,eyes open,alpha,"merged(Kraków,Warszawa)",0.20863440384806173
L-aSTG→L-IFG,DMN→DMN,eyes open,alpha,"merged(Kraków,Warszawa)",0.05548622123246871
L-aSTG→R-IFG,DMN→CEN,eyes open,alpha,"merged(Kraków,Warszawa)",0.08813860816427811
L-aSTG→L-mPFC,DMN→DMN,eyes open,alpha,"merged(Kraków,Warszawa)",0.14640062784219557
L-aSTG→R-mPFC,DMN→DMN,eyes open,alpha,"merged(Kraków,Warszawa)",0.14073116638163677
L-aSTG→R-aSTG,DMN→DMN,eyes open,alpha,"merged(Kraków,Warszawa)",0.1490413316388882
L-aSTG→L-PREC,DMN→DMN,eyes open,alpha,"merged(Kraków,Warszawa)",0.08098792374845984
L-aSTG→R-PREC,DMN→DMN,eyes open,alpha,"merged(Kraków,Warszawa)",0.15242957368504334
L-aSTG→L-ANG,DMN→DMN,eyes open,alpha,"merged(Kraków,Warszawa)",0.19157282760270866
L-aSTG→R-ANG,DMN→DMN,eyes open,alpha,"merged(Kraków,Warszawa)",0.09107632003455925
L-aSTG→L-SFG,DMN→CEN,eyes open,alpha,"merged(Kraków,Warszawa)",0.19096790090986923
L-aSTG→R-SFG,DMN→CEN,eyes open,alpha,"merged(Kraków,Warszawa)",0.12600767129469637
L-aSTG→L-pSTG,DMN→CEN,eyes open,alpha,"merged(Kraków,Warszawa)",0.14584597047813996
L-aSTG→R-pSTG,DMN→CEN,eyes open,alpha,"merged(Kraków,Warszawa)",0.20747959668163393
L-aSTG→L-ITG,DMN→CEN,eyes open,alpha,"merged(Kraków,Warszawa)",0.1135225273155902
L-aSTG→R-ITG,DMN→CEN,eyes open,alpha,"merged(Kraków,Warszawa)",0.10230212486277615
L-aSTG→L-SUP,DMN→CEN,eyes open,alpha,"merged(Kraków,Warszawa)",0.01030043297921674
L-aSTG→R-SUP,DMN→CEN,eyes open,alpha,"merged(Kraków,Warszawa)",0.14656266077858723
R-aSTG→L-ACC,DMN→SN,eyes open,alpha,"merged(Kraków,Warszawa)",0.00365598445579752
R-aSTG→R-ACC,DMN→SN,eyes open,alpha,"merged(Kraków,Warszawa)",0.045775782988259905
R-aSTG→L-INS,DMN→SN,eyes open,alpha,"merged(Kraków,Warszawa)",0.07183276715080786
R-aSTG→R-INS,DMN→SN,eyes open,alpha,"merged(Kraków,Warszawa)",0.0865245231060998
R-aSTG→L-IFG,DMN→DMN,eyes open,alpha,"merged(Kraków,Warszawa)",0.019865120745632285
R-aSTG→R-IFG,DMN→CEN,eyes open,alpha,"merged(Kraków,Warszawa)",-0.028915513423125844
R-aSTG→L-mPFC,DMN→DMN,eyes open,alpha,"merged(Kraków,Warszawa)",0.15334796914796628
R-aSTG→R-mPFC,DMN→DMN,eyes open,alpha,"merged(Kraków,Warszawa)",0.09993422779413003
R-aSTG→L-aSTG,DMN→DMN,eyes open,alpha,"merged(Kraków,Warszawa)",0.027725317338551964
R-aSTG→L-PREC,DMN→DMN,eyes open,alpha,"merged(Kraków,Warszawa)",-0.04277591766121833
R-aSTG→R-PREC,DMN→DMN,eyes open,alpha,"merged(Kraków,Warszawa)",0.04398298024524959
R-aSTG→L-ANG,DMN→DMN,eyes open,alpha,"merged(Kraków,Warszawa)",-0.020423041640915962
R-aSTG→R-ANG,DMN→DMN,eyes open,alpha,"merged(Kraków,Warszawa)",-0.030588764516074906
R-aSTG→L-SFG,DMN→CEN,eyes open,alpha,"merged(Kraków,Warszawa)",-0.10781506132187714
R-aSTG→R-SFG,DMN→CEN,eyes open,alpha,"merged(Kraków,Warszawa)",0.13997113997114
R-aSTG→L-pSTG,DMN→CEN,eyes open,alpha,"merged(Kraków,Warszawa)",-0.21616449031779875
R-aSTG→R-pSTG,DMN→CEN,eyes open,alpha,"merged(Kraków,Warszawa)",0.12298175657895413
R-aSTG→L-ITG,DMN→CEN,eyes open,alpha,"merged(Kraków,Warszawa)",-0.18521586039865162
R-aSTG→R-ITG,DMN→CEN,eyes open,alpha,"merged(Kraków,Warszawa)",0.021824931449222845
R-aSTG→L-SUP,DMN→CEN,eyes open,alpha,"merged(Kraków,Warszawa)",-0.07698327572427374
R-aSTG→R-SUP,DMN→CEN,eyes open,alpha,"merged(Kraków,Warszawa)",-0.05493093958591189
L-PREC→L-ACC,DMN→SN,eyes open,alpha,"merged(Kraków,Warszawa)",-0.012691959575656046
L-PREC→R-ACC,DMN→SN,eyes open,alpha,"merged(Kraków,Warszawa)",0.09766623117662743
L-PREC→L-INS,DMN→SN,eyes open,alpha,"merged(Kraków,Warszawa)",-0.06439114688216399
L-PREC→R-INS,DMN→SN,eyes open,alpha,"merged(Kraków,Warszawa)",-0.013090426004981889
L-PREC→L-IFG,DMN→DMN,eyes open,alpha,"merged(Kraków,Warszawa)",-0.09910486480898839
L-PREC→R-IFG,DMN→CEN,eyes open,alpha,"merged(Kraków,Warszawa)",-0.04401154401154401
L-PREC→L-mPFC,DMN→DMN,eyes open,alpha,"merged(Kraków,Warszawa)",0.05403480962971383
L-PREC→R-mPFC,DMN→DMN,eyes open,alpha,"merged(Kraków,Warszawa)",0.0
L-PREC→L-aSTG,DMN→DMN,eyes open,alpha,"merged(Kraków,Warszawa)",-0.16897573362337148
L-PREC→R-aSTG,DMN→DMN,eyes open,alpha,"merged(Kraków,Warszawa)",0.0061067775324411344
L-PREC→R-PREC,DMN→DMN,eyes open,alpha,"merged(Kraków,Warszawa)",0.2241980686484703
L-PREC→L-ANG,DMN→DMN,eyes open,alpha,"merged(Kraków,Warszawa)",0.06267761055315588
L-PREC→R-ANG,DMN→DMN,eyes open,alpha,"merged(Kraków,Warszawa)",0.2718521375403472
L-PREC→L-SFG,DMN→CEN,eyes open,alpha,"merged(Kraków,Warszawa)",-0.009871524114399148
L-PREC→R-SFG,DMN→CEN,eyes open,alpha,"merged(Kraków,Warszawa)",-0.11516849390252717
L-PREC→L-pSTG,DMN→CEN,eyes open,alpha,"merged(Kraków,Warszawa)",-0.03868995257383012
L-PREC→R-pSTG,DMN→CEN,eyes open,alpha,"merged(Kraków,Warszawa)",-0.017593192098099834
L-PREC→L-ITG,DMN→CEN,eyes open,alpha,"merged(Kraków,Warszawa)",0.019037939363484073
L-PREC→R-ITG,DMN→CEN,eyes open,alpha,"merged(Kraków,Warszawa)",0.15483883857556965
L-PREC→L-SUP,DMN→CEN,eyes open,alpha,"merged(Kraków,Warszawa)",-0.05743055866342333
L-PREC→R-SUP,DMN→CEN,eyes open,alpha,"merged(Kraków,Warszawa)",0.06474557872650523
R-PREC→L-ACC,DMN→SN,eyes open,alpha,"merged(Kraków,Warszawa)",0.20459310070429199
R-PREC→R-ACC,DMN→SN,eyes open,alpha,"merged(Kraków,Warszawa)",0.13467579327501697
R-PREC→L-INS,DMN→SN,eyes open,alpha,"merged(Kraków,Warszawa)",-0.06501027362691196
R-PREC→R-INS,DMN→SN,eyes open,alpha,"merged(Kraków,Warszawa)",0.04019120532291082
R-PREC→L-IFG,DMN→DMN,eyes open,alpha,"merged(Kraków,Warszawa)",-0.04868914960999081
R-PREC→R-IFG,DMN→CEN,eyes open,alpha,"merged(Kraków,Warszawa)",-0.04415578597287053
R-PREC→L-mPFC,DMN→DMN,eyes open,alpha,"merged(Kraków,Warszawa)",0.008289836460214186
R-PREC→R-mPFC,DMN→DMN,eyes open,alpha,"merged(Kraków,Warszawa)",0.03572608677637779
R-PREC→L-aSTG,DMN→DMN,eyes open,alpha,"merged(Kraków,Warszawa)",0.02351435429058518
R-PREC→R-aSTG,DMN→DMN,eyes open,alpha,"merged(Kraków,Warszawa)",-0.008796596049049917
R-PREC→L-PREC,DMN→DMN,eyes open,alpha,"merged(Kraków,Warszawa)",0.23998473349508992
R-PREC→L-ANG,DMN→DMN,eyes open,alpha,"merged(Kraków,Warszawa)",0.18037518037518038
R-PREC→R-ANG,DMN→DMN,eyes open,alpha,"merged(Kraków,Warszawa)",0.09577702286774381
R-PREC→L-SFG,DMN→CEN,eyes open,alpha,"merged(Kraków,Warszawa)",-0.07766767201250709
R-PREC→R-SFG,DMN→CEN,eyes open,alpha,"merged(Kraków,Warszawa)",0.03783809662147781
R-PREC→L-pSTG,DMN→CEN,eyes open,alpha,"merged(Kraków,Warszawa)",0.10506122093181951
R-PREC→R-pSTG,DMN→CEN,eyes open,alpha,"merged(Kraków,Warszawa)",0.01960937117200488
R-PREC→L-ITG,DMN→CEN,eyes open,alpha,"merged(Kraków,Warszawa)",0.14634427608047496
R-PREC→R-ITG,DMN→CEN,eyes open,alpha,"merged(Kraków,Warszawa)",0.12359700230961382
R-PREC→L-SUP,DMN→CEN,eyes open,alpha,"merged(Kraków,Warszawa)",0.03053600779978911
R-PREC→R-SUP,DMN→CEN,eyes open,alpha,"merged(Kraków,Warszawa)",0.0957570398790657
L-ANG→L-ACC,DMN→SN,eyes open,alpha,"merged(Kraków,Warszawa)",0.09613221312915705
L-ANG→R-ACC,DMN→SN,eyes open,alpha,"merged(Kraków,Warszawa)",-0.07293345477503921
L-ANG→L-INS,DMN→SN,eyes open,alpha,"merged(Kraków,Warszawa)",0.18433195068520197
L-ANG→R-INS,DMN→SN,eyes open,alpha,"merged(Kraków,Warszawa)",-0.037738828510432636
L-ANG→L-IFG,DMN→DMN,eyes open,alpha,"merged(Kraków,Warszawa)",-0.14942470672007183
L-ANG→R-IFG,DMN→CEN,eyes open,alpha,"merged(Kraków,Warszawa)",0.09851445688027206
L-ANG→L-mPFC,DMN→DMN,eyes open,alpha,"merged(Kraków,Warszawa)",-0.06040818934306107
L-ANG→R-mPFC,DMN→DMN,eyes open,alpha,"merged(Kraków,Warszawa)",0.06824621421423652
L-ANG→L-aSTG,DMN→DMN,eyes open,alpha,"merged(Kraków,Warszawa)",0.0853464446849387
L-ANG→R-aSTG,DMN→DMN,eyes open,alpha,"merged(Kraków,Warszawa)",0.02184935830892866
L-ANG→L-PREC,DMN→DMN,eyes open,alpha,"merged(Kraków,Warszawa)",0.1155057686339849
L-ANG→R-PREC,DMN→DMN,eyes open,alpha,"merged(Kraków,Warszawa)",-0.004064763590151496
L-ANG→R-ANG,DMN→DMN,eyes open,alpha,"merged(Kraków,Warszawa)",0.1501881883119299
L-ANG→L-SFG,DMN→CEN,eyes open,alpha,"merged(Kraków,Warszawa)",-0.26154190063931887
L-ANG→R-SFG,DMN→CEN,eyes open,alpha,"merged(Kraków,Warszawa)",-0.07502573157270552
L-ANG→L-pSTG,DMN→CEN,eyes open,alpha,"merged(Kraków,Warszawa)",-0.15924723912305933
L-ANG→R-pSTG,DMN→CEN,eyes open,alpha,"merged(Kraków,Warszawa)",0.0657187993951983
L-ANG→L-ITG,DMN→CEN,eyes open,alpha,"merged(Kraków,Warszawa)",0.02272058351053612
L-ANG→R-ITG,DMN→CEN,eyes open,alpha,"merged(Kraków,Warszawa)",0.10173160173160174
L-ANG→L-SUP,DMN→CEN,eyes open,alpha,"merged(Kraków,Warszawa)",-0.05604037078143282
L-ANG→R-SUP,DMN→CEN,eyes open,alpha,"merged(Kraków,Warszawa)",-0.12898985532093274
R-ANG→L-ACC,DMN→SN,eyes open,alpha,"merged(Kraków,Warszawa)",-0.07520282298504513
R-ANG→R-ACC,DMN→SN,eyes open,alpha,"merged(Kraków,Warszawa)",0.028445455451241625
R-ANG→L-INS,DMN→SN,eyes open,alpha,"merged(Kraków,Warszawa)",-0.11443327109723135
R-ANG→R-INS,DMN→SN,eyes open,alpha,"merged(Kraków,Warszawa)",0.02326859255536942
R-ANG→L-IFG,DMN→DMN,eyes open,alpha,"merged(Kraków,Warszawa)",0.013467211594252779
R-ANG→R-IFG,DMN→CEN,eyes open,alpha,"merged(Kraków,Warszawa)",-0.07237388032531097
R-ANG→L-mPFC,DMN→DMN,eyes open,alpha,"merged(Kraków,Warszawa)",0.0006915986556054464
R-ANG→R-mPFC,DMN→DMN,eyes open,alpha,"merged(Kraków,Warszawa)",-0.1761397555732315
R-ANG→L-aSTG,DMN→DMN,eyes open,alpha,"merged(Kraków,Warszawa)",-0.16629414793675
R-ANG→R-aSTG,DMN→DMN,eyes open,alpha,"merged(Kraków,Warszawa)",-0.06672924475710279
R-ANG→L-PREC,DMN→DMN,eyes open,alpha,"merged(Kraków,Warszawa)",0.11985915195746999
R-ANG→R-PREC,DMN→DMN,eyes open,alpha,"merged(Kraków,Warszawa)",0.17633158901038776
R-ANG→L-ANG,DMN→DMN,eyes open,alpha,"merged(Kraków,Warszawa)",-0.05904854314403141
R-ANG→L-SFG,DMN→CEN,eyes open,alpha,"merged(Kraków,Warszawa)",-0.07745904942781
R-ANG→R-SFG,DMN→CEN,eyes open,alpha,"merged(Kraków,Warszawa)",-0.06858611765698348
R-ANG→L-pSTG,DMN→CEN,eyes open,alpha,"merged(Kraków,Warszawa)",-0.05217805603325264
R-ANG→R-pSTG,DMN→CEN,eyes open,alpha,"merged(Kraków,Warszawa)",0.09671740696700712
R-ANG→L-ITG,DMN→CEN,eyes open,alpha,"merged(Kraków,Warszawa)",-0.13340173237880057
R-ANG→R-ITG,DMN→CEN,eyes open,alpha,"merged(Kraków,Warszawa)",0.04559859041860271
R-ANG→L-SUP,DMN→CEN,eyes open,alpha,"merged(Kraków,Warszawa)",-0.11698348883539011
R-ANG→R-SUP,DMN→CEN,eyes open,alpha,"merged(Kraków,Warszawa)",0.1264460314121641
L-SFG→L-ACC,CEN→SN,eyes open,alpha,"merged(Kraków,Warszawa)",0.11724058504797653
L-SFG→R-ACC,CEN→SN,eyes open,alpha,"merged(Kraków,Warszawa)",0.0914818504783086
L-SFG→L-INS,CEN→SN,eyes open,alpha,"merged(Kraków,Warszawa)",-0.05854416007276512
L-SFG→R-INS,CEN→SN,eyes open,alpha,"merged(Kraków,Warszawa)",-0.006089951110880712
L-SFG→L-IFG,CEN→DMN,eyes open,alpha,"merged(Kraków,Warszawa)",-0.2082854965875696
L-SFG→R-IFG,CEN→CEN,eyes open,alpha,"merged(Kraków,Warszawa)",-0.019831134201073384
L-SFG→L-mPFC,CEN→DMN,eyes open,alpha,"merged(Kraków,Warszawa)",-0.10568385334393891
L-SFG→R-mPFC,CEN→DMN,eyes open,alpha,"merged(Kraków,Warszawa)",0.02235619974583323
L-SFG→L-aSTG,CEN→DMN,eyes open,alpha,"merged(Kraków,Warszawa)",-0.06353645792661941
L-SFG→R-aSTG,CEN→DMN,eyes open,alpha,"merged(Kraków,Warszawa)",0.00432070890230616
L-SFG→L-PREC,CEN→DMN,eyes open,alpha,"merged(Kraków,Warszawa)",0.1882564298206434
L-SFG→R-PREC,CEN→DMN,eyes open,alpha,"merged(Kraków,Warszawa)",-0.00610583264562581
L-SFG→L-ANG,CEN→DMN,eyes open,alpha,"merged(Kraków,Warszawa)",0.0
L-SFG→R-ANG,CEN→DMN,eyes open,alpha,"merged(Kraków,Warszawa)",0.08933817705425585
L-SFG→R-SFG,CEN→CEN,eyes open,alpha,"merged(Kraków,Warszawa)",-0.09181491600142741
L-SFG→L-pSTG,CEN→CEN,eyes open,alpha,"merged(Kraków,Warszawa)",-0.015315346661268157
L-SFG→R-pSTG,CEN→CEN,eyes open,alpha,"merged(Kraków,Warszawa)",-0.0745206658194441
L-SFG→L-ITG,CEN→CEN,eyes open,alpha,"merged(Kraków,Warszawa)",-0.09119509983320144
L-SFG→R-ITG,CEN→CEN,eyes open,alpha,"merged(Kraków,Warszawa)",0.023706292499958054
L-SFG→L-SUP,CEN→CEN,eyes open,alpha,"merged(Kraków,Warszawa)",-0.06850805270875739
L-SFG→R-SUP,CEN→CEN,eyes open,alpha,"merged(Kraków,Warszawa)",-0.010269652534366916
R-SFG→L-ACC,CEN→SN,eyes open,alpha,"merged(Kraków,Warszawa)",0.07278732689269608
R-SFG→R-ACC,CEN→SN,eyes open,alpha,"merged(Kraków,Warszawa)",0.20240859396188088
R-SFG→L-INS,CEN→SN,eyes open,alpha,"merged(Kraków,Warszawa)",0.14377892153445754
R-SFG→R-INS,CEN→SN,eyes open,alpha,"merged(Kraków,Warszawa)",0.07538425346099367
R-SFG→L-IFG,CEN→DMN,eyes open,alpha,"merged(Kraków,Warszawa)",0.038886380120755445
R-SFG→R-IFG,CEN→CEN,eyes open,alpha,"merged(Kraków,Warszawa)",-0.0029912600092888804
R-SFG→L-mPFC,CEN→DMN,eyes open,alpha,"merged(Kraków,Warszawa)",0.002029983703626904
R-SFG→R-mPFC,CEN→DMN,eyes open,alpha,"merged(Kraków,Warszawa)",0.1601180465123703
R-SFG→L-aSTG,CEN→DMN,eyes open,alpha,"merged(Kraków,Warszawa)",-0.0028204354612568995
R-SFG→R-aSTG,CEN→DMN,eyes open,alpha,"merged(Kraków,Warszawa)",0.2089874977768744
R-SFG→L-PREC,CEN→DMN,eyes open,alpha,"merged(Kraków,Warszawa)",0.10636425839165735
R-SFG→R-PREC,CEN→DMN,eyes open,alpha,"merged(Kraków,Warszawa)",0.16392656411403303
R-SFG→L-ANG,CEN→DMN,eyes open,alpha,"merged(Kraków,Warszawa)",0.16746291103128635
R-SFG→R-ANG,CEN→DMN,eyes open,alpha,"merged(Kraków,Warszawa)",-0.013752724816303654
R-SFG→L-SFG,CEN→CEN,eyes open,alpha,"merged(Kraków,Warszawa)",-0.004489070531417593
R-SFG→L-pSTG,CEN→CEN,eyes open,alpha,"merged(Kraków,Warszawa)",0.23071877799696044
R-SFG→R-pSTG,CEN→CEN,eyes open,alpha,"merged(Kraków,Warszawa)",0.14058922043657737
R-SFG→L-ITG,CEN→CEN,eyes open,alpha,"merged(Kraków,Warszawa)",-0.024064163956289953
R-SFG→R-ITG,CEN→CEN,eyes open,alpha,"merged(Kraków,Warszawa)",0.0939769529114083
R-SFG→L-SUP,CEN→CEN,eyes open,alpha,"merged(Kraków,Warszawa)",-0.08887286067888443
R-SFG→R-SUP,CEN→CEN,eyes open,alpha,"merged(Kraków,Warszawa)",0.10720370950505687
L-pSTG→L-ACC,CEN→SN,eyes open,alpha,"merged(Kraków,Warszawa)",0.058939072057196694
L-pSTG→R-ACC,CEN→SN,eyes open,alpha,"merged(Kraków,Warszawa)",0.2696437252050366
L-pSTG→L-INS,CEN→SN,eyes open,alpha,"merged(Kraków,Warszawa)",0.05145165455240164
L-pSTG→R-INS,CEN→SN,eyes open,alpha,"merged(Kraków,Warszawa)",0.23577015105720578
L-pSTG→L-IFG,CEN→DMN,eyes open,alpha,"merged(Kraków,Warszawa)",0.1250603214788801
L-pSTG→R-IFG,CEN→CEN,eyes open,alpha,"merged(Kraków,Warszawa)",0.033108534576053804
L-pSTG→L-mPFC,CEN→DMN,eyes open,alpha,"merged(Kraków,Warszawa)",0.0945556185173947
L-pSTG→R-mPFC,CEN→DMN,eyes open,alpha,"merged(Kraków,Warszawa)",0.24091155622044705
L-pSTG→L-aSTG,CEN→DMN,eyes open,alpha,"merged(Kraków,Warszawa)",-0.02608902801662632
L-pSTG→R-aSTG,CEN→DMN,eyes open,alpha,"merged(Kraków,Warszawa)",0.03977562375520602
L-pSTG→L-PREC,CEN→DMN,eyes open,alpha,"merged(Kraków,Warszawa)",0.0734486451891607
L-pSTG→R-PREC,CEN→DMN,eyes open,alpha,"merged(Kraków,Warszawa)",0.11070209185433331
L-pSTG→L-ANG,CEN→DMN,eyes open,alpha,"merged(Kraków,Warszawa)",0.1034901233739153
L-pSTG→R-ANG,CEN→DMN,eyes open,alpha,"merged(Kraków,Warszawa)",0.1100328991998304
L-pSTG→L-SFG,CEN→CEN,eyes open,alpha,"merged(Kraków,Warszawa)",-0.11972129165833192
L-pSTG→R-SFG,CEN→CEN,eyes open,alpha,"merged(Kraków,Warszawa)",-0.04776916128636663
L-pSTG→R-pSTG,CEN→CEN,eyes open,alpha,"merged(Kraków,Warszawa)",0.006736708114275331
L-pSTG→L-ITG,CEN→CEN,eyes open,alpha,"merged(Kraków,Warszawa)",0.06891667039610799
L-pSTG→R-ITG,CEN→CEN,eyes open,alpha,"merged(Kraków,Warszawa)",0.18836348122513533
L-pSTG→L-SUP,CEN→CEN,eyes open,alpha,"merged(Kraków,Warszawa)",-0.03457993278027232
L-pSTG→R-SUP,CEN→CEN,eyes open,alpha,"merged(Kraków,Warszawa)",0.09088233404214448
R-pSTG→L-ACC,CEN→SN,eyes open,alpha,"merged(Kraków,Warszawa)",0.04885724681838504
R-pSTG→R-ACC,CEN→SN,eyes open,alpha,"merged(Kraków,Warszawa)",0.059929575978734995
R-pSTG→L-INS,CEN→SN,eyes open,alpha,"merged(Kraków,Warszawa)",-0.006841312070551783
R-pSTG→R-INS,CEN→SN,eyes open,alpha,"merged(Kraków,Warszawa)",-0.05277957629429951
R-pSTG→L-IFG,CEN→DMN,eyes open,alpha,"merged(Kraków,Warszawa)",0.027970362541909616
R-pSTG→R-IFG,CEN→CEN,eyes open,alpha,"merged(Kraków,Warszawa)",0.08417196701078446
R-pSTG→L-mPFC,CEN→DMN,eyes open,alpha,"merged(Kraków,Warszawa)",-0.09412424149530864
R-pSTG→R-mPFC,CEN→DMN,eyes open,alpha,"merged(Kraków,Warszawa)",0.05758415086047952
R-pSTG→L-aSTG,CEN→DMN,eyes open,alpha,"merged(Kraków,Warszawa)",0.0003453131178013533
R-pSTG→R-aSTG,CEN→DMN,eyes open,alpha,"merged(Kraków,Warszawa)",0.1894651456718444
R-pSTG→L-PREC,CEN→DMN,eyes open,alpha,"merged(Kraków,Warszawa)",0.18158627163142763
R-pSTG→R-PREC,CEN→DMN,eyes open,alpha,"merged(Kraków,Warszawa)",0.17748917748917747
R-pSTG→L-ANG,CEN→DMN,eyes open,alpha,"merged(Kraków,Warszawa)",0.1379303226505428
R-pSTG→R-ANG,CEN→DMN,eyes open,alpha,"merged(Kraków,Warszawa)",0.24952201852156503
R-pSTG→L-SFG,CEN→CEN,eyes open,alpha,"merged(Kraków,Warszawa)",0.0567742408110422
R-pSTG→R-SFG,CEN→CEN,eyes open,alpha,"merged(Kraków,Warszawa)",-0.03126176862792804
R-pSTG→L-pSTG,CEN→CEN,eyes open,alpha,"merged(Kraków,Warszawa)",-0.11864879843244447
R-pSTG→L-ITG,CEN→CEN,eyes open,alpha,"merged(Kraków,Warszawa)",0.09858985851536023
R-pSTG→R-ITG,CEN→CEN,eyes open,alpha,"merged(Kraków,Warszawa)",0.13808345295562208
R-pSTG→L-SUP,CEN→CEN,eyes open,alpha,"merged(Kraków,Warszawa)",0.014311507381623382
R-pSTG→R-SUP,CEN→CEN,eyes open,alpha,"merged(Kraków,Warszawa)",-0.07424232032729096
L-ITG→L-ACC,CEN→SN,eyes open,alpha,"merged(Kraków,Warszawa)",0.1417268819281592
L-ITG→R-ACC,CEN→SN,eyes open,alpha,"merged(Kraków,Warszawa)",0.09851445688027206
L-ITG→L-INS,CEN→SN,eyes open,alpha,"merged(Kraków,Warszawa)",0.141253944883086
L-ITG→R-INS,CEN→SN,eyes open,alpha,"merged(Kraków,Warszawa)",0.19319982909609762
L-ITG→L-IFG,CEN→DMN,eyes open,alpha,"merged(Kraków,Warszawa)",0.0945609168519992
L-ITG→R-IFG,CEN→CEN,eyes open,alpha,"merged(Kraków,Warszawa)",-0.01760944452394337
L-ITG→L-mPFC,CEN→DMN,eyes open,alpha,"merged(Kraków,Warszawa)",0.07195578047465913
L-ITG→R-mPFC,CEN→DMN,eyes open,alpha,"merged(Kraków,Warszawa)",0.15653416809975793
L-ITG→L-aSTG,CEN→DMN,eyes open,alpha,"merged(Kraków,Warszawa)",0.026794136881940545
L-ITG→R-aSTG,CEN→DMN,eyes open,alpha,"merged(Kraków,Warszawa)",0.04284821770503485
L-ITG→L-PREC,CEN→DMN,eyes open,alpha,"merged(Kraków,Warszawa)",0.239413511719145
L-ITG→R-PREC,CEN→DMN,eyes open,alpha,"merged(Kraków,Warszawa)",0.10808300587182358
L-ITG→L-ANG,CEN→DMN,eyes open,alpha,"merged(Kraków,Warszawa)",0.31349709235056744
L-ITG→R-ANG,CEN→DMN,eyes open,alpha,"merged(Kraków,Warszawa)",0.1479011893481724
L-ITG→L-SFG,CEN→CEN,eyes open,alpha,"merged(Kraków,Warszawa)",-0.15943542537118283
L-ITG→R-SFG,CEN→CEN,eyes open,alpha,"merged(Kraków,Warszawa)",-0.10246733906988363
L-ITG→L-pSTG,CEN→CEN,eyes open,alpha,"merged(Kraków,Warszawa)",-0.014157837829855486
L-ITG→R-pSTG,CEN→CEN,eyes open,alpha,"merged(Kraków,Warszawa)",0.1332655755443885
L-ITG→R-ITG,CEN→CEN,eyes open,alpha,"merged(Kraków,Warszawa)",0.2359307359307359
L-ITG→L-SUP,CEN→CEN,eyes open,alpha,"merged(Kraków,Warszawa)",0.17656714615659116
L-ITG→R-SUP,CEN→CEN,eyes open,alpha,"merged(Kraków,Warszawa)",0.26623376623376627
R-ITG→L-ACC,CEN→SN,eyes open,alpha,"merged(Kraków,Warszawa)",0.3236215659212893
R-ITG→R-ACC,CEN→SN,eyes open,alpha,"merged(Kraków,Warszawa)",0.3208245337179723
R-ITG→L-INS,CEN→SN,eyes open,alpha,"merged(Kraków,Warszawa)",0.17588027732889616
R-ITG→R-INS,CEN→SN,eyes open,alpha,"merged(Kraków,Warszawa)",0.08874071360890344
R-ITG→L-IFG,CEN→DMN,eyes open,alpha,"merged(Kraków,Warszawa)",0.17183126942248345
R-ITG→R-IFG,CEN→CEN,eyes open,alpha,"merged(Kraków,Warszawa)",0.1963426665261294
R-ITG→L-mPFC,CEN→DMN,eyes open,alpha,"merged(Kraków,Warszawa)",0.15599917028153132
R-ITG→R-mPFC,CEN→DMN,eyes open,alpha,"merged(Kraków,Warszawa)",0.2095886274092035
R-ITG→L-aSTG,CEN→DMN,eyes open,alpha,"merged(Kraków,Warszawa)",0.05532789244843571
R-ITG→R-aSTG,CEN→DMN,eyes open,alpha,"merged(Kraków,Warszawa)",0.10622037162172504
R-ITG→L-PREC,CEN→DMN,eyes open,alpha,"merged(Kraków,Warszawa)",0.28179041650285797
R-ITG→R-PREC,CEN→DMN,eyes open,alpha,"merged(Kraków,Warszawa)",0.1784176022477018
R-ITG→L-ANG,CEN→DMN,eyes open,alpha,"merged(Kraków,Warszawa)",0.2120451672862364
R-ITG→R-ANG,CEN→DMN,eyes open,alpha,"merged(Kraków,Warszawa)",0.23903190534152222
R-ITG→L-SFG,CEN→CEN,eyes open,alpha,"merged(Kraków,Warszawa)",0.12949241917550747
R-ITG→R-SFG,CEN→CEN,eyes open,alpha,"merged(Kraków,Warszawa)",0.11516830172095904
R-ITG→L-pSTG,CEN→CEN,eyes open,alpha,"merged(Kraków,Warszawa)",0.09571759777237221
R-ITG→R-pSTG,CEN→CEN,eyes open,alpha,"merged(Kraków,Warszawa)",0.2823727244859259
R-ITG→L-ITG,CEN→CEN,eyes open,alpha,"merged(Kraków,Warszawa)",0.08728929925595688
R-ITG→L-SUP,CEN→CEN,eyes open,alpha,"merged(Kraków,Warszawa)",-0.015009669341587175
R-ITG→R-SUP,CEN→CEN,eyes open,alpha,"merged(Kraków,Warszawa)",0.2467874478355799
L-SUP→L-ACC,CEN→SN,eyes open,alpha,"merged(Kraków,Warszawa)",-0.008969144025739327
L-SUP→R-ACC,CEN→SN,eyes open,alpha,"merged(Kraków,Warszawa)",-0.07424232032729096
L-SUP→L-INS,CEN→SN,eyes open,alpha,"merged(Kraków,Warszawa)",0.05014506950847189
L-SUP→R-INS,CEN→SN,eyes open,alpha,"merged(Kraków,Warszawa)",-0.053519387270328025
L-SUP→L-IFG,CEN→DMN,eyes open,alpha,"merged(Kraków,Warszawa)",-0.021440741901011376
L-SUP→R-IFG,CEN→CEN,eyes open,alpha,"merged(Kraków,Warszawa)",-0.2828751194803669
L-SUP→L-mPFC,CEN→DMN,eyes open,alpha,"merged(Kraków,Warszawa)",0.058196299445602305
L-SUP→R-mPFC,CEN→DMN,eyes open,alpha,"merged(Kraków,Warszawa)",0.007967832116382943
L-SUP→L-aSTG,CEN→DMN,eyes open,alpha,"merged(Kraków,Warszawa)",-0.05797111807151774
L-SUP→R-aSTG,CEN→DMN,eyes open,alpha,"merged(Kraków,Warszawa)",-0.03708452026275635
L-SUP→L-PREC,CEN→DMN,eyes open,alpha,"merged(Kraków,Warszawa)",0.19276524575391327
L-SUP→R-PREC,CEN→DMN,eyes open,alpha,"merged(Kraków,Warszawa)",0.02395273996186784
L-SUP→L-ANG,CEN→DMN,eyes open,alpha,"merged(Kraków,Warszawa)",0.014689729037832137
L-SUP→R-ANG,CEN→DMN,eyes open,alpha,"merged(Kraków,Warszawa)",0.09057129798081277
L-SUP→L-SFG,CEN→CEN,eyes open,alpha,"merged(Kraków,Warszawa)",-0.23044081335586222
L-SUP→R-SFG,CEN→CEN,eyes open,alpha,"merged(Kraków,Warszawa)",-0.19736173085686778
L-SUP→L-pSTG,CEN→CEN,eyes open,alpha,"merged(Kraków,Warszawa)",-0.06980577766610827
L-SUP→R-pSTG,CEN→CEN,eyes open,alpha,"merged(Kraków,Warszawa)",-0.13729689700939432
L-SUP→L-ITG,CEN→CEN,eyes open,alpha,"merged(Kraków,Warszawa)",0.058840734339671
L-SUP→R-ITG,CEN→CEN,eyes open,alpha,"merged(Kraków,Warszawa)",-0.04661727090318269
L-SUP→R-SUP,CEN→CEN,eyes open,alpha,"merged(Kraków,Warszawa)",0.047741619372954444
R-SUP→L-ACC,CEN→SN,eyes open,alpha,"merged(Kraków,Warszawa)",0.1327869418762457
R-SUP→R-ACC,CEN→SN,eyes open,alpha,"merged(Kraków,Warszawa)",0.06910066880079403
R-SUP→L-INS,CEN→SN,eyes open,alpha,"merged(Kraków,Warszawa)",0.06780178412413101
R-SUP→R-INS,CEN→SN,eyes open,alpha,"merged(Kraków,Warszawa)",0.02503646567806515
R-SUP→L-IFG,CEN→DMN,eyes open,alpha,"merged(Kraków,Warszawa)",-0.12167518847329141
R-SUP→R-IFG,CEN→CEN,eyes open,alpha,"merged(Kraków,Warszawa)",-0.023729759686488893
R-SUP→L-mPFC,CEN→DMN,eyes open,alpha,"merged(Kraków,Warszawa)",-0.0568853921888944
R-SUP→R-mPFC,CEN→DMN,eyes open,alpha,"merged(Kraków,Warszawa)",0.07437333390685591
R-SUP→L-aSTG,CEN→DMN,eyes open,alpha,"merged(Kraków,Warszawa)",0.019571929975488397
R-SUP→R-aSTG,CEN→DMN,eyes open,alpha,"merged(Kraków,Warszawa)",-0.007909919895496298
R-SUP→L-PREC,CEN→DMN,eyes open,alpha,"merged(Kraków,Warszawa)",0.16651347385041432
R-SUP→R-PREC,CEN→DMN,eyes open,alpha,"merged(Kraków,Warszawa)",0.014725831674744599
R-SUP→L-ANG,CEN→DMN,eyes open,alpha,"merged(Kraków,Warszawa)",0.07605822404203186
R-SUP→R-ANG,CEN→DMN,eyes open,alpha,"merged(Kraków,Warszawa)",0.19178961136546918
R-SUP→L-SFG,CEN→CEN,eyes open,alpha,"merged(Kraków,Warszawa)",-0.06910098103257543
R-SUP→R-SFG,CEN→CEN,eyes open,alpha,"merged(Kraków,Warszawa)",-0.08655915691740118
R-SUP→L-pSTG,CEN→CEN,eyes open,alpha,"merged(Kraków,Warszawa)",0.04661372658534007
R-SUP→R-pSTG,CEN→CEN,eyes open,alpha,"merged(Kraków,Warszawa)",-0.08072229623165394
R-SUP→L-ITG,CEN→CEN,eyes open,alpha,"merged(Kraków,Warszawa)",0.0426105804484827
R-SUP→R-ITG,CEN→CEN,eyes open,alpha,"merged(Kraków,Warszawa)",0.036437489596279786
R-SUP→L-SUP,CEN→CEN,eyes open,alpha,"merged(Kraków,Warszawa)",-0.04782343883207772
L-ACC→R-ACC,SN→SN,eyes open,beta,"merged(Kraków,Warszawa)",0.12051056039202145
L-ACC→L-INS,SN→SN,eyes open,beta,"merged(Kraków,Warszawa)",0.002074795966816339
L-ACC→R-INS,SN→SN,eyes open,beta,"merged(Kraków,Warszawa)",-0.10996313824591578
L-ACC→L-IFG,SN→DMN,eyes open,beta,"merged(Kraków,Warszawa)",-0.03448548122505051
L-ACC→R-IFG,SN→CEN,eyes open,beta,"merged(Kraków,Warszawa)",-0.03250513681345598
L-ACC→L-mPFC,SN→DMN,eyes open,beta,"merged(Kraków,Warszawa)",-0.23655264278529312
L-ACC→R-mPFC,SN→DMN,eyes open,beta,"merged(Kraków,Warszawa)",-0.031863660312823415
L-ACC→L-aSTG,SN→DMN,eyes open,beta,"merged(Kraków,Warszawa)",-0.07876984691127385
L-ACC→R-aSTG,SN→DMN,eyes open,beta,"merged(Kraków,Warszawa)",-0.05576140554744098
L-ACC→L-PREC,SN→DMN,eyes open,beta,"merged(Kraków,Warszawa)",0.24007424594145127
L-ACC→R-PREC,SN→DMN,eyes open,beta,"merged(Kraków,Warszawa)",0.0098976391744985
L-ACC→L-ANG,SN→DMN,eyes open,beta,"merged(Kraków,Warszawa)",-0.03997017530315638
L-ACC→R-ANG,SN→DMN,eyes open,beta,"merged(Kraków,Warszawa)",0.07111134557760784
L-ACC→L-SFG,SN→CEN,eyes open,beta,"merged(Kraków,Warszawa)",-0.007033271084315859
L-ACC→R-SFG,SN→CEN,eyes open,beta,"merged(Kraków,Warszawa)",-0.11015488457863169
L-ACC→L-pSTG,SN→CEN,eyes open,beta,"merged(Kraków,Warszawa)",-0.10512299565202785
L-ACC→R-pSTG,SN→CEN,eyes open,beta,"merged(Kraków,Warszawa)",-0.04450505438286789
L-ACC→L-ITG,SN→CEN,eyes open,beta,"merged(Kraków,Warszawa)",-0.10498620952204177
L-ACC→R-ITG,SN→CEN,eyes open,beta,"merged(Kraków,Warszawa)",-0.11512679192013378
L-ACC→L-SUP,SN→CEN,eyes open,beta,"merged(Kraków,Warszawa)",0.077772777116971
L-ACC→R-SUP,SN→CEN,eyes open,beta,"merged(Kraków,Warszawa)",0.025974025974025976
R-ACC→L-ACC,SN→SN,eyes open,beta,"merged(Kraków,Warszawa)",0.06268317518713787
R-ACC→L-INS,SN→SN,eyes open,beta,"merged(Kraków,Warszawa)",0.16505660945995215
R-ACC→R-INS,SN→SN,eyes open,beta,"merged(Kraków,Warszawa)",-0.05941139429689706
R-ACC→L-IFG,SN→DMN,eyes open,beta,"merged(Kraków,Warszawa)",-0.015311180047019056
R-ACC→R-IFG,SN→CEN,eyes open,beta,"merged(Kraków,Warszawa)",0.1259652826133873
R-ACC→L-mPFC,SN→DMN,eyes open,beta,"merged(Kraków,Warszawa)",0.04335747829494929
R-ACC→R-mPFC,SN→DMN,eyes open,beta,"merged(Kraków,Warszawa)",-0.021001278549116063
R-ACC→L-aSTG,SN→DMN,eyes open,beta,"merged(Kraków,Warszawa)",0.015268003899894555
R-ACC→R-aSTG,SN→DMN,eyes open,beta,"merged(Kraków,Warszawa)",-0.005310610052137236
R-ACC→L-PREC,SN→DMN,eyes open,beta,"merged(Kraków,Warszawa)",0.08057721039328188
R-ACC→R-PREC,SN→DMN,eyes open,beta,"merged(Kraków,Warszawa)",0.19848881415876313
R-ACC→L-ANG,SN→DMN,eyes open,beta,"merged(Kraków,Warszawa)",0.07538425346099367
R-ACC→R-ANG,SN→DMN,eyes open,beta,"merged(Kraków,Warszawa)",0.011065578489687143
R-ACC→L-SFG,SN→CEN,eyes open,beta,"merged(Kraków,Warszawa)",-0.10654029449384092
R-ACC→R-SFG,SN→CEN,eyes open,beta,"merged(Kraków,Warszawa)",0.1744483404027121
R-ACC→L-pSTG,SN→CEN,eyes open,beta,"merged(Kraków,Warszawa)",0.09459766154819392
R-ACC→R-pSTG,SN→CEN,eyes open,beta,"merged(Kraków,Warszawa)",-0.06572749259703077
R-ACC→L-ITG,SN→CEN,eyes open,beta,"merged(Kraków,Warszawa)",0.14510782970696678
R-ACC→R-ITG,SN→CEN,eyes open,beta,"merged(Kraków,Warszawa)",-0.02777588453270189
R-ACC→L-SUP,SN→CEN,eyes open,beta,"merged(Kraków,Warszawa)",-0.07075582536401674
R-ACC→R-SUP,SN→CEN,eyes open,beta,"merged(Kraków,Warszawa)",0.05697942814350538
L-INS→L-ACC,SN→SN,eyes open,beta,"merged(Kraków,Warszawa)",0.02410211207840429
L-INS→R-ACC,SN→SN,eyes open,beta,"merged(Kraków,Warszawa)",0.08741126471588616
L-INS→R-INS,SN→SN,eyes open,beta,"merged(Kraków,Warszawa)",-0.0076471911290187265
L-INS→L-IFG,SN→DMN,eyes open,beta,"merged(Kraków,Warszawa)",0.05927816754418353
L-INS→R-IFG,SN→CEN,eyes open,beta,"merged(Kraków,Warszawa)",0.005413289876338411
L-INS→L-mPFC,SN→DMN,eyes open,beta,"merged(Kraków,Warszawa)",-0.022988416418472588
L-INS→R-mPFC,SN→DMN,eyes open,beta,"merged(Kraków,Warszawa)",0.09484448377020158
L-INS→L-aSTG,SN→DMN,eyes open,beta,"merged(Kraków,Warszawa)",-0.05708905806047529
L-INS→R-aSTG,SN→DMN,eyes open,beta,"merged(Kraków,Warszawa)",0.07605822404203186
L-INS→L-PREC,SN→DMN,eyes open,beta,"merged(Kraków,Warszawa)",0.0961384380440698
L-INS→R-PREC,SN→DMN,eyes open,beta,"merged(Kraków,Warszawa)",-0.02145588061115916
L-INS→L-ANG,SN→DMN,eyes open,beta,"merged(Kraków,Warszawa)",0.07486446997039466
L-INS→R-ANG,SN→DMN,eyes open,beta,"merged(Kraków,Warszawa)",0.17313000573607482
L-INS→L-SFG,SN→CEN,eyes open,beta,"merged(Kraków,Warszawa)",0.01692555925339544
L-INS→R-SFG,SN→CEN,eyes open,beta,"merged(Kraków,Warszawa)",-0.08224915740284179
L-INS→L-pSTG,SN→CEN,eyes open,beta,"merged(Kraków,Warszawa)",-0.11267885043263977
L-INS→R-pSTG,SN→CEN,eyes open,beta,"merged(Kraków,Warszawa)",-0.010410711313222796
L-INS→L-ITG,SN→CEN,eyes open,beta,"merged(Kraków,Warszawa)",-0.06399753747285351
L-INS→R-ITG,SN→CEN,eyes open,beta,"merged(Kraków,Warszawa)",-0.1361695802700751
L-INS→L-SUP,SN→CEN,eyes open,beta,"merged(Kraków,Warszawa)",-0.10691247505768361
L-INS→R-SUP,SN→CEN,eyes open,beta,"merged(Kraków,Warszawa)",0.013028168691029348
R-INS→L-ACC,SN→SN,eyes open,beta,"merged(Kraków,Warszawa)",0.03525544326571124
R-INS→R-ACC,SN→SN,eyes open,beta,"merged(Kraków,Warszawa)",0.04450881753290797
R-INS→L-INS,SN→SN,eyes open,beta,"merged(Kraków,Warszawa)",0.034509722961657364
R-INS→L-IFG,SN→DMN,eyes open,beta,"merged(Kraków,Warszawa)",-0.027465469792955947
R-INS→R-IFG,SN→CEN,eyes open,beta,"merged(Kraków,Warszawa)",-0.10445193939869873
R-INS→L-mPFC,SN→DMN,eyes open,beta,"merged(Kraków,Warszawa)",-0.01760944452394337
R-INS→R-mPFC,SN→DMN,eyes open,beta,"merged(Kraków,Warszawa)",-0.06285415958732452
R-INS→L-aSTG,SN→DMN,eyes open,beta,"merged(Kraków,Warszawa)",0.0360196978159446
R-INS→R-aSTG,SN→DMN,eyes open,beta,"merged(Kraków,Warszawa)",0.0845563318941847
R-INS→L-PREC,SN→DMN,eyes open,beta,"merged(Kraków,Warszawa)",0.16959252553841525
R-INS→R-PREC,SN→DMN,eyes open,beta,"merged(Kraków,Warszawa)",0.005974436308654391
R-INS→L-ANG,SN→DMN,eyes open,beta,"merged(Kraków,Warszawa)",0.07735251541092104
R-INS→R-ANG,SN→DMN,eyes open,beta,"merged(Kraków,Warszawa)",0.004310714959311376
R-INS→L-SFG,SN→CEN,eyes open,beta,"merged(Kraków,Warszawa)",0.08942479898333291
R-INS→R-SFG,SN→CEN,eyes open,beta,"merged(Kraków,Warszawa)",0.05587376953345928
R-INS→L-pSTG,SN→CEN,eyes open,beta,"merged(Kraków,Warszawa)",-0.08721772379850962
R-INS→R-pSTG,SN→CEN,eyes open,beta,"merged(Kraków,Warszawa)",0.018358782588792023
R-INS→L-ITG,SN→CEN,eyes open,beta,"merged(Kraków,Warszawa)",0.05767512113972183
R-INS→R-ITG,SN→CEN,eyes open,beta,"merged(Kraków,Warszawa)",0.009760041856146371
R-INS→L-SUP,SN→CEN,eyes open,beta,"merged(Kraków,Warszawa)",0.10686667324399088
R-INS→R-SUP,SN→CEN,eyes open,beta,"merged(Kraków,Warszawa)",0.05076102831679893
L-IFG→L-ACC,DMN→SN,eyes open,beta,"merged(Kraków,Warszawa)",0.120313473188599
L-IFG→R-ACC,DMN→SN,eyes open,beta,"merged(Kraków,Warszawa)",0.07169323570385269
L-IFG→L-INS,DMN→SN,eyes open,beta,"merged(Kraków,Warszawa)",0.14724119161552512
L-IFG→R-INS,DMN→SN,eyes open,beta,"merged(Kraków,Warszawa)",0.21200059968571808
L-IFG→R-IFG,DMN→CEN,eyes open,beta,"merged(Kraków,Warszawa)",0.021336611171234674
L-IFG→L-mPFC,DMN→DMN,eyes open,beta,"merged(Kraków,Warszawa)",-0.002029983703626904
L-IFG→R-mPFC,DMN→DMN,eyes open,beta,"merged(Kraków,Warszawa)",0.14799426780760916
L-IFG→L-aSTG,DMN→DMN,eyes open,beta,"merged(Kraków,Warszawa)",-0.052970143846977354
L-IFG→R-aSTG,DMN→DMN,eyes open,beta,"merged(Kraków,Warszawa)",0.07478469719378318
L-IFG→L-PREC,DMN→DMN,eyes open,beta,"merged(Kraków,Warszawa)",-0.061766929032124857
L-IFG→R-PREC,DMN→DMN,eyes open,beta,"merged(Kraków,Warszawa)",0.05961653265555528
L-IFG→L-ANG,DMN→DMN,eyes open,beta,"merged(Kraków,Warszawa)",-0.13518772185030037
L-IFG→R-ANG,DMN→DMN,eyes open,beta,"merged(Kraków,Warszawa)",0.12020499671376196
L-IFG→L-SFG,DMN→CEN,eyes open,beta,"merged(Kraków,Warszawa)",-0.023973701420683648
L-IFG→R-SFG,DMN→CEN,eyes open,beta,"merged(Kraków,Warszawa)",-0.07745904942781
L-IFG→L-pSTG,DMN→CEN,eyes open,beta,"merged(Kraków,Warszawa)",-0.12530260388187775
L-IFG→R-pSTG,DMN→CEN,eyes open,beta,"merged(Kraków,Warszawa)",-0.03005124917844049
L-IFG→L-ITG,DMN→CEN,eyes open,beta,"merged(Kraków,Warszawa)",-0.018011603209904612
L-IFG→R-ITG,DMN→CEN,eyes open,beta,"merged(Kraków,Warszawa)",0.03849146228512718
L-IFG→L-SUP,DMN→CEN,eyes open,beta,"merged(Kraków,Warszawa)",0.038363296823541046
L-IFG→R-SUP,DMN→CEN,eyes open,beta,"merged(Kraków,Warszawa)",-0.05933433740104478
R-IFG→L-ACC,CEN→SN,eyes open,beta,"merged(Kraków,Warszawa)",0.0560392944710479
R-IFG→R-ACC,CEN→SN,eyes open,beta,"merged(Kraków,Warszawa)",0.21576331278615282
R-IFG→L-INS,CEN→SN,eyes open,beta,"merged(Kraków,Warszawa)",0.19191919191919193
R-IFG→R-INS,CEN→SN,eyes open,beta,"merged(Kraków,Warszawa)",0.03518638419619967
R-IFG→L-IFG,CEN→DMN,eyes open,beta,"merged(Kraków,Warszawa)",0.09988269561696625
R-IFG→L-mPFC,CEN→DMN,eyes open,beta,"merged(Kraków,Warszawa)",0.01314037445650348
R-IFG→R-mPFC,CEN→DMN,eyes open,beta,"merged(Kraków,Warszawa)",0.06842352043421686
R-IFG→L-aSTG,CEN→DMN,eyes open,beta,"merged(Kraków,Warszawa)",-0.0876250658602644
R-IFG→R-aSTG,CEN→DMN,eyes open,beta,"merged(Kraków,Warszawa)",0.033221830162124835
R-IFG→L-PREC,CEN→DMN,eyes open,beta,"merged(Kraków,Warszawa)",0.11182075743410967
R-IFG→R-PREC,CEN→DMN,eyes open,beta,"merged(Kraków,Warszawa)",0.0836940836940837
R-IFG→L-ANG,CEN→DMN,eyes open,beta,"merged(Kraków,Warszawa)",0.17072007078636284
R-IFG→R-ANG,CEN→DMN,eyes open,beta,"merged(Kraków,Warszawa)",0.1035739410936833
R-IFG→L-SFG,CEN→CEN,eyes open,beta,"merged(Kraków,Warszawa)",0.004064763590151496
R-IFG→R-SFG,CEN→CEN,eyes open,beta,"merged(Kraków,Warszawa)",0.05376992677788952
R-IFG→L-pSTG,CEN→CEN,eyes open,beta,"merged(Kraków,Warszawa)",-0.050643356288639745
R-IFG→R-pSTG,CEN→CEN,eyes open,beta,"merged(Kraków,Warszawa)",0.03280474619112856
R-IFG→L-ITG,CEN→CEN,eyes open,beta,"merged(Kraków,Warszawa)",-0.021712986782012923
R-IFG→R-ITG,CEN→CEN,eyes open,beta,"merged(Kraków,Warszawa)",-0.18674213418093388
R-IFG→L-SUP,CEN→CEN,eyes open,beta,"merged(Kraków,Warszawa)",-0.17921469426155207
R-IFG→R-SUP,CEN→CEN,eyes open,beta,"merged(Kraków,Warszawa)",-0.049357482310249966
L-mPFC→L-ACC,DMN→SN,eyes open,beta,"merged(Kraków,Warszawa)",0.026838206215801862
L-mPFC→R-ACC,DMN→SN,eyes open,beta,"merged(Kraków,Warszawa)",-0.0357598010185986
L-mPFC→L-INS,DMN→SN,eyes open,beta,"merged(Kraków,Warszawa)",0.3390623545806253
L-mPFC→R-INS,DMN→SN,eyes open,beta,"merged(Kraków,Warszawa)",-0.006097145385227244
L-mPFC→L-IFG,DMN→DMN,eyes open,beta,"merged(Kraków,Warszawa)",-0.08624176947826276
L-mPFC→R-IFG,DMN→CEN,eyes open,beta,"merged(Kraków,Warszawa)",-0.12158332346323525
L-mPFC→R-mPFC,DMN→DMN,eyes open,beta,"merged(Kraków,Warszawa)",0.18221283694023296
L-mPFC→L-aSTG,DMN→DMN,eyes open,beta,"merged(Kraków,Warszawa)",-0.019788895315628236
L-mPFC→R-aSTG,DMN→DMN,eyes open,beta,"merged(Kraków,Warszawa)",-0.10915894452453366
L-mPFC→L-PREC,DMN→DMN,eyes open,beta,"merged(Kraków,Warszawa)",0.16119567827834522
L-mPFC→R-PREC,DMN→DMN,eyes open,beta,"merged(Kraków,Warszawa)",0.05080985789501445
L-mPFC→L-ANG,DMN→DMN,eyes open,beta,"merged(Kraków,Warszawa)",0.15248758197523513
L-mPFC→R-ANG,DMN→DMN,eyes open,beta,"merged(Kraków,Warszawa)",0.3221859477915444
L-mPFC→L-SFG,DMN→CEN,eyes open,beta,"merged(Kraków,Warszawa)",-0.10006722440982184
L-mPFC→R-SFG,DMN→CEN,eyes open,beta,"merged(Kraków,Warszawa)",-0.09260705583459883
L-mPFC→L-pSTG,DMN→CEN,eyes open,beta,"merged(Kraków,Warszawa)",-0.04996037249228864
L-mPFC→R-pSTG,DMN→CEN,eyes open,beta,"merged(Kraków,Warszawa)",0.07328133038929362
L-mPFC→L-ITG,DMN→CEN,eyes open,beta,"merged(Kraków,Warszawa)",-0.06845222421421014
L-mPFC→R-ITG,DMN→CEN,eyes open,beta,"merged(Kraków,Warszawa)",0.005870323002623005
L-mPFC→L-SUP,DMN→CEN,eyes open,beta,"merged(Kraków,Warszawa)",-0.05066403971048989
L-mPFC→R-SUP,DMN→CEN,eyes open,beta,"merged(Kraków,Warszawa)",-0.007077961142329002
R-mPFC→L-ACC,DMN→SN,eyes open,beta,"merged(Kraków,Warszawa)",0.04426231395874857
R-mPFC→R-ACC,DMN→SN,eyes open,beta,"merged(Kraków,Warszawa)",-0.033776026473659924
R-mPFC→L-INS,DMN→SN,eyes open,beta,"merged(Kraków,Warszawa)",0.10521156543057099
R-mPFC→R-INS,DMN→SN,eyes open,beta,"merged(Kraków,Warszawa)",-0.023795652836130075
R-mPFC→L-IFG,DMN→DMN,eyes open,beta,"merged(Kraków,Warszawa)",0.18869414255216316
R-mPFC→R-IFG,DMN→CEN,eyes open,beta,"merged(Kraków,Warszawa)",-0.04284821770503485
R-mPFC→L-mPFC,DMN→DMN,eyes open,beta,"merged(Kraków,Warszawa)",-0.10012744285207609
R-mPFC→L-aSTG,DMN→DMN,eyes open,beta,"merged(Kraków,Warszawa)",-0.06013153240958672
R-mPFC→R-aSTG,DMN→DMN,eyes open,beta,"merged(Kraków,Warszawa)",0.02520785759949879
R-mPFC→L-PREC,DMN→DMN,eyes open,beta,"merged(Kraków,Warszawa)",-0.001327652513034309
R-mPFC→R-PREC,DMN→DMN,eyes open,beta,"merged(Kraków,Warszawa)",0.06774605983585827
R-mPFC→L-ANG,DMN→DMN,eyes open,beta,"merged(Kraków,Warszawa)",-0.010704706651841952
R-mPFC→R-ANG,DMN→DMN,eyes open,beta,"merged(Kraków,Warszawa)",0.01490413316388882
R-mPFC→L-SFG,DMN→CEN,eyes open,beta,"merged(Kraków,Warszawa)",-0.09207191237649852
R-mPFC→R-SFG,DMN→CEN,eyes open,beta,"merged(Kraków,Warszawa)",-0.00540103584517246
R-mPFC→L-pSTG,DMN→CEN,eyes open,beta,"merged(Kraków,Warszawa)",-0.11015488457863169
R-mPFC→R-pSTG,DMN→CEN,eyes open,beta,"merged(Kraków,Warszawa)",-0.07313302051756682
R-mPFC→L-ITG,DMN→CEN,eyes open,beta,"merged(Kraków,Warszawa)",0.1022685845793662
R-mPFC→R-ITG,DMN→CEN,eyes open,beta,"merged(Kraków,Warszawa)",-0.13203838972757465
R-mPFC→L-SUP,DMN→CEN,eyes open,beta,"merged(Kraków,Warszawa)",-0.026606094193942095
R-mPFC→R-SUP,DMN→CEN,eyes open,beta,"merged(Kraków,Warszawa)",0.010177962554068557
L-aSTG→L-ACC,DMN→SN,eyes open,beta,"merged(Kraków,Warszawa)",0.17416188973261354
L-aSTG→R-ACC,DMN→SN,eyes open,beta,"merged(Kraków,Warszawa)",0.2674991091931475
L-aSTG→L-INS,DMN→SN,eyes open,beta,"merged(Kraków,Warszawa)",0.2719455744069831
L-aSTG→R-INS,DMN→SN,eyes open,beta,"merged(Kraków,Warszawa)",0.05208180928143221
L-aSTG→L-IFG,DMN→DMN,eyes open,beta,"merged(Kraków,Warszawa)",0.031665024819056184
L-aSTG→R-IFG,DMN→CEN,eyes open,beta,"merged(Kraków,Warszawa)",0.05048670185919759
L-aSTG→L-mPFC,DMN→DMN,eyes open,beta,"merged(Kraków,Warszawa)",0.23632214732010703
L-aSTG→R-mPFC,DMN→DMN,eyes open,beta,"merged(Kraków,Warszawa)",0.027655830218422783
L-aSTG→R-aSTG,DMN→DMN,eyes open,beta,"merged(Kraków,Warszawa)",0.14525489262638658
L-aSTG→L-PREC,DMN→DMN,eyes open,beta,"merged(Kraków,Warszawa)",0.2343153673942956
L-aSTG→R-PREC,DMN→DMN,eyes open,beta,"merged(Kraków,Warszawa)",0.20665608335924066
L-aSTG→L-ANG,DMN→DMN,eyes open,beta,"merged(Kraków,Warszawa)",0.23748579292826633
L-aSTG→R-ANG,DMN→DMN,eyes open,beta,"merged(Kraków,Warszawa)",0.09805248895622624
L-aSTG→L-SFG,DMN→CEN,eyes open,beta,"merged(Kraków,Warszawa)",0.13831973112108928
L-aSTG→R-SFG,DMN→CEN,eyes open,beta,"merged(Kraków,Warszawa)",0.2584943019732495
L-aSTG→L-pSTG,DMN→CEN,eyes open,beta,"merged(Kraków,Warszawa)",0.09079313581571381
L-aSTG→R-pSTG,DMN→CEN,eyes open,beta,"merged(Kraków,Warszawa)",0.19510865232727181
L-aSTG→L-ITG,DMN→CEN,eyes open,beta,"merged(Kraków,Warszawa)",0.05421415949481247
L-aSTG→R-ITG,DMN→CEN,eyes open,beta,"merged(Kraków,Warszawa)",0.04524737121620136
L-aSTG→L-SUP,DMN→CEN,eyes open,beta,"merged(Kraków,Warszawa)",-0.0070424281520399855
L-aSTG→R-SUP,DMN→CEN,eyes open,beta,"merged(Kraków,Warszawa)",0.23165646960826106
R-aSTG→L-ACC,DMN→SN,eyes open,beta,"merged(Kraków,Warszawa)",-0.06672924475710279
R-aSTG→R-ACC,DMN→SN,eyes open,beta,"merged(Kraków,Warszawa)",0.15965671117785948
R-aSTG→L-INS,DMN→SN,eyes open,beta,"merged(Kraków,Warszawa)",0.08152799615996836
R-aSTG→R-INS,DMN→SN,eyes open,beta,"merged(Kraków,Warszawa)",-0.018237640212471207
R-aSTG→L-IFG,DMN→DMN,eyes open,beta,"merged(Kraków,Warszawa)",-0.03672432259458035
R-aSTG→R-IFG,DMN→CEN,eyes open,beta,"merged(Kraków,Warszawa)",-0.0007357452128011957
R-aSTG→L-mPFC,DMN→DMN,eyes open,beta,"merged(Kraków,Warszawa)",-0.024517231363896084
R-aSTG→R-mPFC,DMN→DMN,eyes open,beta,"merged(Kraków,Warszawa)",0.005752669014906398
R-aSTG→L-aSTG,DMN→DMN,eyes open,beta,"merged(Kraków,Warszawa)",-0.07766103170123638
R-aSTG→L-PREC,DMN→DMN,eyes open,beta,"merged(Kraków,Warszawa)",-0.07953650382589737
R-aSTG→R-PREC,DMN→DMN,eyes open,beta,"merged(Kraków,Warszawa)",0.0937794790867919
R-aSTG→L-ANG,DMN→DMN,eyes open,beta,"merged(Kraków,Warszawa)",0.050070402081196216
R-aSTG→R-ANG,DMN→DMN,eyes open,beta,"merged(Kraków,Warszawa)",0.07655304761451985
R-aSTG→L-SFG,DMN→CEN,eyes open,beta,"merged(Kraków,Warszawa)",0.11873637518462962
R-aSTG→R-SFG,DMN→CEN,eyes open,beta,"merged(Kraków,Warszawa)",0.19948806605974373
R-aSTG→L-pSTG,DMN→CEN,eyes open,beta,"merged(Kraków,Warszawa)",-0.0280184565041507
R-aSTG→R-pSTG,DMN→CEN,eyes open,beta,"merged(Kraków,Warszawa)",0.040401634782758336
R-aSTG→L-ITG,DMN→CEN,eyes open,beta,"merged(Kraków,Warszawa)",-0.1727524525814386
R-aSTG→R-ITG,DMN→CEN,eyes open,beta,"merged(Kraków,Warszawa)",-0.05708905806047529
R-aSTG→L-SUP,DMN→CEN,eyes open,beta,"merged(Kraków,Warszawa)",-0.014157837829855486
R-aSTG→R-SUP,DMN→CEN,eyes open,beta,"merged(Kraków,Warszawa)",-0.04054839274713902
L-PREC→L-ACC,DMN→SN,eyes open,beta,"merged(Kraków,Warszawa)",-0.051487005475252284
L-PREC→R-ACC,DMN→SN,eyes open,beta,"merged(Kraków,Warszawa)",-0.16670104778343917
L-PREC→L-INS,DMN→SN,eyes open,beta,"merged(Kraków,Warszawa)",0.003457993278027232
L-PREC→R-INS,DMN→SN,eyes open,beta,"merged(Kraków,Warszawa)",-0.172724736282643
L-PREC→L-IFG,DMN→DMN,eyes open,beta,"merged(Kraków,Warszawa)",-0.08671495658989858
L-PREC→R-IFG,DMN→CEN,eyes open,beta,"merged(Kraków,Warszawa)",-0.12069356818217844
L-PREC→L-mPFC,DMN→DMN,eyes open,beta,"merged(Kraków,Warszawa)",-0.013549211967171654
L-PREC→R-mPFC,DMN→DMN,eyes open,beta,"merged(Kraków,Warszawa)",-0.011073943387374944
L-PREC→L-aSTG,DMN→DMN,eyes open,beta,"merged(Kraków,Warszawa)",-0.0714578779996788
L-PREC→R-aSTG,DMN→DMN,eyes open,beta,"merged(Kraków,Warszawa)",0.025575531215694038
L-PREC→R-PREC,DMN→DMN,eyes open,beta,"merged(Kraków,Warszawa)",0.03196841934544031
L-PREC→L-ANG,DMN→DMN,eyes open,beta,"merged(Kraków,Warszawa)",0.10602354921812808
L-PREC→R-ANG,DMN→DMN,eyes open,beta,"merged(Kraków,Warszawa)",0.2340312746744323
L-PREC→L-SFG,DMN→CEN,eyes open,beta,"merged(Kraków,Warszawa)",0.05393665563316177
L-PREC→R-SFG,DMN→CEN,eyes open,beta,"merged(Kraków,Warszawa)",-0.1259652826133873
L-PREC→L-pSTG,DMN→CEN,eyes open,beta,"merged(Kraków,Warszawa)",-0.10622037162172504
L-PREC→R-pSTG,DMN→CEN,eyes open,beta,"merged(Kraków,Warszawa)",-0.0014102177306284497
L-PREC→L-ITG,DMN→CEN,eyes open,beta,"merged(Kraków,Warszawa)",-0.1429612914864117
L-PREC→R-ITG,DMN→CEN,eyes open,beta,"merged(Kraków,Warszawa)",0.0013831973112108928
L-PREC→L-SUP,DMN→CEN,eyes open,beta,"merged(Kraków,Warszawa)",0.03011394452755588
L-PREC→R-SUP,DMN→CEN,eyes open,beta,"merged(Kraków,Warszawa)",-0.028891137674181715
R-PREC→L-ACC,DMN→SN,eyes open,beta,"merged(Kraków,Warszawa)",0.1512248115807156
R-PREC→R-ACC,DMN→SN,eyes open,beta,"merged(Kraków,Warszawa)",0.09227184965588449
R-PREC→L-INS,DMN→SN,eyes open,beta,"merged(Kraków,Warszawa)",0.06910066880079403
R-PREC→R-INS,DMN→SN,eyes open,beta,"merged(Kraków,Warszawa)",-0.1522566529558834
R-PREC→L-IFG,DMN→DMN,eyes open,beta,"merged(Kraków,Warszawa)",-0.02301797809412463
R-PREC→R-IFG,DMN→CEN,eyes open,beta,"merged(Kraków,Warszawa)",-0.06839788562790407
R-PREC→L-mPFC,DMN→DMN,eyes open,beta,"merged(Kraków,Warszawa)",-0.0396473945558961
R-PREC→R-mPFC,DMN→DMN,eyes open,beta,"merged(Kraków,Warszawa)",0.07723050821287843
R-PREC→L-aSTG,DMN→DMN,eyes open,beta,"merged(Kraków,Warszawa)",-0.015637143292314047
R-PREC→R-aSTG,DMN→DMN,eyes open,beta,"merged(Kraków,Warszawa)",0.09081734998175592
R-PREC→L-PREC,DMN→DMN,eyes open,beta,"merged(Kraków,Warszawa)",0.09517442942651448
R-PREC→L-ANG,DMN→DMN,eyes open,beta,"merged(Kraków,Warszawa)",0.09981684287499083
R-PREC→R-ANG,DMN→DMN,eyes open,beta,"merged(Kraków,Warszawa)",0.16610915081062416
R-PREC→L-SFG,DMN→CEN,eyes open,beta,"merged(Kraków,Warszawa)",-0.06022284987426482
R-PREC→R-SFG,DMN→CEN,eyes open,beta,"merged(Kraków,Warszawa)",-0.12368435998639565
R-PREC→L-pSTG,DMN→CEN,eyes open,beta,"merged(Kraków,Warszawa)",-0.04742224188510079
R-PREC→R-pSTG,DMN→CEN,eyes open,beta,"merged(Kraków,Warszawa)",-0.08998234764425114
R-PREC→L-ITG,DMN→CEN,eyes open,beta,"merged(Kraków,Warszawa)",-0.0014102177306284497
R-PREC→R-ITG,DMN→CEN,eyes open,beta,"merged(Kraków,Warszawa)",-0.022563483690055196
R-PREC→L-SUP,DMN→CEN,eyes open,beta,"merged(Kraków,Warszawa)",0.011267885043263978
R-PREC→R-SUP,DMN→CEN,eyes open,beta,"merged(Kraków,Warszawa)",0.0037568853720992557
L-ANG→L-ACC,DMN→SN,eyes open,beta,"merged(Kraków,Warszawa)",-0.04001618103791392
L-ANG→R-ACC,DMN→SN,eyes open,beta,"merged(Kraków,Warszawa)",-0.03814442369907711
L-ANG→L-INS,DMN→SN,eyes open,beta,"merged(Kraków,Warszawa)",0.11127905725781621
L-ANG→R-INS,DMN→SN,eyes open,beta,"merged(Kraków,Warszawa)",-0.08393635996285878
L-ANG→L-IFG,DMN→DMN,eyes open,beta,"merged(Kraków,Warszawa)",-0.184742518023724
L-ANG→R-IFG,DMN→CEN,eyes open,beta,"merged(Kraków,Warszawa)",-0.012787765607847019
L-ANG→L-mPFC,DMN→DMN,eyes open,beta,"merged(Kraków,Warszawa)",0.020876725307187625
L-ANG→R-mPFC,DMN→DMN,eyes open,beta,"merged(Kraków,Warszawa)",0.014367540737175243
L-ANG→L-aSTG,DMN→DMN,eyes open,beta,"merged(Kraków,Warszawa)",0.002118805753879094
L-ANG→R-aSTG,DMN→DMN,eyes open,beta,"merged(Kraków,Warszawa)",0.047552815722257114
L-ANG→L-PREC,DMN→DMN,eyes open,beta,"merged(Kraków,Warszawa)",0.02522539774765187
L-ANG→R-PREC,DMN→DMN,eyes open,beta,"merged(Kraków,Warszawa)",0.01362685115342712
L-ANG→R-ANG,DMN→DMN,eyes open,beta,"merged(Kraków,Warszawa)",0.08089731056535204
L-ANG→L-SFG,DMN→CEN,eyes open,beta,"merged(Kraków,Warszawa)",-0.13985168589386957
L-ANG→R-SFG,DMN→CEN,eyes open,beta,"merged(Kraków,Warszawa)",-0.05602112537142619
L-ANG→L-pSTG,DMN→CEN,eyes open,beta,"merged(Kraków,Warszawa)",0.0
L-ANG→R-pSTG,DMN→CEN,eyes open,beta,"merged(Kraków,Warszawa)",0.0789953245255414
L-ANG→L-ITG,DMN→CEN,eyes open,beta,"merged(Kraków,Warszawa)",-0.08900150610156717
L-ANG→R-ITG,DMN→CEN,eyes open,beta,"merged(Kraków,Warszawa)",0.01429157559993576
L-ANG→L-SUP,DMN→CEN,eyes open,beta,"merged(Kraków,Warszawa)",-0.03886356861602548
L-ANG→R-SUP,DMN→CEN,eyes open,beta,"merged(Kraków,Warszawa)",0.007521981022456545
R-ANG→L-ACC,DMN→SN,eyes open,beta,"merged(Kraków,Warszawa)",-0.0953610592476928
R-ANG→R-ACC,DMN→SN,eyes open,beta,"merged(Kraków,Warszawa)",0.01096795336739256
R-ANG→L-INS,DMN→SN,eyes open,beta,"merged(Kraków,Warszawa)",-0.04525945457071695
R-ANG→R-INS,DMN→SN,eyes open,beta,"merged(Kraków,Warszawa)",-0.1299745021528072
R-ANG→L-IFG,DMN→DMN,eyes open,beta,"merged(Kraków,Warszawa)",0.05483976683696281
R-ANG→R-IFG,DMN→CEN,eyes open,beta,"merged(Kraków,Warszawa)",-0.19023930074549372
R-ANG→L-mPFC,DMN→DMN,eyes open,beta,"merged(Kraków,Warszawa)",-0.01875901875901876
R-ANG→R-mPFC,DMN→DMN,eyes open,beta,"merged(Kraków,Warszawa)",-0.14669305988011316
R-ANG→L-aSTG,DMN→DMN,eyes open,beta,"merged(Kraków,Warszawa)",-0.10447582021776979
R-ANG→R-aSTG,DMN→DMN,eyes open,beta,"merged(Kraków,Warszawa)",-0.2076701809036567
R-ANG→L-PREC,DMN→DMN,eyes open,beta,"merged(Kraków,Warszawa)",0.1259539489387756
R-ANG→R-PREC,DMN→DMN,eyes open,beta,"merged(Kraków,Warszawa)",0.00995739384775732
R-ANG→L-ANG,DMN→DMN,eyes open,beta,"merged(Kraków,Warszawa)",-0.16634419386818447
R-ANG→L-SFG,DMN→CEN,eyes open,beta,"merged(Kraków,Warszawa)",-0.14803325520332544
R-ANG→R-SFG,DMN→CEN,eyes open,beta,"merged(Kraków,Warszawa)",-0.05896485740279059
R-ANG→L-pSTG,DMN→CEN,eyes open,beta,"merged(Kraków,Warszawa)",-0.049438800923845526
R-ANG→R-pSTG,DMN→CEN,eyes open,beta,"merged(Kraków,Warszawa)",0.11417811612095058
R-ANG→L-ITG,DMN→CEN,eyes open,beta,"merged(Kraków,Warszawa)",-0.15009202341144393
R-ANG→R-ITG,DMN→CEN,eyes open,beta,"merged(Kraków,Warszawa)",-0.027655830218422783
R-ANG→L-SUP,DMN→CEN,eyes open,beta,"merged(Kraków,Warszawa)",-0.15935460356101483
R-ANG→R-SUP,DMN→CEN,eyes open,beta,"merged(Kraków,Warszawa)",-0.02185837482474097
L-SFG→L-ACC,CEN→SN,eyes open,beta,"merged(Kraków,Warszawa)",0.013013389141528496
L-SFG→R-ACC,CEN→SN,eyes open,beta,"merged(Kraków,Warszawa)",0.06080267993152374
L-SFG→L-INS,CEN→SN,eyes open,beta,"merged(Kraków,Warszawa)",0.10317460317460318
L-SFG→R-INS,CEN→SN,eyes open,beta,"merged(Kraków,Warszawa)",0.0544949260913066
L-SFG→L-IFG,CEN→DMN,eyes open,beta,"merged(Kraków,Warszawa)",-0.042022495266954105
L-SFG→R-IFG,CEN→CEN,eyes open,beta,"merged(Kraków,Warszawa)",-0.12032081978144978
L-SFG→L-mPFC,CEN→DMN,eyes open,beta,"merged(Kraków,Warszawa)",-0.1035236938349878
L-SFG→R-mPFC,CEN→DMN,eyes open,beta,"merged(Kraków,Warszawa)",-0.16888013236829966
L-SFG→L-aSTG,CEN→DMN,eyes open,beta,"merged(Kraków,Warszawa)",-0.01521517042331982
L-SFG→R-aSTG,CEN→DMN,eyes open,beta,"merged(Kraków,Warszawa)",-0.0892491460952465
L-SFG→L-PREC,CEN→DMN,eyes open,beta,"merged(Kraków,Warszawa)",0.069407936678072
L-SFG→R-PREC,CEN→DMN,eyes open,beta,"merged(Kraków,Warszawa)",0.07281871042231901
L-SFG→L-ANG,CEN→DMN,eyes open,beta,"merged(Kraków,Warszawa)",-0.026256615637091283
L-SFG→R-ANG,CEN→DMN,eyes open,beta,"merged(Kraków,Warszawa)",0.05697666443722329
L-SFG→R-SFG,CEN→CEN,eyes open,beta,"merged(Kraków,Warszawa)",0.039002685103933406
L-SFG→L-pSTG,CEN→CEN,eyes open,beta,"merged(Kraków,Warszawa)",-0.059710713650535534
L-SFG→R-pSTG,CEN→CEN,eyes open,beta,"merged(Kraków,Warszawa)",-0.10577831323233301
L-SFG→L-ITG,CEN→CEN,eyes open,beta,"merged(Kraków,Warszawa)",-0.029176825988329866
L-SFG→R-ITG,CEN→CEN,eyes open,beta,"merged(Kraków,Warszawa)",-0.05406690006777179
L-SFG→L-SUP,CEN→CEN,eyes open,beta,"merged(Kraków,Warszawa)",-0.05732394224052913
L-SFG→R-SUP,CEN→CEN,eyes open,beta,"merged(Kraków,Warszawa)",0.04115722790406358
R-SFG→L-ACC,CEN→SN,eyes open,beta,"merged(Kraków,Warszawa)",0.028453345131060476
R-SFG→R-ACC,CEN→SN,eyes open,beta,"merged(Kraków,Warszawa)",0.1475590889918125
R-SFG→L-INS,CEN→SN,eyes open,beta,"merged(Kraków,Warszawa)",0.12817219236712776
R-SFG→R-INS,CEN→SN,eyes open,beta,"merged(Kraków,Warszawa)",0.06022788905511176
R-SFG→L-IFG,CEN→DMN,eyes open,beta,"merged(Kraków,Warszawa)",0.010563642228059979
R-SFG→R-IFG,CEN→CEN,eyes open,beta,"merged(Kraków,Warszawa)",0.0007190836268632998
R-SFG→L-mPFC,CEN→DMN,eyes open,beta,"merged(Kraków,Warszawa)",0.09981684287499083
R-SFG→R-mPFC,CEN→DMN,eyes open,beta,"merged(Kraków,Warszawa)",0.014886547159930631
R-SFG→L-aSTG,CEN→DMN,eyes open,beta,"merged(Kraków,Warszawa)",-0.03374055522655927
R-SFG→R-aSTG,CEN→DMN,eyes open,beta,"merged(Kraków,Warszawa)",0.21932050619330642
R-SFG→L-PREC,CEN→DMN,eyes open,beta,"merged(Kraków,Warszawa)",0.06839788562790407
R-SFG→R-PREC,CEN→DMN,eyes open,beta,"merged(Kraków,Warszawa)",0.16240462321965712
R-SFG→L-ANG,CEN→DMN,eyes open,beta,"merged(Kraków,Warszawa)",0.06439114688216399
R-SFG→R-ANG,CEN→DMN,eyes open,beta,"merged(Kraków,Warszawa)",0.11670730395331946
R-SFG→L-SFG,CEN→CEN,eyes open,beta,"merged(Kraków,Warszawa)",0.03416281908617224
R-SFG→L-pSTG,CEN→CEN,eyes open,beta,"merged(Kraków,Warszawa)",0.16759711672366223
R-SFG→R-pSTG,CEN→CEN,eyes open,beta,"merged(Kraków,Warszawa)",0.13660087375752553
R-SFG→L-ITG,CEN→CEN,eyes open,beta,"merged(Kraków,Warszawa)",-0.06746953132062697
R-SFG→R-ITG,CEN→CEN,eyes open,beta,"merged(Kraków,Warszawa)",0.12192475101400675
R-SFG→L-SUP,CEN→CEN,eyes open,beta,"merged(Kraków,Warszawa)",0.0016579672920428372
R-SFG→R-SUP,CEN→CEN,eyes open,beta,"merged(Kraków,Warszawa)",0.16667834431460904
L-pSTG→L-ACC,CEN→SN,eyes open,beta,"merged(Kraków,Warszawa)",-0.042220033092074914
L-pSTG→R-ACC,CEN→SN,eyes open,beta,"merged(Kraków,Warszawa)",0.2784992784992785
L-pSTG→L-INS,CEN→SN,eyes open,beta,"merged(Kraków,Warszawa)",0.11993823794468482
L-pSTG→R-INS,CEN→SN,eyes open,beta,"merged(Kraków,Warszawa)",0.04230653191885349
L-pSTG→L-IFG,CEN→DMN,eyes open,beta,"merged(Kraków,Warszawa)",-0.009155156597651981
L-pSTG→R-IFG,CEN→CEN,eyes open,beta,"merged(Kraków,Warszawa)",0.057853389714606594
L-pSTG→L-mPFC,CEN→DMN,eyes open,beta,"merged(Kraków,Warszawa)",0.07568957772990928
L-pSTG→R-mPFC,CEN→DMN,eyes open,beta,"merged(Kraków,Warszawa)",0.11624774362258893
L-pSTG→L-aSTG,CEN→DMN,eyes open,beta,"merged(Kraków,Warszawa)",-0.021153265959426744
L-pSTG→R-aSTG,CEN→DMN,eyes open,beta,"merged(Kraków,Warszawa)",0.0684682669049392
L-pSTG→L-PREC,CEN→DMN,eyes open,beta,"merged(Kraków,Warszawa)",0.11531437294698227
L-pSTG→R-PREC,CEN→DMN,eyes open,beta,"merged(Kraków,Warszawa)",0.19254445927542294
L-pSTG→L-ANG,CEN→DMN,eyes open,beta,"merged(Kraków,Warszawa)",0.23323123245797905
L-pSTG→R-ANG,CEN→DMN,eyes open,beta,"merged(Kraków,Warszawa)",0.22671221566506308
L-pSTG→L-SFG,CEN→CEN,eyes open,beta,"merged(Kraków,Warszawa)",0.09974403302987186
L-pSTG→R-SFG,CEN→CEN,eyes open,beta,"merged(Kraków,Warszawa)",-0.027350839366975875
L-pSTG→R-pSTG,CEN→CEN,eyes open,beta,"merged(Kraków,Warszawa)",-0.05616915047528444
L-pSTG→L-ITG,CEN→CEN,eyes open,beta,"merged(Kraków,Warszawa)",0.05878588572646295
L-pSTG→R-ITG,CEN→CEN,eyes open,beta,"merged(Kraków,Warszawa)",0.020263053611142688
L-pSTG→L-SUP,CEN→CEN,eyes open,beta,"merged(Kraków,Warszawa)",-0.14115248410182019
L-pSTG→R-SUP,CEN→CEN,eyes open,beta,"merged(Kraków,Warszawa)",0.053577671636678766
R-pSTG→L-ACC,CEN→SN,eyes open,beta,"merged(Kraków,Warszawa)",0.11073887853694818
R-pSTG→R-ACC,CEN→SN,eyes open,beta,"merged(Kraków,Warszawa)",0.1330824707718244
R-pSTG→L-INS,CEN→SN,eyes open,beta,"merged(Kraków,Warszawa)",0.14366755348158744
R-pSTG→R-INS,CEN→SN,eyes open,beta,"merged(Kraków,Warszawa)",-0.11026415424747785
R-pSTG→L-IFG,CEN→DMN,eyes open,beta,"merged(Kraków,Warszawa)",0.12801966702740805
R-pSTG→R-IFG,CEN→CEN,eyes open,beta,"merged(Kraków,Warszawa)",-0.0443630412777737
R-pSTG→L-mPFC,CEN→DMN,eyes open,beta,"merged(Kraków,Warszawa)",-0.056169215729980085
R-pSTG→R-mPFC,CEN→DMN,eyes open,beta,"merged(Kraków,Warszawa)",0.09007016250192072
R-pSTG→L-aSTG,CEN→DMN,eyes open,beta,"merged(Kraków,Warszawa)",-0.004841190589238125
R-pSTG→R-aSTG,CEN→DMN,eyes open,beta,"merged(Kraków,Warszawa)",0.1847041847041847
R-pSTG→L-PREC,CEN→DMN,eyes open,beta,"merged(Kraków,Warszawa)",0.07111134557760784
R-pSTG→R-PREC,CEN→DMN,eyes open,beta,"merged(Kraków,Warszawa)",0.06879898021364424
R-pSTG→L-ANG,CEN→DMN,eyes open,beta,"merged(Kraków,Warszawa)",0.19088154330986964
R-pSTG→R-ANG,CEN→DMN,eyes open,beta,"merged(Kraków,Warszawa)",0.16773081444160312
R-pSTG→L-SFG,CEN→CEN,eyes open,beta,"merged(Kraków,Warszawa)",-0.008656500286803741
R-pSTG→R-SFG,CEN→CEN,eyes open,beta,"merged(Kraków,Warszawa)",0.037087112803517557
R-pSTG→L-pSTG,CEN→CEN,eyes open,beta,"merged(Kraków,Warszawa)",-0.08098792374845984
R-pSTG→L-ITG,CEN→CEN,eyes open,beta,"merged(Kraków,Warszawa)",0.020355925108137114
R-pSTG→R-ITG,CEN→CEN,eyes open,beta,"merged(Kraków,Warszawa)",0.13706322906145657
R-pSTG→L-SUP,CEN→CEN,eyes open,beta,"merged(Kraków,Warszawa)",-0.049582222604570604
R-pSTG→R-SUP,CEN→CEN,eyes open,beta,"merged(Kraków,Warszawa)",0.008129527180302992
L-ITG→L-ACC,CEN→SN,eyes open,beta,"merged(Kraków,Warszawa)",0.004225456891223991
L-ITG→R-ACC,CEN→SN,eyes open,beta,"merged(Kraków,Warszawa)",0.11771574165911002
L-ITG→L-INS,CEN→SN,eyes open,beta,"merged(Kraków,Warszawa)",0.09782640690002968
L-ITG→R-INS,CEN→SN,eyes open,beta,"merged(Kraków,Warszawa)",0.1071977916188442
L-ITG→L-IFG,CEN→DMN,eyes open,beta,"merged(Kraków,Warszawa)",0.2234457267420434
L-ITG→R-IFG,CEN→CEN,eyes open,beta,"merged(Kraków,Warszawa)",-0.02057861395203179
L-ITG→L-mPFC,CEN→DMN,eyes open,beta,"merged(Kraków,Warszawa)",0.18949583337658565
L-ITG→R-mPFC,CEN→DMN,eyes open,beta,"merged(Kraków,Warszawa)",0.11663391092602425
L-ITG→L-aSTG,CEN→DMN,eyes open,beta,"merged(Kraków,Warszawa)",0.08678251703867598
L-ITG→R-aSTG,CEN→DMN,eyes open,beta,"merged(Kraków,Warszawa)",0.11270161463593201
L-ITG→L-PREC,CEN→DMN,eyes open,beta,"merged(Kraków,Warszawa)",0.12179902221761424
L-ITG→R-PREC,CEN→DMN,eyes open,beta,"merged(Kraków,Warszawa)",0.0792841467686515
L-ITG→L-ANG,CEN→DMN,eyes open,beta,"merged(Kraków,Warszawa)",0.1985237322328566
L-ITG→R-ANG,CEN→DMN,eyes open,beta,"merged(Kraków,Warszawa)",0.20485286707677855
L-ITG→L-SFG,CEN→CEN,eyes open,beta,"merged(Kraków,Warszawa)",0.0054196847868686615
L-ITG→R-SFG,CEN→CEN,eyes open,beta,"merged(Kraków,Warszawa)",-0.2042205101245262
L-ITG→L-pSTG,CEN→CEN,eyes open,beta,"merged(Kraków,Warszawa)",0.005862675910963205
L-ITG→R-pSTG,CEN→CEN,eyes open,beta,"merged(Kraków,Warszawa)",0.06895149270585166
L-ITG→R-ITG,CEN→CEN,eyes open,beta,"merged(Kraków,Warszawa)",0.11738583479025735
L-ITG→L-SUP,CEN→CEN,eyes open,beta,"merged(Kraków,Warszawa)",0.15002473397287694
L-ITG→R-SUP,CEN→CEN,eyes open,beta,"merged(Kraków,Warszawa)",0.195013425519667
R-ITG→L-ACC,CEN→SN,eyes open,beta,"merged(Kraków,Warszawa)",0.23897745234617565
R-ITG→R-ACC,CEN→SN,eyes open,beta,"merged(Kraków,Warszawa)",0.38210951410306027
R-ITG→L-INS,CEN→SN,eyes open,beta,"merged(Kraków,Warszawa)",0.1314375987903966
R-ITG→R-INS,CEN→SN,eyes open,beta,"merged(Kraków,Warszawa)",0.004917640455179866
R-ITG→L-IFG,CEN→DMN,eyes open,beta,"merged(Kraków,Warszawa)",0.20194680743679036
R-ITG→R-IFG,CEN→CEN,eyes open,beta,"merged(Kraków,Warszawa)",0.04538986009002504
R-ITG→L-mPFC,CEN→DMN,eyes open,beta,"merged(Kraków,Warszawa)",0.13413719847499936
R-ITG→R-mPFC,CEN→DMN,eyes open,beta,"merged(Kraków,Warszawa)",0.1556320839447293
R-ITG→L-aSTG,CEN→DMN,eyes open,beta,"merged(Kraków,Warszawa)",0.019315875822474033
R-ITG→R-aSTG,CEN→DMN,eyes open,beta,"merged(Kraków,Warszawa)",0.11931803814830089
R-ITG→L-PREC,CEN→DMN,eyes open,beta,"merged(Kraków,Warszawa)",0.18434858697806525
R-ITG→R-PREC,CEN→DMN,eyes open,beta,"merged(Kraków,Warszawa)",0.13824766975993066
R-ITG→L-ANG,CEN→DMN,eyes open,beta,"merged(Kraków,Warszawa)",0.16701416330587143
R-ITG→R-ANG,CEN→DMN,eyes open,beta,"merged(Kraków,Warszawa)",0.31002336266500896
R-ITG→L-SFG,CEN→CEN,eyes open,beta,"merged(Kraków,Warszawa)",0.06690306744437988
R-ITG→R-SFG,CEN→CEN,eyes open,beta,"merged(Kraków,Warszawa)",-0.003102839573939695
R-ITG→L-pSTG,CEN→CEN,eyes open,beta,"merged(Kraków,Warszawa)",0.13901132977669473
R-ITG→R-pSTG,CEN→CEN,eyes open,beta,"merged(Kraków,Warszawa)",0.19086267132357992
R-ITG→L-ITG,CEN→CEN,eyes open,beta,"merged(Kraków,Warszawa)",-0.016229716536663604
R-ITG→L-SUP,CEN→CEN,eyes open,beta,"merged(Kraków,Warszawa)",0.11100605534088814
R-ITG→R-SUP,CEN→CEN,eyes open,beta,"merged(Kraków,Warszawa)",0.1011767435157965
L-SUP→L-ACC,CEN→SN,eyes open,beta,"merged(Kraków,Warszawa)",0.13527142486450824
L-SUP→R-ACC,CEN→SN,eyes open,beta,"merged(Kraków,Warszawa)",0.09640844831361715
L-SUP→L-INS,CEN→SN,eyes open,beta,"merged(Kraków,Warszawa)",0.15531188473711383
L-SUP→R-INS,CEN→SN,eyes open,beta,"merged(Kraków,Warszawa)",0.00365598445579752
L-SUP→L-IFG,CEN→DMN,eyes open,beta,"merged(Kraków,Warszawa)",0.1551239503691295
L-SUP→R-IFG,CEN→CEN,eyes open,beta,"merged(Kraków,Warszawa)",-0.18630166454861025
L-SUP→L-mPFC,CEN→DMN,eyes open,beta,"merged(Kraków,Warszawa)",0.08183920891892073
L-SUP→R-mPFC,CEN→DMN,eyes open,beta,"merged(Kraków,Warszawa)",-0.06628023333953713
L-SUP→L-aSTG,CEN→DMN,eyes open,beta,"merged(Kraków,Warszawa)",-0.03349537242673127
L-SUP→R-aSTG,CEN→DMN,eyes open,beta,"merged(Kraków,Warszawa)",0.04019120532291082
L-SUP→L-PREC,CEN→DMN,eyes open,beta,"merged(Kraków,Warszawa)",0.22131156979374283
L-SUP→R-PREC,CEN→DMN,eyes open,beta,"merged(Kraków,Warszawa)",0.04500863204310384
L-SUP→L-ANG,CEN→DMN,eyes open,beta,"merged(Kraków,Warszawa)",0.12851573502716324
L-SUP→R-ANG,CEN→DMN,eyes open,beta,"merged(Kraków,Warszawa)",0.1419236914163562
L-SUP→L-SFG,CEN→CEN,eyes open,beta,"merged(Kraków,Warszawa)",-0.05507634776637607
L-SUP→R-SFG,CEN→CEN,eyes open,beta,"merged(Kraków,Warszawa)",-0.18766209038469978
L-SUP→L-pSTG,CEN→CEN,eyes open,beta,"merged(Kraków,Warszawa)",-0.17457859851191376
L-SUP→R-pSTG,CEN→CEN,eyes open,beta,"merged(Kraków,Warszawa)",-0.1537321832226936
L-SUP→L-ITG,CEN→CEN,eyes open,beta,"merged(Kraków,Warszawa)",-0.008299183867265357
L-SUP→R-ITG,CEN→CEN,eyes open,beta,"merged(Kraków,Warszawa)",-0.02011455703204534
L-SUP→R-SUP,CEN→CEN,eyes open,beta,"merged(Kraków,Warszawa)",-0.0019571929975488395
R-SUP→L-ACC,CEN→SN,eyes open,beta,"merged(Kraków,Warszawa)",0.08207746275348488
R-SUP→R-ACC,CEN→SN,eyes open,beta,"merged(Kraków,Warszawa)",0.07712107744861872
R-SUP→L-INS,CEN→SN,eyes open,beta,"merged(Kraków,Warszawa)",0.08368343732825903
R-SUP→R-INS,CEN→SN,eyes open,beta,"merged(Kraków,Warszawa)",-0.012602416972069073
R-SUP→L-IFG,CEN→DMN,eyes open,beta,"merged(Kraków,Warszawa)",-0.009166415249084923
R-SUP→R-IFG,CEN→CEN,eyes open,beta,"merged(Kraków,Warszawa)",-0.10530773431439164
R-SUP→L-mPFC,CEN→DMN,eyes open,beta,"merged(Kraków,Warszawa)",-0.049256705274087396
R-SUP→R-mPFC,CEN→DMN,eyes open,beta,"merged(Kraków,Warszawa)",0.0007344864518916068
R-SUP→L-aSTG,CEN→DMN,eyes open,beta,"merged(Kraków,Warszawa)",0.029663280554307316
R-SUP→R-aSTG,CEN→DMN,eyes open,beta,"merged(Kraków,Warszawa)",-0.042220033092074914
R-SUP→L-PREC,CEN→DMN,eyes open,beta,"merged(Kraków,Warszawa)",0.06698946221968784
R-SUP→R-PREC,CEN→DMN,eyes open,beta,"merged(Kraków,Warszawa)",0.01646750872378414
R-SUP→L-ANG,CEN→DMN,eyes open,beta,"merged(Kraków,Warszawa)",0.10343451292801602
R-SUP→R-ANG,CEN→DMN,eyes open,beta,"merged(Kraków,Warszawa)",0.2102459913040557
R-SUP→L-SFG,CEN→CEN,eyes open,beta,"merged(Kraków,Warszawa)",0.02520785759949879
R-SUP→R-SFG,CEN→CEN,eyes open,beta,"merged(Kraków,Warszawa)",-0.010014080416239244
R-SUP→L-pSTG,CEN→CEN,eyes open,beta,"merged(Kraków,Warszawa)",0.10858162765635826
R-SUP→R-pSTG,CEN→CEN,eyes open,beta,"merged(Kraków,Warszawa)",0.04089631418822504
R-SUP→L-ITG,CEN→CEN,eyes open,beta,"merged(Kraków,Warszawa)",0.04608429098819222
R-SUP→R-ITG,CEN→CEN,eyes open,beta,"merged(Kraków,Warszawa)",0.028287300388870184
R-SUP→L-SUP,CEN→CEN,eyes open,beta,"merged(Kraków,Warszawa)",-0.12232585793036785
L-ACC→R-ACC,SN→SN,eyes open,delta,"merged(Kraków,Warszawa)",0.10808300587182358
L-ACC→L-INS,SN→SN,eyes open,delta,"merged(Kraków,Warszawa)",-0.04414471276807175
L-ACC→R-INS,SN→SN,eyes open,delta,"merged(Kraków,Warszawa)",-0.07746670967243985
L-ACC→L-IFG,SN→DMN,eyes open,delta,"merged(Kraków,Warszawa)",-0.006261475620165427
L-ACC→R-IFG,SN→CEN,eyes open,delta,"merged(Kraków,Warszawa)",-0.044245523081196884
L-ACC→L-mPFC,SN→DMN,eyes open,delta,"merged(Kraków,Warszawa)",-0.227179644606082
L-ACC→R-mPFC,SN→DMN,eyes open,delta,"merged(Kraków,Warszawa)",0.00745206658194441
L-ACC→L-aSTG,SN→DMN,eyes open,delta,"merged(Kraków,Warszawa)",0.003595418134316499
L-ACC→R-aSTG,SN→DMN,eyes open,delta,"merged(Kraków,Warszawa)",-0.05932656110861463
L-ACC→L-PREC,SN→DMN,eyes open,delta,"merged(Kraków,Warszawa)",0.1345086967641812
L-ACC→R-PREC,SN→DMN,eyes open,delta,"merged(Kraków,Warszawa)",-0.2380272837600052
L-ACC→L-ANG,SN→DMN,eyes open,delta,"merged(Kraków,Warszawa)",-0.11665914036226632
L-ACC→R-ANG,SN→DMN,eyes open,delta,"merged(Kraków,Warszawa)",-0.009590824205885261
L-ACC→L-SFG,SN→CEN,eyes open,delta,"merged(Kraków,Warszawa)",-0.09760041856146372
L-ACC→R-SFG,SN→CEN,eyes open,delta,"merged(Kraków,Warszawa)",-0.23643374882714535
L-ACC→L-pSTG,SN→CEN,eyes open,delta,"merged(Kraków,Warszawa)",-0.06680480687411833
L-ACC→R-pSTG,SN→CEN,eyes open,delta,"merged(Kraków,Warszawa)",-0.15986311905130768
L-ACC→L-ITG,SN→CEN,eyes open,delta,"merged(Kraków,Warszawa)",-0.19430914478138606
L-ACC→R-ITG,SN→CEN,eyes open,delta,"merged(Kraków,Warszawa)",-0.07335466095976369
L-ACC→L-SUP,SN→CEN,eyes open,delta,"merged(Kraków,Warszawa)",-0.012224421656676096
L-ACC→R-SUP,SN→CEN,eyes open,delta,"merged(Kraków,Warszawa)",-0.12938546186729313
R-ACC→L-ACC,SN→SN,eyes open,delta,"merged(Kraków,Warszawa)",0.08589911823059096
R-ACC→L-INS,SN→SN,eyes open,delta,"merged(Kraków,Warszawa)",-0.1485915395964454
R-ACC→R-INS,SN→SN,eyes open,delta,"merged(Kraków,Warszawa)",-0.11545880931030691
R-ACC→L-IFG,SN→DMN,eyes open,delta,"merged(Kraków,Warszawa)",-0.07295774466976435
R-ACC→R-IFG,SN→CEN,eyes open,delta,"merged(Kraków,Warszawa)",-0.016962339312089944
R-ACC→L-mPFC,SN→DMN,eyes open,delta,"merged(Kraków,Warszawa)",-0.108017722557654
R-ACC→R-mPFC,SN→DMN,eyes open,delta,"merged(Kraków,Warszawa)",-0.05312492999860986
R-ACC→L-aSTG,SN→DMN,eyes open,delta,"merged(Kraków,Warszawa)",-0.02895701196968095
R-ACC→R-aSTG,SN→DMN,eyes open,delta,"merged(Kraków,Warszawa)",-0.11429864199224793
R-ACC→L-PREC,SN→DMN,eyes open,delta,"merged(Kraków,Warszawa)",-0.11962342709421224
R-ACC→R-PREC,SN→DMN,eyes open,delta,"merged(Kraków,Warszawa)",-0.1420988592538833
R-ACC→L-ANG,SN→DMN,eyes open,delta,"merged(Kraków,Warszawa)",-0.11637052069905604
R-ACC→R-ANG,SN→DMN,eyes open,delta,"merged(Kraków,Warszawa)",-0.12534915254843573
R-ACC→L-SFG,SN→CEN,eyes open,delta,"merged(Kraków,Warszawa)",0.009322384924250181
R-ACC→R-SFG,SN→CEN,eyes open,delta,"merged(Kraków,Warszawa)",0.009155156597651981
R-ACC→L-pSTG,SN→CEN,eyes open,delta,"merged(Kraków,Warszawa)",0.09271214698650863
R-ACC→R-pSTG,SN→CEN,eyes open,delta,"merged(Kraków,Warszawa)",0.012987012987012988
R-ACC→L-ITG,SN→CEN,eyes open,delta,"merged(Kraków,Warszawa)",-0.12915643263925486
R-ACC→R-ITG,SN→CEN,eyes open,delta,"merged(Kraków,Warszawa)",0.06408908441438455
R-ACC→L-SUP,SN→CEN,eyes open,delta,"merged(Kraków,Warszawa)",-0.06421356421356422
R-ACC→R-SUP,SN→CEN,eyes open,delta,"merged(Kraków,Warszawa)",-0.13670257246446532
L-INS→L-ACC,SN→SN,eyes open,delta,"merged(Kraków,Warszawa)",0.05483976683696281
L-INS→R-ACC,SN→SN,eyes open,delta,"merged(Kraków,Warszawa)",0.16733276779456993
L-INS→R-INS,SN→SN,eyes open,delta,"merged(Kraków,Warszawa)",-0.09518969681742036
L-INS→L-IFG,SN→DMN,eyes open,delta,"merged(Kraków,Warszawa)",0.049123142982269434
L-INS→R-IFG,SN→CEN,eyes open,delta,"merged(Kraków,Warszawa)",0.09236926135616347
L-INS→L-mPFC,SN→DMN,eyes open,delta,"merged(Kraków,Warszawa)",0.015444164927171166
L-INS→R-mPFC,SN→DMN,eyes open,delta,"merged(Kraków,Warszawa)",0.09035586730267986
L-INS→L-aSTG,SN→DMN,eyes open,delta,"merged(Kraków,Warszawa)",0.02758606453010856
L-INS→R-aSTG,SN→DMN,eyes open,delta,"merged(Kraków,Warszawa)",0.0063381853368359884
L-INS→L-PREC,SN→DMN,eyes open,delta,"merged(Kraków,Warszawa)",0.03060586978931061
L-INS→R-PREC,SN→DMN,eyes open,delta,"merged(Kraków,Warszawa)",-0.008806987778661575
L-INS→L-ANG,SN→DMN,eyes open,delta,"merged(Kraków,Warszawa)",0.002118805753879094
L-INS→R-ANG,SN→DMN,eyes open,delta,"merged(Kraków,Warszawa)",-0.044421858514796166
L-INS→L-SFG,SN→CEN,eyes open,delta,"merged(Kraków,Warszawa)",0.038453450648630726
L-INS→R-SFG,SN→CEN,eyes open,delta,"merged(Kraków,Warszawa)",-0.12030164397401245
L-INS→L-pSTG,SN→CEN,eyes open,delta,"merged(Kraków,Warszawa)",-0.036806873883350986
L-INS→R-pSTG,SN→CEN,eyes open,delta,"merged(Kraków,Warszawa)",-0.05732436196092203
L-INS→L-ITG,SN→CEN,eyes open,delta,"merged(Kraków,Warszawa)",-0.14731051364396008
L-INS→R-ITG,SN→CEN,eyes open,delta,"merged(Kraków,Warszawa)",0.0030684375980147083
L-INS→L-SUP,SN→CEN,eyes open,delta,"merged(Kraków,Warszawa)",-0.17746918943140766
L-INS→R-SUP,SN→CEN,eyes open,delta,"merged(Kraków,Warszawa)",0.004669166140772677
R-INS→L-ACC,SN→SN,eyes open,delta,"merged(Kraków,Warszawa)",0.09552194436856017
R-INS→R-ACC,SN→SN,eyes open,delta,"merged(Kraków,Warszawa)",-0.04417749502423379
R-INS→L-INS,SN→SN,eyes open,delta,"merged(Kraków,Warszawa)",0.0977112651827201
R-INS→L-IFG,SN→DMN,eyes open,delta,"merged(Kraków,Warszawa)",-0.10675287347692297
R-INS→R-IFG,SN→CEN,eyes open,delta,"merged(Kraków,Warszawa)",-0.05507634776637607
R-INS→L-mPFC,SN→DMN,eyes open,delta,"merged(Kraków,Warszawa)",-0.1508509340892586
R-INS→R-mPFC,SN→DMN,eyes open,delta,"merged(Kraków,Warszawa)",-0.13611286436822123
R-INS→L-aSTG,SN→DMN,eyes open,delta,"merged(Kraków,Warszawa)",-0.04206891189015004
R-INS→R-aSTG,SN→DMN,eyes open,delta,"merged(Kraków,Warszawa)",-0.07394534122511054
R-INS→L-PREC,SN→DMN,eyes open,delta,"merged(Kraków,Warszawa)",-0.03180307802348817
R-INS→R-PREC,SN→DMN,eyes open,delta,"merged(Kraków,Warszawa)",-0.15084717688295113
R-INS→L-ANG,SN→DMN,eyes open,delta,"merged(Kraków,Warszawa)",-0.07707629711178807
R-INS→R-ANG,SN→DMN,eyes open,delta,"merged(Kraków,Warszawa)",0.10373122887008851
R-INS→L-SFG,SN→CEN,eyes open,delta,"merged(Kraków,Warszawa)",0.03450789794499593
R-INS→R-SFG,SN→CEN,eyes open,delta,"merged(Kraków,Warszawa)",0.011804796526683098
R-INS→L-pSTG,SN→CEN,eyes open,delta,"merged(Kraków,Warszawa)",0.0491035045479867
R-INS→R-pSTG,SN→CEN,eyes open,delta,"merged(Kraków,Warszawa)",-0.05683394017648872
R-INS→L-ITG,SN→CEN,eyes open,delta,"merged(Kraków,Warszawa)",-0.042874726799807285
R-INS→R-ITG,SN→CEN,eyes open,delta,"merged(Kraków,Warszawa)",-0.06687477729828688
R-INS→L-SUP,SN→CEN,eyes open,delta,"merged(Kraków,Warszawa)",-0.028419771850776654
R-INS→R-SUP,SN→CEN,eyes open,delta,"merged(Kraków,Warszawa)",-0.059493402603220155
L-IFG→L-ACC,DMN→SN,eyes open,delta,"merged(Kraków,Warszawa)",0.12009995813800899
L-IFG→R-ACC,DMN→SN,eyes open,delta,"merged(Kraków,Warszawa)",0.23870809686477223
L-IFG→L-INS,DMN→SN,eyes open,delta,"merged(Kraków,Warszawa)",0.1536021002411024
L-IFG→R-INS,DMN→SN,eyes open,delta,"merged(Kraków,Warszawa)",-0.04186572775782159
L-IFG→R-IFG,DMN→CEN,eyes open,delta,"merged(Kraków,Warszawa)",0.17207499198308002
L-IFG→L-mPFC,DMN→DMN,eyes open,delta,"merged(Kraków,Warszawa)",-0.05622922966376236
L-IFG→R-mPFC,DMN→DMN,eyes open,delta,"merged(Kraków,Warszawa)",0.11551199840978774
L-IFG→L-aSTG,DMN→DMN,eyes open,delta,"merged(Kraków,Warszawa)",-0.06579683899786785
L-IFG→R-aSTG,DMN→DMN,eyes open,delta,"merged(Kraków,Warszawa)",0.04908164324758684
L-IFG→L-PREC,DMN→DMN,eyes open,delta,"merged(Kraków,Warszawa)",-0.14565911416765845
L-IFG→R-PREC,DMN→DMN,eyes open,delta,"merged(Kraków,Warszawa)",0.12148377327454667
L-IFG→L-ANG,DMN→DMN,eyes open,delta,"merged(Kraków,Warszawa)",-0.023306863292670035
L-IFG→R-ANG,DMN→DMN,eyes open,delta,"merged(Kraków,Warszawa)",0.36442567388046593
L-IFG→L-SFG,DMN→CEN,eyes open,delta,"merged(Kraków,Warszawa)",-0.14615882666113708
L-IFG→R-SFG,DMN→CEN,eyes open,delta,"merged(Kraków,Warszawa)",-0.15569280975214098
L-IFG→L-pSTG,DMN→CEN,eyes open,delta,"merged(Kraków,Warszawa)",-0.07957526145220757
L-IFG→R-pSTG,DMN→CEN,eyes open,delta,"merged(Kraków,Warszawa)",-0.05532789244843571
L-IFG→L-ITG,DMN→CEN,eyes open,delta,"merged(Kraków,Warszawa)",-0.09016526992765027
L-IFG→R-ITG,DMN→CEN,eyes open,delta,"merged(Kraków,Warszawa)",0.011036178192017937
L-IFG→L-SUP,DMN→CEN,eyes open,delta,"merged(Kraków,Warszawa)",-0.08575187970105567
L-IFG→R-SUP,DMN→CEN,eyes open,delta,"merged(Kraków,Warszawa)",-0.0339586059587911
R-IFG→L-ACC,CEN→SN,eyes open,delta,"merged(Kraków,Warszawa)",0.0007033799484533298
R-IFG→R-ACC,CEN→SN,eyes open,delta,"merged(Kraków,Warszawa)",0.08045795644771532
R-IFG→L-INS,CEN→SN,eyes open,delta,"merged(Kraków,Warszawa)",0.0981158790086337
R-IFG→R-INS,CEN→SN,eyes open,delta,"merged(Kraków,Warszawa)",0.08468309649169074
R-IFG→L-IFG,CEN→DMN,eyes open,delta,"merged(Kraków,Warszawa)",0.2634990877856751
R-IFG→L-mPFC,CEN→DMN,eyes open,delta,"merged(Kraków,Warszawa)",0.18686868686868688
R-IFG→R-mPFC,CEN→DMN,eyes open,delta,"merged(Kraków,Warszawa)",0.05802442969943694
R-IFG→L-aSTG,CEN→DMN,eyes open,delta,"merged(Kraków,Warszawa)",0.039711008547155625
R-IFG→R-aSTG,CEN→DMN,eyes open,delta,"merged(Kraków,Warszawa)",0.17173808857948059
R-IFG→L-PREC,CEN→DMN,eyes open,delta,"merged(Kraków,Warszawa)",0.031969414019617545
R-IFG→R-PREC,CEN→DMN,eyes open,delta,"merged(Kraków,Warszawa)",0.08275819359032568
R-IFG→L-ANG,CEN→DMN,eyes open,delta,"merged(Kraków,Warszawa)",0.22165365353044733
R-IFG→R-ANG,CEN→DMN,eyes open,delta,"merged(Kraków,Warszawa)",-0.04427852455768217
R-IFG→L-SFG,CEN→CEN,eyes open,delta,"merged(Kraków,Warszawa)",0.19776773732159314
R-IFG→R-SFG,CEN→CEN,eyes open,delta,"merged(Kraków,Warszawa)",-0.006610378067024461
R-IFG→L-pSTG,CEN→CEN,eyes open,delta,"merged(Kraków,Warszawa)",0.172900125008281
R-IFG→R-pSTG,CEN→CEN,eyes open,delta,"merged(Kraków,Warszawa)",0.0536175109880873
R-IFG→L-ITG,CEN→CEN,eyes open,delta,"merged(Kraków,Warszawa)",-0.13862244198564594
R-IFG→R-ITG,CEN→CEN,eyes open,delta,"merged(Kraków,Warszawa)",-0.05048670185919759
R-IFG→L-SUP,CEN→CEN,eyes open,delta,"merged(Kraków,Warszawa)",0.01693661929833815
R-IFG→R-SUP,CEN→CEN,eyes open,delta,"merged(Kraków,Warszawa)",-0.01899901489143371
L-mPFC→L-ACC,DMN→SN,eyes open,delta,"merged(Kraków,Warszawa)",-0.020481788954164575
L-mPFC→R-ACC,DMN→SN,eyes open,delta,"merged(Kraków,Warszawa)",0.15039625283560534
L-mPFC→L-INS,DMN→SN,eyes open,delta,"merged(Kraków,Warszawa)",0.276102704206835
L-mPFC→R-INS,DMN→SN,eyes open,delta,"merged(Kraków,Warszawa)",0.02520785759949879
L-mPFC→L-IFG,DMN→DMN,eyes open,delta,"merged(Kraków,Warszawa)",0.007443273579965316
L-mPFC→R-IFG,DMN→CEN,eyes open,delta,"merged(Kraków,Warszawa)",-0.10236248847078562
L-mPFC→R-mPFC,DMN→DMN,eyes open,delta,"merged(Kraków,Warszawa)",0.15573621612841032
L-mPFC→L-aSTG,DMN→DMN,eyes open,delta,"merged(Kraków,Warszawa)",-0.055086483891870514
L-mPFC→R-aSTG,DMN→DMN,eyes open,delta,"merged(Kraków,Warszawa)",-0.03053388766220567
L-mPFC→L-PREC,DMN→DMN,eyes open,delta,"merged(Kraków,Warszawa)",0.02057861395203179
L-mPFC→R-PREC,DMN→DMN,eyes open,delta,"merged(Kraków,Warszawa)",-0.045775782988259905
L-mPFC→L-ANG,DMN→DMN,eyes open,delta,"merged(Kraków,Warszawa)",0.07669470900144894
L-mPFC→R-ANG,DMN→DMN,eyes open,delta,"merged(Kraków,Warszawa)",0.13214534367855285
L-mPFC→L-SFG,DMN→CEN,eyes open,delta,"merged(Kraków,Warszawa)",-0.0985939941285598
L-mPFC→R-SFG,DMN→CEN,eyes open,delta,"merged(Kraków,Warszawa)",-0.1335264525987239
L-mPFC→L-pSTG,DMN→CEN,eyes open,delta,"merged(Kraków,Warszawa)",0.03622748233472088
L-mPFC→R-pSTG,DMN→CEN,eyes open,delta,"merged(Kraków,Warszawa)",-0.1347567300729824
L-mPFC→L-ITG,DMN→CEN,eyes open,delta,"merged(Kraków,Warszawa)",0.003982957539102927
L-mPFC→R-ITG,DMN→CEN,eyes open,delta,"merged(Kraków,Warszawa)",0.1352952832682824
L-mPFC→L-SUP,DMN→CEN,eyes open,delta,"merged(Kraków,Warszawa)",0.007746670967243985
L-mPFC→R-SUP,DMN→CEN,eyes open,delta,"merged(Kraków,Warszawa)",-0.03349093929926531
R-mPFC→L-ACC,DMN→SN,eyes open,delta,"merged(Kraków,Warszawa)",0.14983523618588782
R-mPFC→R-ACC,DMN→SN,eyes open,delta,"merged(Kraków,Warszawa)",-0.09491903874595557
R-mPFC→L-INS,DMN→SN,eyes open,delta,"merged(Kraków,Warszawa)",0.09283512370220624
R-mPFC→R-INS,DMN→SN,eyes open,delta,"merged(Kraków,Warszawa)",-0.10670175340061816
R-mPFC→L-IFG,DMN→DMN,eyes open,delta,"merged(Kraków,Warszawa)",0.1304451400831316
R-mPFC→R-IFG,DMN→CEN,eyes open,delta,"merged(Kraków,Warszawa)",-0.12183400703029176
R-mPFC→L-mPFC,DMN→DMN,eyes open,delta,"merged(Kraków,Warszawa)",-0.08316397704329788
R-mPFC→L-aSTG,DMN→DMN,eyes open,delta,"merged(Kraków,Warszawa)",0.034233308995194965
R-mPFC→R-aSTG,DMN→DMN,eyes open,delta,"merged(Kraków,Warszawa)",-0.08437503598386446
R-mPFC→L-PREC,DMN→DMN,eyes open,delta,"merged(Kraków,Warszawa)",-0.08129527180302992
R-mPFC→R-PREC,DMN→DMN,eyes open,delta,"merged(Kraków,Warszawa)",-0.02345070364385282
R-mPFC→L-ANG,DMN→DMN,eyes open,delta,"merged(Kraków,Warszawa)",-0.019035831189303996
R-mPFC→R-ANG,DMN→DMN,eyes open,delta,"merged(Kraków,Warszawa)",-0.030629631287159106
R-mPFC→L-SFG,DMN→CEN,eyes open,delta,"merged(Kraków,Warszawa)",0.09016293674885759
R-mPFC→R-SFG,DMN→CEN,eyes open,delta,"merged(Kraków,Warszawa)",-0.024353487107581256
R-mPFC→L-pSTG,DMN→CEN,eyes open,delta,"merged(Kraków,Warszawa)",-0.07424232032729096
R-mPFC→R-pSTG,DMN→CEN,eyes open,delta,"merged(Kraków,Warszawa)",-0.1314375987903966
R-mPFC→L-ITG,DMN→CEN,eyes open,delta,"merged(Kraków,Warszawa)",-0.10012545887461993
R-mPFC→R-ITG,DMN→CEN,eyes open,delta,"merged(Kraków,Warszawa)",-0.2165774756066096
R-mPFC→L-SUP,DMN→CEN,eyes open,delta,"merged(Kraków,Warszawa)",-0.07910719767533214
R-mPFC→R-SUP,DMN→CEN,eyes open,delta,"merged(Kraków,Warszawa)",0.03751803751803752
L-aSTG→L-ACC,DMN→SN,eyes open,delta,"merged(Kraków,Warszawa)",0.2653973673277919
L-aSTG→R-ACC,DMN→SN,eyes open,delta,"merged(Kraków,Warszawa)",0.11774258142475963
L-aSTG→L-INS,DMN→SN,eyes open,delta,"merged(Kraków,Warszawa)",0.1971737902645727
L-aSTG→R-INS,DMN→SN,eyes open,delta,"merged(Kraków,Warszawa)",0.04714570361948365
L-aSTG→L-IFG,DMN→DMN,eyes open,delta,"merged(Kraków,Warszawa)",-0.09079139649239867
L-aSTG→R-IFG,DMN→CEN,eyes open,delta,"merged(Kraków,Warszawa)",-0.03268416298540874
L-aSTG→L-mPFC,DMN→DMN,eyes open,delta,"merged(Kraków,Warszawa)",0.09084732316131583
L-aSTG→R-mPFC,DMN→DMN,eyes open,delta,"merged(Kraków,Warszawa)",0.10778732982840529
L-aSTG→R-aSTG,DMN→DMN,eyes open,delta,"merged(Kraków,Warszawa)",0.19433922222513045
L-aSTG→L-PREC,DMN→DMN,eyes open,delta,"merged(Kraków,Warszawa)",0.25824544746860667
L-aSTG→R-PREC,DMN→DMN,eyes open,delta,"merged(Kraków,Warszawa)",0.03614368696653385
L-aSTG→L-ANG,DMN→DMN,eyes open,delta,"merged(Kraków,Warszawa)",-0.01691126637883694
L-aSTG→R-ANG,DMN→DMN,eyes open,delta,"merged(Kraków,Warszawa)",0.14484330914631624
L-aSTG→L-SFG,DMN→CEN,eyes open,delta,"merged(Kraków,Warszawa)",0.15002473397287694
L-aSTG→R-SFG,DMN→CEN,eyes open,delta,"merged(Kraków,Warszawa)",0.13944007741039174
L-aSTG→L-pSTG,DMN→CEN,eyes open,delta,"merged(Kraków,Warszawa)",0.05878588572646295
L-aSTG→R-pSTG,DMN→CEN,eyes open,delta,"merged(Kraków,Warszawa)",-0.01691126637883694
L-aSTG→L-ITG,DMN→CEN,eyes open,delta,"merged(Kraków,Warszawa)",0.18259338872152084
L-aSTG→R-ITG,DMN→CEN,eyes open,delta,"merged(Kraków,Warszawa)",-0.16606546349549464
L-aSTG→L-SUP,DMN→CEN,eyes open,delta,"merged(Kraków,Warszawa)",-0.07411677578571337
L-aSTG→R-SUP,DMN→CEN,eyes open,delta,"merged(Kraków,Warszawa)",0.0967625565395491
R-aSTG→L-ACC,DMN→SN,eyes open,delta,"merged(Kraków,Warszawa)",-0.04606732068838362
R-aSTG→R-ACC,DMN→SN,eyes open,delta,"merged(Kraków,Warszawa)",0.0016579672920428372
R-aSTG→L-INS,DMN→SN,eyes open,delta,"merged(Kraków,Warszawa)",0.031965829732982176
R-aSTG→R-INS,DMN→SN,eyes open,delta,"merged(Kraków,Warszawa)",-0.03908450607308804
R-aSTG→L-IFG,DMN→DMN,eyes open,delta,"merged(Kraków,Warszawa)",0.13842864258676746
R-aSTG→R-IFG,DMN→CEN,eyes open,delta,"merged(Kraków,Warszawa)",-0.11291738952104251
R-aSTG→L-mPFC,DMN→DMN,eyes open,delta,"merged(Kraków,Warszawa)",0.09357985492416673
R-aSTG→R-mPFC,DMN→DMN,eyes open,delta,"merged(Kraków,Warszawa)",0.07406844161474267
R-aSTG→L-aSTG,DMN→DMN,eyes open,delta,"merged(Kraków,Warszawa)",-0.044803673565388016
R-aSTG→L-PREC,DMN→DMN,eyes open,delta,"merged(Kraków,Warszawa)",-0.03591638357540393
R-aSTG→R-PREC,DMN→DMN,eyes open,delta,"merged(Kraków,Warszawa)",-0.046647865887014237
R-aSTG→L-ANG,DMN→DMN,eyes open,delta,"merged(Kraków,Warszawa)",-0.13181415182027484
R-aSTG→R-ANG,DMN→DMN,eyes open,delta,"merged(Kraków,Warszawa)",0.04478303523790165
R-aSTG→L-SFG,DMN→CEN,eyes open,delta,"merged(Kraków,Warszawa)",0.10332804167962033
R-aSTG→R-SFG,DMN→CEN,eyes open,delta,"merged(Kraków,Warszawa)",0.036948503604744797
R-aSTG→L-pSTG,DMN→CEN,eyes open,delta,"merged(Kraków,Warszawa)",-0.03823953823953824
R-aSTG→R-pSTG,DMN→CEN,eyes open,delta,"merged(Kraków,Warszawa)",0.03160858962178553
R-aSTG→L-ITG,DMN→CEN,eyes open,delta,"merged(Kraków,Warszawa)",-0.23944258331666385
R-aSTG→R-ITG,DMN→CEN,eyes open,delta,"merged(Kraków,Warszawa)",-0.3368304737487869
R-aSTG→L-SUP,DMN→CEN,eyes open,delta,"merged(Kraków,Warszawa)",-0.0013047953316992265
R-aSTG→R-SUP,DMN→CEN,eyes open,delta,"merged(Kraków,Warszawa)",-0.011174753906691856
L-PREC→L-ACC,DMN→SN,eyes open,delta,"merged(Kraków,Warszawa)",0.05710956680671218
L-PREC→R-ACC,DMN→SN,eyes open,delta,"merged(Kraków,Warszawa)",0.008129527180302992
L-PREC→L-INS,DMN→SN,eyes open,delta,"merged(Kraków,Warszawa)",0.13432680282472642
L-PREC→R-INS,DMN→SN,eyes open,delta,"merged(Kraków,Warszawa)",-0.10438362653593812
L-PREC→L-IFG,DMN→DMN,eyes open,delta,"merged(Kraków,Warszawa)",-0.08922854141782317
L-PREC→R-IFG,DMN→CEN,eyes open,delta,"merged(Kraków,Warszawa)",-0.1309794160713841
L-PREC→L-mPFC,DMN→DMN,eyes open,delta,"merged(Kraków,Warszawa)",0.10452775052470198
L-PREC→R-mPFC,DMN→DMN,eyes open,delta,"merged(Kraków,Warszawa)",-0.03699416249996814
L-PREC→L-aSTG,DMN→DMN,eyes open,delta,"merged(Kraków,Warszawa)",-0.14789099119283972
L-PREC→R-aSTG,DMN→DMN,eyes open,delta,"merged(Kraków,Warszawa)",-0.03590541171300488
L-PREC→R-PREC,DMN→DMN,eyes open,delta,"merged(Kraków,Warszawa)",-0.01441713029304171
L-PREC→L-ANG,DMN→DMN,eyes open,delta,"merged(Kraków,Warszawa)",-0.026462702640578248
L-PREC→R-ANG,DMN→DMN,eyes open,delta,"merged(Kraków,Warszawa)",-0.010410711313222796
L-PREC→L-SFG,DMN→CEN,eyes open,delta,"merged(Kraków,Warszawa)",-0.00951826113445203
L-PREC→R-SFG,DMN→CEN,eyes open,delta,"merged(Kraków,Warszawa)",-0.04619753145242616
L-PREC→L-pSTG,DMN→CEN,eyes open,delta,"merged(Kraków,Warszawa)",-0.03665472874708866
L-PREC→R-pSTG,DMN→CEN,eyes open,delta,"merged(Kraków,Warszawa)",0.10210987501458858
L-PREC→L-ITG,DMN→CEN,eyes open,delta,"merged(Kraków,Warszawa)",-0.13288732064849934
L-PREC→R-ITG,DMN→CEN,eyes open,delta,"merged(Kraków,Warszawa)",0.07562357279849637
L-PREC→L-SUP,DMN→CEN,eyes open,delta,"merged(Kraków,Warszawa)",-0.010269652534366916
L-PREC→R-SUP,DMN→CEN,eyes open,delta,"merged(Kraków,Warszawa)",-0.08871415667468088
R-PREC→L-ACC,DMN→SN,eyes open,delta,"merged(Kraków,Warszawa)",0.12278354821358725
R-PREC→R-ACC,DMN→SN,eyes open,delta,"merged(Kraków,Warszawa)",-0.11217704579067476
R-PREC→L-INS,DMN→SN,eyes open,delta,"merged(Kraków,Warszawa)",0.12600767129469637
R-PREC→R-INS,DMN→SN,eyes open,delta,"merged(Kraków,Warszawa)",-0.12721231209395267
R-PREC→L-IFG,DMN→DMN,eyes open,delta,"merged(Kraków,Warszawa)",0.1741006729670315
R-PREC→R-IFG,DMN→CEN,eyes open,delta,"merged(Kraków,Warszawa)",0.05758415086047952
R-PREC→L-mPFC,DMN→DMN,eyes open,delta,"merged(Kraków,Warszawa)",0.07289581022603352
R-PREC→R-mPFC,DMN→DMN,eyes open,delta,"merged(Kraków,Warszawa)",0.12642067487606895
R-PREC→L-aSTG,DMN→DMN,eyes open,delta,"merged(Kraków,Warszawa)",-0.002876334507453199
R-PREC→R-aSTG,DMN→DMN,eyes open,delta,"merged(Kraków,Warszawa)",0.11040956751427133
R-PREC→L-PREC,DMN→DMN,eyes open,delta,"merged(Kraków,Warszawa)",0.061811048086442236
R-PREC→L-ANG,DMN→DMN,eyes open,delta,"merged(Kraków,Warszawa)",-0.07677567357174792
R-PREC→R-ANG,DMN→DMN,eyes open,delta,"merged(Kraków,Warszawa)",0.03955110456726408
R-PREC→L-SFG,DMN→CEN,eyes open,delta,"merged(Kraków,Warszawa)",0.07113336282765118
R-PREC→R-SFG,DMN→CEN,eyes open,delta,"merged(Kraków,Warszawa)",0.03001933868317435
R-PREC→L-pSTG,DMN→CEN,eyes open,delta,"merged(Kraków,Warszawa)",-0.021153265959426744
R-PREC→R-pSTG,DMN→CEN,eyes open,delta,"merged(Kraków,Warszawa)",-0.006369536815867006
R-PREC→L-ITG,DMN→CEN,eyes open,delta,"merged(Kraków,Warszawa)",-0.07685686631925051
R-PREC→R-ITG,DMN→CEN,eyes open,delta,"merged(Kraków,Warszawa)",-0.13533224690846027
R-PREC→L-SUP,DMN→CEN,eyes open,delta,"merged(Kraków,Warszawa)",-0.014848464065458191
R-PREC→R-SUP,DMN→CEN,eyes open,delta,"merged(Kraków,Warszawa)",-0.1352478733955732
L-ANG→L-ACC,DMN→SN,eyes open,delta,"merged(Kraków,Warszawa)",-0.03160858962178553
L-ANG→R-ACC,DMN→SN,eyes open,delta,"merged(Kraków,Warszawa)",0.01825314934023812
L-ANG→L-INS,DMN→SN,eyes open,delta,"merged(Kraków,Warszawa)",0.09484989940214066
L-ANG→R-INS,DMN→SN,eyes open,delta,"merged(Kraków,Warszawa)",-0.1635035170724183
L-ANG→L-IFG,DMN→DMN,eyes open,delta,"merged(Kraków,Warszawa)",0.004566783660947293
L-ANG→R-IFG,DMN→CEN,eyes open,delta,"merged(Kraków,Warszawa)",-0.11866867480208956
L-ANG→L-mPFC,DMN→DMN,eyes open,delta,"merged(Kraków,Warszawa)",-0.11145796216381147
L-ANG→R-mPFC,DMN→DMN,eyes open,delta,"merged(Kraków,Warszawa)",0.13831973112108928
L-ANG→L-aSTG,DMN→DMN,eyes open,delta,"merged(Kraków,Warszawa)",0.07274537430700288
L-ANG→R-aSTG,DMN→DMN,eyes open,delta,"merged(Kraków,Warszawa)",0.006345979787828023
L-ANG→L-PREC,DMN→DMN,eyes open,delta,"merged(Kraków,Warszawa)",-0.022767827142261367
L-ANG→R-PREC,DMN→DMN,eyes open,delta,"merged(Kraków,Warszawa)",0.04261661679657226
L-ANG→R-ANG,DMN→DMN,eyes open,delta,"merged(Kraków,Warszawa)",0.06680480687411833
L-ANG→L-SFG,DMN→CEN,eyes open,delta,"merged(Kraków,Warszawa)",-0.23864676822523695
L-ANG→R-SFG,DMN→CEN,eyes open,delta,"merged(Kraków,Warszawa)",-0.09095977959010698
L-ANG→L-pSTG,DMN→CEN,eyes open,delta,"merged(Kraków,Warszawa)",-0.2808032014212235
L-ANG→R-pSTG,DMN→CEN,eyes open,delta,"merged(Kraków,Warszawa)",0.04449492083146098
L-ANG→L-ITG,DMN→CEN,eyes open,delta,"merged(Kraków,Warszawa)",0.09177500953756365
L-ANG→R-ITG,DMN→CEN,eyes open,delta,"merged(Kraków,Warszawa)",-0.2774531755690064
L-ANG→L-SUP,DMN→CEN,eyes open,delta,"merged(Kraków,Warszawa)",-0.17796190468462525
L-ANG→R-SUP,DMN→CEN,eyes open,delta,"merged(Kraków,Warszawa)",-0.06308544596538439
R-ANG→L-ACC,DMN→SN,eyes open,delta,"merged(Kraków,Warszawa)",-0.047720307236775804
R-ANG→R-ACC,DMN→SN,eyes open,delta,"merged(Kraków,Warszawa)",-0.01899222147907443
R-ANG→L-INS,DMN→SN,eyes open,delta,"merged(Kraków,Warszawa)",-0.04937977584559351
R-ANG→R-INS,DMN→SN,eyes open,delta,"merged(Kraków,Warszawa)",-0.16179462113070409
R-ANG→L-IFG,DMN→DMN,eyes open,delta,"merged(Kraków,Warszawa)",-0.15222521073559467
R-ANG→R-IFG,DMN→CEN,eyes open,delta,"merged(Kraków,Warszawa)",-0.12811846750781083
R-ANG→L-mPFC,DMN→DMN,eyes open,delta,"merged(Kraków,Warszawa)",-0.0007647191129018727
R-ANG→R-mPFC,DMN→DMN,eyes open,delta,"merged(Kraków,Warszawa)",-0.15791458715669546
R-ANG→L-aSTG,DMN→DMN,eyes open,delta,"merged(Kraków,Warszawa)",-0.022514504012380764
R-ANG→R-aSTG,DMN→DMN,eyes open,delta,"merged(Kraków,Warszawa)",-0.05628603820162058
R-ANG→L-PREC,DMN→DMN,eyes open,delta,"merged(Kraków,Warszawa)",0.16962339312089944
R-ANG→R-PREC,DMN→DMN,eyes open,delta,"merged(Kraków,Warszawa)",-0.005141405163241248
R-ANG→L-ANG,DMN→DMN,eyes open,delta,"merged(Kraków,Warszawa)",-0.042590681793888946
R-ANG→L-SFG,DMN→CEN,eyes open,delta,"merged(Kraków,Warszawa)",0.07805028057625331
R-ANG→R-SFG,DMN→CEN,eyes open,delta,"merged(Kraków,Warszawa)",-0.12066221489939609
R-ANG→L-pSTG,DMN→CEN,eyes open,delta,"merged(Kraków,Warszawa)",-0.13131313131313133
R-ANG→R-pSTG,DMN→CEN,eyes open,delta,"merged(Kraków,Warszawa)",-0.13441102069616406
R-ANG→L-ITG,DMN→CEN,eyes open,delta,"merged(Kraków,Warszawa)",-0.22299816931768163
R-ANG→R-ITG,DMN→CEN,eyes open,delta,"merged(Kraków,Warszawa)",-0.06631280098514554
R-ANG→L-SUP,DMN→CEN,eyes open,delta,"merged(Kraków,Warszawa)",-0.08053736620868958
R-ANG→R-SUP,DMN→CEN,eyes open,delta,"merged(Kraków,Warszawa)",-0.0949271546819531
L-SFG→L-ACC,CEN→SN,eyes open,delta,"merged(Kraków,Warszawa)",-0.005409039157287668
L-SFG→R-ACC,CEN→SN,eyes open,delta,"merged(Kraków,Warszawa)",0.13790676260435575
L-SFG→L-INS,CEN→SN,eyes open,delta,"merged(Kraków,Warszawa)",0.03445843938031584
L-SFG→R-INS,CEN→SN,eyes open,delta,"merged(Kraków,Warszawa)",0.11563785391153288
L-SFG→L-IFG,CEN→DMN,eyes open,delta,"merged(Kraków,Warszawa)",-0.055180890960089685
L-SFG→R-IFG,CEN→CEN,eyes open,delta,"merged(Kraków,Warszawa)",0.07262744631319329
L-SFG→L-mPFC,CEN→DMN,eyes open,delta,"merged(Kraków,Warszawa)",-0.04921059227673766
L-SFG→R-mPFC,CEN→DMN,eyes open,delta,"merged(Kraków,Warszawa)",-0.07394549559641986
L-SFG→L-aSTG,CEN→DMN,eyes open,delta,"merged(Kraków,Warszawa)",-0.1931815636313086
L-SFG→R-aSTG,CEN→DMN,eyes open,delta,"merged(Kraków,Warszawa)",0.1060681204068566
L-SFG→L-PREC,CEN→DMN,eyes open,delta,"merged(Kraków,Warszawa)",0.009760041856146371
L-SFG→R-PREC,CEN→DMN,eyes open,delta,"merged(Kraków,Warszawa)",0.11457596628839477
L-SFG→L-ANG,CEN→DMN,eyes open,delta,"merged(Kraków,Warszawa)",-0.0031969414019617547
L-SFG→R-ANG,CEN→DMN,eyes open,delta,"merged(Kraków,Warszawa)",-0.011395332887444657
L-SFG→R-SFG,CEN→CEN,eyes open,delta,"merged(Kraków,Warszawa)",-0.16251289967110574
L-SFG→L-pSTG,CEN→CEN,eyes open,delta,"merged(Kraków,Warszawa)",-0.135482685409315
L-SFG→R-pSTG,CEN→CEN,eyes open,delta,"merged(Kraków,Warszawa)",-0.07183276715080786
L-SFG→L-ITG,CEN→CEN,eyes open,delta,"merged(Kraków,Warszawa)",-0.18141815361722688
L-SFG→R-ITG,CEN→CEN,eyes open,delta,"merged(Kraków,Warszawa)",-0.0012554950072813623
L-SFG→L-SUP,CEN→CEN,eyes open,delta,"merged(Kraków,Warszawa)",-0.19690841925180969
L-SFG→R-SUP,CEN→CEN,eyes open,delta,"merged(Kraków,Warszawa)",0.04007344396905873
R-SFG→L-ACC,CEN→SN,eyes open,delta,"merged(Kraków,Warszawa)",-0.053106100521372365
R-SFG→R-ACC,CEN→SN,eyes open,delta,"merged(Kraków,Warszawa)",0.3281560259223555
R-SFG→L-INS,CEN→SN,eyes open,delta,"merged(Kraków,Warszawa)",0.14852112307773455
R-SFG→R-INS,CEN→SN,eyes open,delta,"merged(Kraków,Warszawa)",-0.049454623680176536
R-SFG→L-IFG,CEN→DMN,eyes open,delta,"merged(Kraków,Warszawa)",-0.07382295467339292
R-SFG→R-IFG,CEN→CEN,eyes open,delta,"merged(Kraków,Warszawa)",-0.07557073855502103
R-SFG→L-mPFC,CEN→DMN,eyes open,delta,"merged(Kraków,Warszawa)",-0.06571367804078253
R-SFG→R-mPFC,CEN→DMN,eyes open,delta,"merged(Kraków,Warszawa)",0.11407348699606255
R-SFG→L-aSTG,CEN→DMN,eyes open,delta,"merged(Kraków,Warszawa)",0.09405850918097257
R-SFG→R-aSTG,CEN→DMN,eyes open,delta,"merged(Kraków,Warszawa)",0.010067170776086197
R-SFG→L-PREC,CEN→DMN,eyes open,delta,"merged(Kraków,Warszawa)",-0.006261475620165427
R-SFG→R-PREC,CEN→DMN,eyes open,delta,"merged(Kraków,Warszawa)",-0.09079313581571381
R-SFG→L-ANG,CEN→DMN,eyes open,delta,"merged(Kraków,Warszawa)",-0.02303366034419181
R-SFG→R-ANG,CEN→DMN,eyes open,delta,"merged(Kraków,Warszawa)",0.17098977090835177
R-SFG→L-SFG,CEN→CEN,eyes open,delta,"merged(Kraków,Warszawa)",0.011909803285556197
R-SFG→L-pSTG,CEN→CEN,eyes open,delta,"merged(Kraków,Warszawa)",0.16780292863650328
R-SFG→R-pSTG,CEN→CEN,eyes open,delta,"merged(Kraków,Warszawa)",-0.09150797621735862
R-SFG→L-ITG,CEN→CEN,eyes open,delta,"merged(Kraków,Warszawa)",0.04173399502150475
R-SFG→R-ITG,CEN→CEN,eyes open,delta,"merged(Kraków,Warszawa)",-0.17990813437450506
R-SFG→L-SUP,CEN→CEN,eyes open,delta,"merged(Kraków,Warszawa)",0.08855704911536434
R-SFG→R-SUP,CEN→CEN,eyes open,delta,"merged(Kraków,Warszawa)",-0.06015756240903193
L-pSTG→L-ACC,CEN→SN,eyes open,delta,"merged(Kraków,Warszawa)",0.012085959123047364
L-pSTG→R-ACC,CEN→SN,eyes open,delta,"merged(Kraków,Warszawa)",0.09325788559331115
L-pSTG→L-INS,CEN→SN,eyes open,delta,"merged(Kraków,Warszawa)",0.15005916185177104
L-pSTG→R-INS,CEN→SN,eyes open,delta,"merged(Kraków,Warszawa)",0.15879045384807033
L-pSTG→L-IFG,CEN→DMN,eyes open,delta,"merged(Kraków,Warszawa)",-0.004588314677411236
L-pSTG→R-IFG,CEN→CEN,eyes open,delta,"merged(Kraków,Warszawa)",-0.02654651635481739
L-pSTG→L-mPFC,CEN→DMN,eyes open,delta,"merged(Kraków,Warszawa)",-0.08862867103840133
L-pSTG→R-mPFC,CEN→DMN,eyes open,delta,"merged(Kraków,Warszawa)",-0.04414471276807175
L-pSTG→L-aSTG,CEN→DMN,eyes open,delta,"merged(Kraków,Warszawa)",-0.07572671547752996
L-pSTG→R-aSTG,CEN→DMN,eyes open,delta,"merged(Kraków,Warszawa)",0.22621714660861142
L-pSTG→L-PREC,CEN→DMN,eyes open,delta,"merged(Kraków,Warszawa)",0.02235619974583323
L-pSTG→R-PREC,CEN→DMN,eyes open,delta,"merged(Kraków,Warszawa)",0.14869371095517098
L-pSTG→L-ANG,CEN→DMN,eyes open,delta,"merged(Kraków,Warszawa)",-0.17571977620700938
L-pSTG→R-ANG,CEN→DMN,eyes open,delta,"merged(Kraków,Warszawa)",0.12337662337662338
L-pSTG→L-SFG,CEN→CEN,eyes open,delta,"merged(Kraków,Warszawa)",0.11463026370888535
L-pSTG→R-SFG,CEN→CEN,eyes open,delta,"merged(Kraków,Warszawa)",-0.08341370071614278
L-pSTG→R-pSTG,CEN→CEN,eyes open,delta,"merged(Kraków,Warszawa)",0.0652920616359042
L-pSTG→L-ITG,CEN→CEN,eyes open,delta,"merged(Kraków,Warszawa)",-0.045334952923343566
L-pSTG→R-ITG,CEN→CEN,eyes open,delta,"merged(Kraków,Warszawa)",-0.10986187917182379
L-pSTG→L-SUP,CEN→CEN,eyes open,delta,"merged(Kraków,Warszawa)",-0.029738742191034194
L-pSTG→R-SUP,CEN→CEN,eyes open,delta,"merged(Kraków,Warszawa)",-0.01397915904322272
R-pSTG→L-ACC,CEN→SN,eyes open,delta,"merged(Kraków,Warszawa)",0.21630909256355152
R-pSTG→R-ACC,CEN→SN,eyes open,delta,"merged(Kraków,Warszawa)",0.08653903779116448
R-pSTG→L-INS,CEN→SN,eyes open,delta,"merged(Kraków,Warszawa)",0.17082486793454527
R-pSTG→R-INS,CEN→SN,eyes open,delta,"merged(Kraków,Warszawa)",-0.03883051585061819
R-pSTG→L-IFG,CEN→DMN,eyes open,delta,"merged(Kraków,Warszawa)",-0.013764944032233708
R-pSTG→R-IFG,CEN→CEN,eyes open,delta,"merged(Kraków,Warszawa)",-0.015931830156411707
R-pSTG→L-mPFC,CEN→DMN,eyes open,delta,"merged(Kraków,Warszawa)",-0.08529234009693426
R-pSTG→R-mPFC,CEN→DMN,eyes open,delta,"merged(Kraków,Warszawa)",0.10677784282552258
R-pSTG→L-aSTG,CEN→DMN,eyes open,delta,"merged(Kraków,Warszawa)",-0.0579140239393619
R-pSTG→R-aSTG,CEN→DMN,eyes open,delta,"merged(Kraków,Warszawa)",0.15303555379734662
R-pSTG→L-PREC,CEN→DMN,eyes open,delta,"merged(Kraków,Warszawa)",0.24427110129764537
R-pSTG→R-PREC,CEN→DMN,eyes open,delta,"merged(Kraków,Warszawa)",0.08937848022139701
R-pSTG→L-ANG,CEN→DMN,eyes open,delta,"merged(Kraków,Warszawa)",-0.21845987531362057
R-pSTG→R-ANG,CEN→DMN,eyes open,delta,"merged(Kraków,Warszawa)",0.15606209249571787
R-pSTG→L-SFG,CEN→CEN,eyes open,delta,"merged(Kraków,Warszawa)",0.07685686631925051
R-pSTG→R-SFG,CEN→CEN,eyes open,delta,"merged(Kraków,Warszawa)",-0.03450789794499593
R-pSTG→L-pSTG,CEN→CEN,eyes open,delta,"merged(Kraków,Warszawa)",-0.015181671604374444
R-pSTG→L-ITG,CEN→CEN,eyes open,delta,"merged(Kraków,Warszawa)",-0.003383837434176061
R-pSTG→R-ITG,CEN→CEN,eyes open,delta,"merged(Kraków,Warszawa)",-0.10783135161085261
R-pSTG→L-SUP,CEN→CEN,eyes open,delta,"merged(Kraków,Warszawa)",-0.015931830156411707
R-pSTG→R-SUP,CEN→CEN,eyes open,delta,"merged(Kraków,Warszawa)",-0.11935860895791565
L-ITG→L-ACC,CEN→SN,eyes open,delta,"merged(Kraków,Warszawa)",0.08907425173319604
L-ITG→R-ACC,CEN→SN,eyes open,delta,"merged(Kraków,Warszawa)",0.10094162915542881
L-ITG→L-INS,CEN→SN,eyes open,delta,"merged(Kraków,Warszawa)",-0.1174474867717435
L-ITG→R-INS,CEN→SN,eyes open,delta,"merged(Kraków,Warszawa)",-0.04345916177180723
L-ITG→L-IFG,CEN→DMN,eyes open,delta,"merged(Kraków,Warszawa)",-0.08397029364171309
L-ITG→R-IFG,CEN→CEN,eyes open,delta,"merged(Kraków,Warszawa)",-0.027851037851624922
L-ITG→L-mPFC,CEN→DMN,eyes open,delta,"merged(Kraków,Warszawa)",0.01894464672549624
L-ITG→R-mPFC,CEN→DMN,eyes open,delta,"merged(Kraków,Warszawa)",-0.0084119102419206
L-ITG→L-aSTG,CEN→DMN,eyes open,delta,"merged(Kraków,Warszawa)",-0.07686619527707314
L-ITG→R-aSTG,CEN→DMN,eyes open,delta,"merged(Kraków,Warszawa)",0.052180869050928246
L-ITG→L-PREC,CEN→DMN,eyes open,delta,"merged(Kraków,Warszawa)",0.01962317580172674
L-ITG→R-PREC,CEN→DMN,eyes open,delta,"merged(Kraków,Warszawa)",-0.10083056773993417
L-ITG→L-ANG,CEN→DMN,eyes open,delta,"merged(Kraków,Warszawa)",0.11097244246493743
L-ITG→R-ANG,CEN→DMN,eyes open,delta,"merged(Kraków,Warszawa)",-0.002029983703626904
L-ITG→L-SFG,CEN→CEN,eyes open,delta,"merged(Kraków,Warszawa)",0.026553050260686183
L-ITG→R-SFG,CEN→CEN,eyes open,delta,"merged(Kraków,Warszawa)",0.09166717593016979
L-ITG→L-pSTG,CEN→CEN,eyes open,delta,"merged(Kraków,Warszawa)",0.12264835433879298
L-ITG→R-pSTG,CEN→CEN,eyes open,delta,"merged(Kraków,Warszawa)",0.1594547466804074
L-ITG→R-ITG,CEN→CEN,eyes open,delta,"merged(Kraków,Warszawa)",0.04653718511073884
L-ITG→L-SUP,CEN→CEN,eyes open,delta,"merged(Kraków,Warszawa)",0.05961653265555528
L-ITG→R-SUP,CEN→CEN,eyes open,delta,"merged(Kraków,Warszawa)",-0.03042584525974313
R-ITG→L-ACC,CEN→SN,eyes open,delta,"merged(Kraków,Warszawa)",0.04757252377420247
R-ITG→R-ACC,CEN→SN,eyes open,delta,"merged(Kraków,Warszawa)",0.18880297840994367
R-ITG→L-INS,CEN→SN,eyes open,delta,"merged(Kraków,Warszawa)",0.2430478926679512
R-ITG→R-INS,CEN→SN,eyes open,delta,"merged(Kraków,Warszawa)",-0.051409725509891896
R-ITG→L-IFG,CEN→DMN,eyes open,delta,"merged(Kraków,Warszawa)",0.06368129624570677
R-ITG→R-IFG,CEN→CEN,eyes open,delta,"merged(Kraków,Warszawa)",-0.13495853757228693
R-ITG→L-mPFC,CEN→DMN,eyes open,delta,"merged(Kraków,Warszawa)",0.21124230038065464
R-ITG→R-mPFC,CEN→DMN,eyes open,delta,"merged(Kraków,Warszawa)",0.1434521817229679
R-ITG→L-aSTG,CEN→DMN,eyes open,delta,"merged(Kraków,Warszawa)",-0.023748579292826633
R-ITG→R-aSTG,CEN→DMN,eyes open,delta,"merged(Kraków,Warszawa)",-0.09067260542866838
R-ITG→L-PREC,CEN→DMN,eyes open,delta,"merged(Kraków,Warszawa)",0.33957493990227416
R-ITG→R-PREC,CEN→DMN,eyes open,delta,"merged(Kraków,Warszawa)",0.03352426172007557
R-ITG→L-ANG,CEN→DMN,eyes open,delta,"merged(Kraków,Warszawa)",0.06182039035001395
R-ITG→R-ANG,CEN→DMN,eyes open,delta,"merged(Kraków,Warszawa)",0.26393061830076087
R-ITG→L-SFG,CEN→CEN,eyes open,delta,"merged(Kraków,Warszawa)",0.20933532489280207
R-ITG→R-SFG,CEN→CEN,eyes open,delta,"merged(Kraków,Warszawa)",-0.045719696649466436
R-ITG→L-pSTG,CEN→CEN,eyes open,delta,"merged(Kraków,Warszawa)",0.022329820739895943
R-ITG→R-pSTG,CEN→CEN,eyes open,delta,"merged(Kraków,Warszawa)",0.028544529030237645
R-ITG→L-ITG,CEN→CEN,eyes open,delta,"merged(Kraków,Warszawa)",-0.007165492780066141
R-ITG→L-SUP,CEN→CEN,eyes open,delta,"merged(Kraków,Warszawa)",0.08400511419646425
R-ITG→R-SUP,CEN→CEN,eyes open,delta,"merged(Kraków,Warszawa)",0.15090183247919137
L-SUP→L-ACC,CEN→SN,eyes open,delta,"merged(Kraków,Warszawa)",0.03878098759228237
L-SUP→R-ACC,CEN→SN,eyes open,delta,"merged(Kraków,Warszawa)",0.060681602888767845
L-SUP→L-INS,CEN→SN,eyes open,delta,"merged(Kraków,Warszawa)",-0.025887010567078792
L-SUP→R-INS,CEN→SN,eyes open,delta,"merged(Kraków,Warszawa)",0.05231054998147063
L-SUP→L-IFG,CEN→DMN,eyes open,delta,"merged(Kraków,Warszawa)",0.0714578779996788
L-SUP→R-IFG,CEN→CEN,eyes open,delta,"merged(Kraków,Warszawa)",0.06635950224667271
L-SUP→L-mPFC,CEN→DMN,eyes open,delta,"merged(Kraków,Warszawa)",0.02522539774765187
L-SUP→R-mPFC,CEN→DMN,eyes open,delta,"merged(Kraków,Warszawa)",-0.06134478980558498
L-SUP→L-aSTG,CEN→DMN,eyes open,delta,"merged(Kraków,Warszawa)",-0.11051036717939822
L-SUP→R-aSTG,CEN→DMN,eyes open,delta,"merged(Kraków,Warszawa)",0.09092313214967912
L-SUP→L-PREC,CEN→DMN,eyes open,delta,"merged(Kraków,Warszawa)",0.18711993169218216
L-SUP→R-PREC,CEN→DMN,eyes open,delta,"merged(Kraków,Warszawa)",0.044245523081196884
L-SUP→L-ANG,CEN→DMN,eyes open,delta,"merged(Kraków,Warszawa)",0.04080432068072134
L-SUP→R-ANG,CEN→DMN,eyes open,delta,"merged(Kraków,Warszawa)",0.12310456069776947
L-SUP→L-SFG,CEN→CEN,eyes open,delta,"merged(Kraków,Warszawa)",-0.10483383310799377
L-SUP→R-SFG,CEN→CEN,eyes open,delta,"merged(Kraków,Warszawa)",0.07124518583348587
L-SUP→L-pSTG,CEN→CEN,eyes open,delta,"merged(Kraków,Warszawa)",-0.09589748919894654
L-SUP→R-pSTG,CEN→CEN,eyes open,delta,"merged(Kraków,Warszawa)",-0.2523946404842784
L-SUP→L-ITG,CEN→CEN,eyes open,delta,"merged(Kraków,Warszawa)",-0.06839555993547981
L-SUP→R-ITG,CEN→CEN,eyes open,delta,"merged(Kraków,Warszawa)",-0.07210303085451718
L-SUP→R-SUP,CEN→CEN,eyes open,delta,"merged(Kraków,Warszawa)",0.04742224188510079
R-SUP→L-ACC,CEN→SN,eyes open,delta,"merged(Kraków,Warszawa)",-0.007981967076208468
R-SUP→R-ACC,CEN→SN,eyes open,delta,"merged(Kraków,Warszawa)",-0.07722082463585582
R-SUP→L-INS,CEN→SN,eyes open,delta,"merged(Kraków,Warszawa)",0.015444164927171166
R-SUP→R-INS,CEN→SN,eyes open,delta,"merged(Kraków,Warszawa)",-0.079055165841533
R-SUP→L-IFG,CEN→DMN,eyes open,delta,"merged(Kraków,Warszawa)",0.13862658669275982
R-SUP→R-IFG,CEN→CEN,eyes open,delta,"merged(Kraków,Warszawa)",-0.014367540737175243
R-SUP→L-mPFC,CEN→DMN,eyes open,delta,"merged(Kraków,Warszawa)",-0.027279736306306906
R-SUP→R-mPFC,CEN→DMN,eyes open,delta,"merged(Kraków,Warszawa)",-0.030588764516074906
R-SUP→L-aSTG,CEN→DMN,eyes open,delta,"merged(Kraków,Warszawa)",0.10429707616860817
R-SUP→R-aSTG,CEN→DMN,eyes open,delta,"merged(Kraków,Warszawa)",0.010576632979713372
R-SUP→L-PREC,CEN→DMN,eyes open,delta,"merged(Kraków,Warszawa)",0.1524286346306811
R-SUP→R-PREC,CEN→DMN,eyes open,delta,"merged(Kraków,Warszawa)",-0.0783860777409072
R-SUP→L-ANG,CEN→DMN,eyes open,delta,"merged(Kraków,Warszawa)",0.05208180928143221
R-SUP→R-ANG,CEN→DMN,eyes open,delta,"merged(Kraków,Warszawa)",0.11300297354021835
R-SUP→L-SFG,CEN→CEN,eyes open,delta,"merged(Kraków,Warszawa)",0.03811143222375489
R-SUP→R-SFG,CEN→CEN,eyes open,delta,"merged(Kraków,Warszawa)",-0.027550492728727873
R-SUP→L-pSTG,CEN→CEN,eyes open,delta,"merged(Kraków,Warszawa)",-0.0216035445115308
R-SUP→R-pSTG,CEN→CEN,eyes open,delta,"merged(Kraków,Warszawa)",-0.051114621751820896
R-SUP→L-ITG,CEN→CEN,eyes open,delta,"merged(Kraków,Warszawa)",-0.2644305257741165
R-SUP→R-ITG,CEN→CEN,eyes open,delta,"merged(Kraków,Warszawa)",-0.11367908740310662
R-SUP→L-SUP,CEN→CEN,eyes open,delta,"merged(Kraków,Warszawa)",0.026256615637091283
L-ACC→R-ACC,SN→SN,eyes open,gamma,"merged(Kraków,Warszawa)",0.08874071360890344
L-ACC→L-INS,SN→SN,eyes open,gamma,"merged(Kraków,Warszawa)",-0.09158748968438714
L-ACC→R-INS,SN→SN,eyes open,gamma,"merged(Kraków,Warszawa)",-0.11549582169345578
L-ACC→L-IFG,SN→DMN,eyes open,gamma,"merged(Kraków,Warszawa)",-0.01997653912339325
L-ACC→R-IFG,SN→CEN,eyes open,gamma,"merged(Kraków,Warszawa)",-0.025443508968134916
L-ACC→L-mPFC,SN→DMN,eyes open,gamma,"merged(Kraków,Warszawa)",-0.07434854072992131
L-ACC→R-mPFC,SN→DMN,eyes open,gamma,"merged(Kraków,Warszawa)",-0.03902038231155292
L-ACC→L-aSTG,SN→DMN,eyes open,gamma,"merged(Kraków,Warszawa)",-0.09613221312915705
L-ACC→R-aSTG,SN→DMN,eyes open,gamma,"merged(Kraków,Warszawa)",-0.09668109668109669
L-ACC→L-PREC,SN→DMN,eyes open,gamma,"merged(Kraków,Warszawa)",0.16518402495739706
L-ACC→R-PREC,SN→DMN,eyes open,gamma,"merged(Kraków,Warszawa)",-0.1108853027243972
L-ACC→L-ANG,SN→DMN,eyes open,gamma,"merged(Kraków,Warszawa)",0.0026145622637585727
L-ACC→R-ANG,SN→DMN,eyes open,gamma,"merged(Kraków,Warszawa)",-0.010654154199143066
L-ACC→L-SFG,SN→CEN,eyes open,gamma,"merged(Kraków,Warszawa)",-0.06142951168339512
L-ACC→R-SFG,SN→CEN,eyes open,gamma,"merged(Kraków,Warszawa)",-0.16698275123428116
L-ACC→L-pSTG,SN→CEN,eyes open,gamma,"merged(Kraków,Warszawa)",-0.18113741167360442
L-ACC→R-pSTG,SN→CEN,eyes open,gamma,"merged(Kraków,Warszawa)",-0.09785964987744199
L-ACC→L-ITG,SN→CEN,eyes open,gamma,"merged(Kraków,Warszawa)",-0.07914744747718333
L-ACC→R-ITG,SN→CEN,eyes open,gamma,"merged(Kraków,Warszawa)",-0.11419588451735045
L-ACC→L-SUP,SN→CEN,eyes open,gamma,"merged(Kraków,Warszawa)",-0.07410646168966223
L-ACC→R-SUP,SN→CEN,eyes open,gamma,"merged(Kraków,Warszawa)",-0.13862244198564594
R-ACC→L-ACC,SN→SN,eyes open,gamma,"merged(Kraków,Warszawa)",0.07459297847269407
R-ACC→L-INS,SN→SN,eyes open,gamma,"merged(Kraków,Warszawa)",0.059829069987984186
R-ACC→R-INS,SN→SN,eyes open,gamma,"merged(Kraków,Warszawa)",-0.11164910369947972
R-ACC→L-IFG,SN→DMN,eyes open,gamma,"merged(Kraków,Warszawa)",0.011323621005985787
R-ACC→R-IFG,SN→CEN,eyes open,gamma,"merged(Kraków,Warszawa)",-0.19134476018905125
R-ACC→L-mPFC,SN→DMN,eyes open,gamma,"merged(Kraków,Warszawa)",-0.057264534933566466
R-ACC→R-mPFC,SN→DMN,eyes open,gamma,"merged(Kraków,Warszawa)",-0.06493260004484432
R-ACC→L-aSTG,SN→DMN,eyes open,gamma,"merged(Kraków,Warszawa)",-0.01695047338597032
R-ACC→R-aSTG,SN→DMN,eyes open,gamma,"merged(Kraków,Warszawa)",0.002557553121569403
R-ACC→L-PREC,SN→DMN,eyes open,gamma,"merged(Kraków,Warszawa)",-0.003908450607308804
R-ACC→R-PREC,SN→DMN,eyes open,gamma,"merged(Kraków,Warszawa)",0.10101010101010101
R-ACC→L-ANG,SN→DMN,eyes open,gamma,"merged(Kraków,Warszawa)",-0.025861573326915438
R-ACC→R-ANG,SN→DMN,eyes open,gamma,"merged(Kraków,Warszawa)",-0.006356417261637282
R-ACC→L-SFG,SN→CEN,eyes open,gamma,"merged(Kraków,Warszawa)",-0.036356241608539966
R-ACC→R-SFG,SN→CEN,eyes open,gamma,"merged(Kraków,Warszawa)",-0.024844764887793316
R-ACC→L-pSTG,SN→CEN,eyes open,gamma,"merged(Kraków,Warszawa)",0.00033236222325432
R-ACC→R-pSTG,SN→CEN,eyes open,gamma,"merged(Kraków,Warszawa)",-0.14291678057409257
R-ACC→L-ITG,SN→CEN,eyes open,gamma,"merged(Kraków,Warszawa)",-0.10986187917182379
R-ACC→R-ITG,SN→CEN,eyes open,gamma,"merged(Kraków,Warszawa)",-0.2029983703626904
R-ACC→L-SUP,SN→CEN,eyes open,gamma,"merged(Kraków,Warszawa)",-0.10142633438808474
R-ACC→R-SUP,SN→CEN,eyes open,gamma,"merged(Kraków,Warszawa)",-0.12129316833449351
L-INS→L-ACC,SN→SN,eyes open,gamma,"merged(Kraków,Warszawa)",-0.04606732068838362
L-INS→R-ACC,SN→SN,eyes open,gamma,"merged(Kraków,Warszawa)",-0.028185443964728232
L-INS→R-INS,SN→SN,eyes open,gamma,"merged(Kraków,Warszawa)",-0.03349537242673127
L-INS→L-IFG,SN→DMN,eyes open,gamma,"merged(Kraków,Warszawa)",0.024719400461922763
L-INS→R-IFG,SN→CEN,eyes open,gamma,"merged(Kraków,Warszawa)",-0.07426056153886727
L-INS→L-mPFC,SN→DMN,eyes open,gamma,"merged(Kraków,Warszawa)",-0.010786254402949497
L-INS→R-mPFC,SN→DMN,eyes open,gamma,"merged(Kraków,Warszawa)",0.0832355796808052
L-INS→L-aSTG,SN→DMN,eyes open,gamma,"merged(Kraków,Warszawa)",-0.21620254426762758
L-INS→R-aSTG,SN→DMN,eyes open,gamma,"merged(Kraków,Warszawa)",0.007176374324345746
L-INS→L-PREC,SN→DMN,eyes open,gamma,"merged(Kraków,Warszawa)",0.013467211594252779
L-INS→R-PREC,SN→DMN,eyes open,gamma,"merged(Kraków,Warszawa)",-0.12753121358697925
L-INS→L-ANG,SN→DMN,eyes open,gamma,"merged(Kraków,Warszawa)",-0.013570616738758076
L-INS→R-ANG,SN→DMN,eyes open,gamma,"merged(Kraków,Warszawa)",0.06980655024590861
L-INS→L-SFG,SN→CEN,eyes open,gamma,"merged(Kraków,Warszawa)",-0.03992301283799578
L-INS→R-SFG,SN→CEN,eyes open,gamma,"merged(Kraków,Warszawa)",-0.09181760936793182
L-INS→L-pSTG,SN→CEN,eyes open,gamma,"merged(Kraków,Warszawa)",-0.18198001308131317
L-INS→R-pSTG,SN→CEN,eyes open,gamma,"merged(Kraków,Warszawa)",-0.02301797809412463
L-INS→L-ITG,SN→CEN,eyes open,gamma,"merged(Kraków,Warszawa)",-0.12330638482735273
L-INS→R-ITG,SN→CEN,eyes open,gamma,"merged(Kraków,Warszawa)",-0.11964656741974225
L-INS→L-SUP,SN→CEN,eyes open,gamma,"merged(Kraków,Warszawa)",-0.1179468536326029
L-INS→R-SUP,SN→CEN,eyes open,gamma,"merged(Kraków,Warszawa)",-0.09687686556527732
R-INS→L-ACC,SN→SN,eyes open,gamma,"merged(Kraków,Warszawa)",0.04246406484542905
R-INS→R-ACC,SN→SN,eyes open,gamma,"merged(Kraków,Warszawa)",0.027098423934343308
R-INS→L-INS,SN→SN,eyes open,gamma,"merged(Kraków,Warszawa)",0.13327725152498235
R-INS→L-IFG,SN→DMN,eyes open,gamma,"merged(Kraków,Warszawa)",-0.09801013227867725
R-INS→R-IFG,SN→CEN,eyes open,gamma,"merged(Kraków,Warszawa)",-0.11361521304440138
R-INS→L-mPFC,SN→DMN,eyes open,gamma,"merged(Kraków,Warszawa)",-0.10343007195326678
R-INS→R-mPFC,SN→DMN,eyes open,gamma,"merged(Kraków,Warszawa)",-0.16823171457745933
R-INS→L-aSTG,SN→DMN,eyes open,gamma,"merged(Kraków,Warszawa)",-0.02060086595843348
R-INS→R-aSTG,SN→DMN,eyes open,gamma,"merged(Kraków,Warszawa)",-0.044379736943719085
R-INS→L-PREC,SN→DMN,eyes open,gamma,"merged(Kraków,Warszawa)",0.1748083992799056
R-INS→R-PREC,SN→DMN,eyes open,gamma,"merged(Kraków,Warszawa)",-0.012892085901820173
R-INS→L-ANG,SN→DMN,eyes open,gamma,"merged(Kraków,Warszawa)",0.0024249923832469827
R-INS→R-ANG,SN→DMN,eyes open,gamma,"merged(Kraków,Warszawa)",0.07800537020786681
R-INS→L-SFG,SN→CEN,eyes open,gamma,"merged(Kraków,Warszawa)",-0.017532131736463192
R-INS→R-SFG,SN→CEN,eyes open,gamma,"merged(Kraków,Warszawa)",-0.07802138404057878
R-INS→L-pSTG,SN→CEN,eyes open,gamma,"merged(Kraków,Warszawa)",-0.03564683657813823
R-INS→R-pSTG,SN→CEN,eyes open,gamma,"merged(Kraków,Warszawa)",-0.03793779350808063
R-INS→L-ITG,SN→CEN,eyes open,gamma,"merged(Kraków,Warszawa)",-0.02350324221774727
R-INS→R-ITG,SN→CEN,eyes open,gamma,"merged(Kraków,Warszawa)",-0.1257218278684332
R-INS→L-SUP,SN→CEN,eyes open,gamma,"merged(Kraków,Warszawa)",0.010155335552037265
R-INS→R-SUP,SN→CEN,eyes open,gamma,"merged(Kraków,Warszawa)",0.03955104073907643
L-IFG→L-ACC,DMN→SN,eyes open,gamma,"merged(Kraków,Warszawa)",0.0006943997956872411
L-IFG→R-ACC,DMN→SN,eyes open,gamma,"merged(Kraków,Warszawa)",-0.04690140728770564
L-IFG→L-INS,DMN→SN,eyes open,gamma,"merged(Kraków,Warszawa)",0.10634081953348697
L-IFG→R-INS,DMN→SN,eyes open,gamma,"merged(Kraków,Warszawa)",0.1590909361044125
L-IFG→R-IFG,DMN→CEN,eyes open,gamma,"merged(Kraków,Warszawa)",-0.056169215729980085
L-IFG→L-mPFC,DMN→DMN,eyes open,gamma,"merged(Kraków,Warszawa)",0.1819605938520687
L-IFG→R-mPFC,DMN→DMN,eyes open,gamma,"merged(Kraków,Warszawa)",0.07278732689269608
L-IFG→L-aSTG,DMN→DMN,eyes open,gamma,"merged(Kraków,Warszawa)",0.014714904256023915
L-IFG→R-aSTG,DMN→DMN,eyes open,gamma,"merged(Kraków,Warszawa)",-0.03250513681345598
L-IFG→L-PREC,DMN→DMN,eyes open,gamma,"merged(Kraków,Warszawa)",-0.008951435925492912
L-IFG→R-PREC,DMN→DMN,eyes open,gamma,"merged(Kraków,Warszawa)",0.038221655674246804
L-IFG→L-ANG,DMN→DMN,eyes open,gamma,"merged(Kraków,Warszawa)",-0.02530361622296478
L-IFG→R-ANG,DMN→DMN,eyes open,gamma,"merged(Kraków,Warszawa)",0.2002860834158313
L-IFG→L-SFG,DMN→CEN,eyes open,gamma,"merged(Kraków,Warszawa)",-0.025527563765565774
L-IFG→R-SFG,DMN→CEN,eyes open,gamma,"merged(Kraków,Warszawa)",-0.1363098368328884
L-IFG→L-pSTG,DMN→CEN,eyes open,gamma,"merged(Kraków,Warszawa)",-0.08380489500927583
L-IFG→R-pSTG,DMN→CEN,eyes open,gamma,"merged(Kraków,Warszawa)",-0.12080604931303436
L-IFG→L-ITG,DMN→CEN,eyes open,gamma,"merged(Kraków,Warszawa)",-0.11373655623413863
L-IFG→R-ITG,DMN→CEN,eyes open,gamma,"merged(Kraków,Warszawa)",-0.1307121459094294
L-IFG→L-SUP,DMN→CEN,eyes open,gamma,"merged(Kraków,Warszawa)",-0.10242643353838927
L-IFG→R-SUP,DMN→CEN,eyes open,gamma,"merged(Kraków,Warszawa)",-0.18687584024296713
R-IFG→L-ACC,CEN→SN,eyes open,gamma,"merged(Kraków,Warszawa)",0.14723646490166378
R-IFG→R-ACC,CEN→SN,eyes open,gamma,"merged(Kraków,Warszawa)",0.19710561684755223
R-IFG→L-INS,CEN→SN,eyes open,gamma,"merged(Kraków,Warszawa)",0.11606985772149035
R-IFG→R-INS,CEN→SN,eyes open,gamma,"merged(Kraków,Warszawa)",-0.0006514084345514673
R-IFG→L-IFG,CEN→DMN,eyes open,gamma,"merged(Kraków,Warszawa)",0.09740259740259741
R-IFG→L-mPFC,CEN→DMN,eyes open,gamma,"merged(Kraków,Warszawa)",-0.13562172448910406
R-IFG→R-mPFC,CEN→DMN,eyes open,gamma,"merged(Kraków,Warszawa)",0.15448523588757446
R-IFG→L-aSTG,CEN→DMN,eyes open,gamma,"merged(Kraków,Warszawa)",0.07614608907561624
R-IFG→R-aSTG,CEN→DMN,eyes open,gamma,"merged(Kraków,Warszawa)",-0.0024171918246094727
R-IFG→L-PREC,CEN→DMN,eyes open,gamma,"merged(Kraków,Warszawa)",0.07587558701616126
R-IFG→R-PREC,CEN→DMN,eyes open,gamma,"merged(Kraków,Warszawa)",-0.06446042950910087
R-IFG→L-ANG,CEN→DMN,eyes open,gamma,"merged(Kraków,Warszawa)",0.07556337840797021
R-IFG→R-ANG,CEN→DMN,eyes open,gamma,"merged(Kraków,Warszawa)",0.09981684287499083
R-IFG→L-SFG,CEN→CEN,eyes open,gamma,"merged(Kraków,Warszawa)",0.08456734895569808
R-IFG→R-SFG,CEN→CEN,eyes open,gamma,"merged(Kraków,Warszawa)",0.07926289000795417
R-IFG→L-pSTG,CEN→CEN,eyes open,gamma,"merged(Kraków,Warszawa)",0.05602112537142619
R-IFG→R-pSTG,CEN→CEN,eyes open,gamma,"merged(Kraków,Warszawa)",0.09040237883217468
R-IFG→L-ITG,CEN→CEN,eyes open,gamma,"merged(Kraków,Warszawa)",0.06638262565171545
R-IFG→R-ITG,CEN→CEN,eyes open,gamma,"merged(Kraków,Warszawa)",-0.20658272458853752
R-IFG→L-SUP,CEN→CEN,eyes open,gamma,"merged(Kraków,Warszawa)",-0.039735914507639504
R-IFG→R-SUP,CEN→CEN,eyes open,gamma,"merged(Kraków,Warszawa)",-0.020821422626445592
L-mPFC→L-ACC,DMN→SN,eyes open,gamma,"merged(Kraków,Warszawa)",0.07924027185612655
L-mPFC→R-ACC,DMN→SN,eyes open,gamma,"merged(Kraków,Warszawa)",-0.005179696767020299
L-mPFC→L-INS,DMN→SN,eyes open,gamma,"merged(Kraków,Warszawa)",0.24100442170076167
L-mPFC→R-INS,DMN→SN,eyes open,gamma,"merged(Kraków,Warszawa)",0.037289539697000725
L-mPFC→L-IFG,DMN→DMN,eyes open,gamma,"merged(Kraków,Warszawa)",0.045334952923343566
L-mPFC→R-IFG,DMN→CEN,eyes open,gamma,"merged(Kraków,Warszawa)",-0.1351729387344532
L-mPFC→R-mPFC,DMN→DMN,eyes open,gamma,"merged(Kraków,Warszawa)",0.04983869931343407
L-mPFC→L-aSTG,DMN→DMN,eyes open,gamma,"merged(Kraków,Warszawa)",-0.012124961916234914
L-mPFC→R-aSTG,DMN→DMN,eyes open,gamma,"merged(Kraków,Warszawa)",0.09499431717130653
L-mPFC→L-PREC,DMN→DMN,eyes open,gamma,"merged(Kraków,Warszawa)",0.07375337578416624
L-mPFC→R-PREC,DMN→DMN,eyes open,gamma,"merged(Kraków,Warszawa)",-0.01997653912339325
L-mPFC→L-ANG,DMN→DMN,eyes open,gamma,"merged(Kraków,Warszawa)",0.07079315355317017
L-mPFC→R-ANG,DMN→DMN,eyes open,gamma,"merged(Kraków,Warszawa)",0.15800865800865802
L-mPFC→L-SFG,DMN→CEN,eyes open,gamma,"merged(Kraków,Warszawa)",0.04330343541512469
L-mPFC→R-SFG,DMN→CEN,eyes open,gamma,"merged(Kraków,Warszawa)",-0.1297076212953072
L-mPFC→L-pSTG,DMN→CEN,eyes open,gamma,"merged(Kraków,Warszawa)",-0.041325096499873544
L-mPFC→R-pSTG,DMN→CEN,eyes open,gamma,"merged(Kraków,Warszawa)",-0.09397802370600081
L-mPFC→L-ITG,DMN→CEN,eyes open,gamma,"merged(Kraków,Warszawa)",0.09910486480898839
L-mPFC→R-ITG,DMN→CEN,eyes open,gamma,"merged(Kraków,Warszawa)",-0.09654763033924497
L-mPFC→L-SUP,DMN→CEN,eyes open,gamma,"merged(Kraków,Warszawa)",-0.04681862774871536
L-mPFC→R-SUP,DMN→CEN,eyes open,gamma,"merged(Kraków,Warszawa)",-0.06895338130217787
R-mPFC→L-ACC,DMN→SN,eyes open,gamma,"merged(Kraków,Warszawa)",0.11636866703140786
R-mPFC→R-ACC,DMN→SN,eyes open,gamma,"merged(Kraków,Warszawa)",0.0716537422126213
R-mPFC→L-INS,DMN→SN,eyes open,gamma,"merged(Kraków,Warszawa)",0.24911966213168735
R-mPFC→R-INS,DMN→SN,eyes open,gamma,"merged(Kraków,Warszawa)",-0.08481169656044972
R-mPFC→L-IFG,DMN→DMN,eyes open,gamma,"merged(Kraków,Warszawa)",0.20668224177667266
R-mPFC→R-IFG,DMN→CEN,eyes open,gamma,"merged(Kraków,Warszawa)",-0.13662310614957573
R-mPFC→L-mPFC,DMN→DMN,eyes open,gamma,"merged(Kraków,Warszawa)",-0.037088159053356204
R-mPFC→L-aSTG,DMN→DMN,eyes open,gamma,"merged(Kraków,Warszawa)",-0.12253824984549576
R-mPFC→R-aSTG,DMN→DMN,eyes open,gamma,"merged(Kraków,Warszawa)",0.026972347568612408
R-mPFC→L-PREC,DMN→DMN,eyes open,gamma,"merged(Kraków,Warszawa)",0.02944633608228479
R-mPFC→R-PREC,DMN→DMN,eyes open,gamma,"merged(Kraków,Warszawa)",-0.003457993278027232
R-mPFC→L-ANG,DMN→DMN,eyes open,gamma,"merged(Kraków,Warszawa)",0.09109747125524216
R-mPFC→R-ANG,DMN→DMN,eyes open,gamma,"merged(Kraków,Warszawa)",0.035229473955879116
R-mPFC→L-SFG,DMN→CEN,eyes open,gamma,"merged(Kraków,Warszawa)",-0.17066900985248443
R-mPFC→R-SFG,DMN→CEN,eyes open,gamma,"merged(Kraków,Warszawa)",-0.16075465830748178
R-mPFC→L-pSTG,DMN→CEN,eyes open,gamma,"merged(Kraków,Warszawa)",-0.07051088653142248
R-mPFC→R-pSTG,DMN→CEN,eyes open,gamma,"merged(Kraków,Warszawa)",-0.1301830454111102
R-mPFC→L-ITG,DMN→CEN,eyes open,gamma,"merged(Kraków,Warszawa)",-0.07474153972330784
R-mPFC→R-ITG,DMN→CEN,eyes open,gamma,"merged(Kraków,Warszawa)",-0.17134145427135666
R-mPFC→L-SUP,DMN→CEN,eyes open,gamma,"merged(Kraków,Warszawa)",-0.09077972018005008
R-mPFC→R-SUP,DMN→CEN,eyes open,gamma,"merged(Kraków,Warszawa)",-0.09462751263809516
L-aSTG→L-ACC,DMN→SN,eyes open,gamma,"merged(Kraków,Warszawa)",0.14010740243314865
L-aSTG→R-ACC,DMN→SN,eyes open,gamma,"merged(Kraków,Warszawa)",0.20859415233721634
L-aSTG→L-INS,DMN→SN,eyes open,gamma,"merged(Kraków,Warszawa)",0.1691427178348154
L-aSTG→R-INS,DMN→SN,eyes open,gamma,"merged(Kraków,Warszawa)",0.011516830172095906
L-aSTG→L-IFG,DMN→DMN,eyes open,gamma,"merged(Kraków,Warszawa)",-0.022216761713374018
L-aSTG→R-IFG,DMN→CEN,eyes open,gamma,"merged(Kraków,Warszawa)",-0.10831966246469801
L-aSTG→L-mPFC,DMN→DMN,eyes open,gamma,"merged(Kraków,Warszawa)",0.18198001308131317
L-aSTG→R-mPFC,DMN→DMN,eyes open,gamma,"merged(Kraków,Warszawa)",0.07953384539462635
L-aSTG→R-aSTG,DMN→DMN,eyes open,gamma,"merged(Kraków,Warszawa)",0.06345979787828024
L-aSTG→L-PREC,DMN→DMN,eyes open,gamma,"merged(Kraków,Warszawa)",0.16659942896883853
L-aSTG→R-PREC,DMN→DMN,eyes open,gamma,"merged(Kraków,Warszawa)",0.09804608489094649
L-aSTG→L-ANG,DMN→DMN,eyes open,gamma,"merged(Kraków,Warszawa)",0.0491035045479867
L-aSTG→R-ANG,DMN→DMN,eyes open,gamma,"merged(Kraków,Warszawa)",0.10440412935680678
L-aSTG→L-SFG,DMN→CEN,eyes open,gamma,"merged(Kraków,Warszawa)",-0.036677330479881844
L-aSTG→R-SFG,DMN→CEN,eyes open,gamma,"merged(Kraków,Warszawa)",0.08485186796986938
L-aSTG→L-pSTG,DMN→CEN,eyes open,gamma,"merged(Kraków,Warszawa)",0.008281588295931105
L-aSTG→R-pSTG,DMN→CEN,eyes open,gamma,"merged(Kraków,Warszawa)",0.006066294977918436
L-aSTG→L-ITG,DMN→CEN,eyes open,gamma,"merged(Kraków,Warszawa)",-0.006089951110880712
L-aSTG→R-ITG,DMN→CEN,eyes open,gamma,"merged(Kraków,Warszawa)",-0.04503470196487991
L-aSTG→L-SUP,DMN→CEN,eyes open,gamma,"merged(Kraków,Warszawa)",-0.02520785759949879
L-aSTG→R-SUP,DMN→CEN,eyes open,gamma,"merged(Kraków,Warszawa)",-0.08187600937961846
R-aSTG→L-ACC,DMN→SN,eyes open,gamma,"merged(Kraków,Warszawa)",-0.13203463203463203
R-aSTG→R-ACC,DMN→SN,eyes open,gamma,"merged(Kraków,Warszawa)",-0.002655305026068618
R-aSTG→L-INS,DMN→SN,eyes open,gamma,"merged(Kraków,Warszawa)",0.08342291803683433
R-aSTG→R-INS,DMN→SN,eyes open,gamma,"merged(Kraków,Warszawa)",-0.0037609905112282725
R-aSTG→L-IFG,DMN→DMN,eyes open,gamma,"merged(Kraków,Warszawa)",-0.02303366034419181
R-aSTG→R-IFG,DMN→CEN,eyes open,gamma,"merged(Kraków,Warszawa)",-0.003607503607503608
R-aSTG→L-mPFC,DMN→DMN,eyes open,gamma,"merged(Kraków,Warszawa)",0.01556320839447293
R-aSTG→R-mPFC,DMN→DMN,eyes open,gamma,"merged(Kraków,Warszawa)",0.06416490674359446
R-aSTG→L-aSTG,DMN→DMN,eyes open,gamma,"merged(Kraków,Warszawa)",-0.17833273946209835
R-aSTG→L-PREC,DMN→DMN,eyes open,gamma,"merged(Kraków,Warszawa)",0.09564841019023444
R-aSTG→R-PREC,DMN→DMN,eyes open,gamma,"merged(Kraków,Warszawa)",-0.03451601408943839
R-aSTG→L-ANG,DMN→DMN,eyes open,gamma,"merged(Kraków,Warszawa)",-0.07044815196046596
R-aSTG→R-ANG,DMN→DMN,eyes open,gamma,"merged(Kraków,Warszawa)",-0.004929699706427991
R-aSTG→L-SFG,DMN→CEN,eyes open,gamma,"merged(Kraków,Warszawa)",0.07384320522108552
R-aSTG→R-SFG,DMN→CEN,eyes open,gamma,"merged(Kraków,Warszawa)",0.12262036830290347
R-aSTG→L-pSTG,DMN→CEN,eyes open,gamma,"merged(Kraków,Warszawa)",-0.15891043154093207
R-aSTG→R-pSTG,DMN→CEN,eyes open,gamma,"merged(Kraków,Warszawa)",0.0448689001393332
R-aSTG→L-ITG,DMN→CEN,eyes open,gamma,"merged(Kraków,Warszawa)",-0.2158206986258458
R-aSTG→R-ITG,DMN→CEN,eyes open,gamma,"merged(Kraków,Warszawa)",-0.09110864741680105
R-aSTG→L-SUP,DMN→CEN,eyes open,gamma,"merged(Kraków,Warszawa)",-0.19910485386538596
R-aSTG→R-SUP,DMN→CEN,eyes open,gamma,"merged(Kraków,Warszawa)",-0.163968703183259
L-PREC→L-ACC,DMN→SN,eyes open,gamma,"merged(Kraków,Warszawa)",0.029357894963232597
L-PREC→R-ACC,DMN→SN,eyes open,gamma,"merged(Kraków,Warszawa)",-0.20908832147357112
L-PREC→L-INS,DMN→SN,eyes open,gamma,"merged(Kraków,Warszawa)",-0.04186572775782159
L-PREC→R-INS,DMN→SN,eyes open,gamma,"merged(Kraków,Warszawa)",-0.06601769715990397
L-PREC→L-IFG,DMN→DMN,eyes open,gamma,"merged(Kraków,Warszawa)",-0.07938810792173474
L-PREC→R-IFG,DMN→CEN,eyes open,gamma,"merged(Kraków,Warszawa)",-0.11134738355247689
L-PREC→L-mPFC,DMN→DMN,eyes open,gamma,"merged(Kraków,Warszawa)",-0.053415491633220326
L-PREC→R-mPFC,DMN→DMN,eyes open,gamma,"merged(Kraków,Warszawa)",-0.04274744272708794
L-PREC→L-aSTG,DMN→DMN,eyes open,gamma,"merged(Kraków,Warszawa)",-0.07192110426205094
L-PREC→R-aSTG,DMN→DMN,eyes open,gamma,"merged(Kraków,Warszawa)",0.0887260825555474
L-PREC→R-PREC,DMN→DMN,eyes open,gamma,"merged(Kraków,Warszawa)",-0.051400203653453054
L-PREC→L-ANG,DMN→DMN,eyes open,gamma,"merged(Kraków,Warszawa)",-0.041370895623511
L-PREC→R-ANG,DMN→DMN,eyes open,gamma,"merged(Kraków,Warszawa)",0.04247351348956645
L-PREC→L-SFG,DMN→CEN,eyes open,gamma,"merged(Kraków,Warszawa)",-0.06957832445772304
L-PREC→R-SFG,DMN→CEN,eyes open,gamma,"merged(Kraków,Warszawa)",-0.27432530917575804
L-PREC→L-pSTG,DMN→CEN,eyes open,gamma,"merged(Kraków,Warszawa)",-0.23803035337106165
L-PREC→R-pSTG,DMN→CEN,eyes open,gamma,"merged(Kraków,Warszawa)",-0.05622922966376236
L-PREC→L-ITG,DMN→CEN,eyes open,gamma,"merged(Kraków,Warszawa)",-0.25889224004169026
L-PREC→R-ITG,DMN→CEN,eyes open,gamma,"merged(Kraków,Warszawa)",-0.06501027362691196
L-PREC→L-SUP,DMN→CEN,eyes open,gamma,"merged(Kraków,Warszawa)",-0.04128484752167938
L-PREC→R-SUP,DMN→CEN,eyes open,gamma,"merged(Kraków,Warszawa)",-0.0019571929975488395
R-PREC→L-ACC,DMN→SN,eyes open,gamma,"merged(Kraków,Warszawa)",0.0411869501132357
R-PREC→R-ACC,DMN→SN,eyes open,gamma,"merged(Kraków,Warszawa)",0.06123239284783793
R-PREC→L-INS,DMN→SN,eyes open,gamma,"merged(Kraków,Warszawa)",0.08090521964284225
R-PREC→R-INS,DMN→SN,eyes open,gamma,"merged(Kraków,Warszawa)",-0.1507079624536557
R-PREC→L-IFG,DMN→DMN,eyes open,gamma,"merged(Kraków,Warszawa)",-0.0028204354612568995
R-PREC→R-IFG,DMN→CEN,eyes open,gamma,"merged(Kraków,Warszawa)",-0.18999548146631604
R-PREC→L-mPFC,DMN→DMN,eyes open,gamma,"merged(Kraków,Warszawa)",-0.07047019543260338
R-PREC→R-mPFC,DMN→DMN,eyes open,gamma,"merged(Kraków,Warszawa)",0.11738583479025735
R-PREC→L-aSTG,DMN→DMN,eyes open,gamma,"merged(Kraków,Warszawa)",-0.013726451884732508
R-PREC→R-aSTG,DMN→DMN,eyes open,gamma,"merged(Kraków,Warszawa)",-0.08900150610156717
R-PREC→L-PREC,DMN→DMN,eyes open,gamma,"merged(Kraków,Warszawa)",-0.012121350870556751
R-PREC→L-ANG,DMN→DMN,eyes open,gamma,"merged(Kraków,Warszawa)",0.03799772686852261
R-PREC→R-ANG,DMN→DMN,eyes open,gamma,"merged(Kraków,Warszawa)",0.17071667086475767
R-PREC→L-SFG,DMN→CEN,eyes open,gamma,"merged(Kraków,Warszawa)",-0.06345979787828024
R-PREC→R-SFG,DMN→CEN,eyes open,gamma,"merged(Kraków,Warszawa)",-0.08653903779116448
R-PREC→L-pSTG,DMN→CEN,eyes open,gamma,"merged(Kraków,Warszawa)",-0.04868914960999081
R-PREC→R-pSTG,DMN→CEN,eyes open,gamma,"merged(Kraków,Warszawa)",0.037603717939781206
R-PREC→L-ITG,DMN→CEN,eyes open,gamma,"merged(Kraków,Warszawa)",-0.24591819720416555
R-PREC→R-ITG,DMN→CEN,eyes open,gamma,"merged(Kraków,Warszawa)",-0.0457287701557935
R-PREC→L-SUP,DMN→CEN,eyes open,gamma,"merged(Kraków,Warszawa)",-0.03224714698788221
R-PREC→R-SUP,DMN→CEN,eyes open,gamma,"merged(Kraków,Warszawa)",-0.034131235313336644
L-ANG→L-ACC,DMN→SN,eyes open,gamma,"merged(Kraków,Warszawa)",-0.012448775800898036
L-ANG→R-ACC,DMN→SN,eyes open,gamma,"merged(Kraków,Warszawa)",0.028470391623176883
L-ANG→L-INS,DMN→SN,eyes open,gamma,"merged(Kraków,Warszawa)",0.0026056337382058693
L-ANG→R-INS,DMN→SN,eyes open,gamma,"merged(Kraków,Warszawa)",-0.07394534122511054
L-ANG→L-IFG,DMN→DMN,eyes open,gamma,"merged(Kraków,Warszawa)",-0.14214106244380287
L-ANG→R-IFG,DMN→CEN,eyes open,gamma,"merged(Kraków,Warszawa)",-0.05202703540532444
L-ANG→L-mPFC,DMN→DMN,eyes open,gamma,"merged(Kraków,Warszawa)",0.02433181749044666
L-ANG→R-mPFC,DMN→DMN,eyes open,gamma,"merged(Kraków,Warszawa)",-0.047998523374388105
L-ANG→L-aSTG,DMN→DMN,eyes open,gamma,"merged(Kraków,Warszawa)",-0.12310456069776947
L-ANG→R-aSTG,DMN→DMN,eyes open,gamma,"merged(Kraków,Warszawa)",-0.08187600937961846
L-ANG→L-PREC,DMN→DMN,eyes open,gamma,"merged(Kraków,Warszawa)",0.055720462882558705
L-ANG→R-PREC,DMN→DMN,eyes open,gamma,"merged(Kraków,Warszawa)",-0.01761397555732315
L-ANG→R-ANG,DMN→DMN,eyes open,gamma,"merged(Kraków,Warszawa)",0.1099219955839404
L-ANG→L-SFG,DMN→CEN,eyes open,gamma,"merged(Kraków,Warszawa)",-0.03385513908237488
L-ANG→R-SFG,DMN→CEN,eyes open,gamma,"merged(Kraków,Warszawa)",-0.17511764271718824
L-ANG→L-pSTG,DMN→CEN,eyes open,gamma,"merged(Kraków,Warszawa)",-0.154671517768497
L-ANG→R-pSTG,DMN→CEN,eyes open,gamma,"merged(Kraków,Warszawa)",-0.018587135182480327
L-ANG→L-ITG,DMN→CEN,eyes open,gamma,"merged(Kraków,Warszawa)",-0.11986850710341822
L-ANG→R-ITG,DMN→CEN,eyes open,gamma,"merged(Kraków,Warszawa)",-0.2657746412969987
L-ANG→L-SUP,DMN→CEN,eyes open,gamma,"merged(Kraków,Warszawa)",-0.18543314425932672
L-ANG→R-SUP,DMN→CEN,eyes open,gamma,"merged(Kraków,Warszawa)",-0.10280040730690611
R-ANG→L-ACC,DMN→SN,eyes open,gamma,"merged(Kraków,Warszawa)",0.05875891615132855
R-ANG→R-ACC,DMN→SN,eyes open,gamma,"merged(Kraków,Warszawa)",-0.09957393847757318
R-ANG→L-INS,DMN→SN,eyes open,gamma,"merged(Kraków,Warszawa)",-0.0637974303554156
R-ANG→R-INS,DMN→SN,eyes open,gamma,"merged(Kraków,Warszawa)",-0.030011832370354204
R-ANG→L-IFG,DMN→DMN,eyes open,gamma,"merged(Kraków,Warszawa)",0.07469265480538821
R-ANG→R-IFG,DMN→CEN,eyes open,gamma,"merged(Kraków,Warszawa)",-0.1509916200670038
R-ANG→L-mPFC,DMN→DMN,eyes open,gamma,"merged(Kraków,Warszawa)",-0.21720195109705123
R-ANG→R-mPFC,DMN→DMN,eyes open,gamma,"merged(Kraków,Warszawa)",-0.04817568942259117
R-ANG→L-aSTG,DMN→DMN,eyes open,gamma,"merged(Kraków,Warszawa)",-0.23022580740271437
R-ANG→R-aSTG,DMN→DMN,eyes open,gamma,"merged(Kraków,Warszawa)",-0.0790767039765099
R-ANG→L-PREC,DMN→DMN,eyes open,gamma,"merged(Kraków,Warszawa)",-0.02732517782080539
R-ANG→R-PREC,DMN→DMN,eyes open,gamma,"merged(Kraków,Warszawa)",0.016259054360605985
R-ANG→L-ANG,DMN→DMN,eyes open,gamma,"merged(Kraków,Warszawa)",-0.2401739313723421
R-ANG→L-SFG,DMN→CEN,eyes open,gamma,"merged(Kraków,Warszawa)",-0.06513896034603876
R-ANG→R-SFG,DMN→CEN,eyes open,gamma,"merged(Kraków,Warszawa)",-0.08091704270583724
R-ANG→L-pSTG,DMN→CEN,eyes open,gamma,"merged(Kraków,Warszawa)",-0.021894326123417303
R-ANG→R-pSTG,DMN→CEN,eyes open,gamma,"merged(Kraków,Warszawa)",0.00760758521165991
R-ANG→L-ITG,DMN→CEN,eyes open,gamma,"merged(Kraków,Warszawa)",-0.16364989016100073
R-ANG→R-ITG,DMN→CEN,eyes open,gamma,"merged(Kraków,Warszawa)",-0.09482516999983222
R-ANG→L-SUP,DMN→CEN,eyes open,gamma,"merged(Kraków,Warszawa)",-0.04034039983382437
R-ANG→R-SUP,DMN→CEN,eyes open,gamma,"merged(Kraków,Warszawa)",-0.14626604103513363
L-SFG→L-ACC,CEN→SN,eyes open,gamma,"merged(Kraków,Warszawa)",0.03069063745883284
L-SFG→R-ACC,CEN→SN,eyes open,gamma,"merged(Kraków,Warszawa)",0.07909618545872582
L-SFG→L-INS,CEN→SN,eyes open,gamma,"merged(Kraków,Warszawa)",0.07967730178050741
L-SFG→R-INS,CEN→SN,eyes open,gamma,"merged(Kraków,Warszawa)",-0.025817612389694294
L-SFG→L-IFG,CEN→DMN,eyes open,gamma,"merged(Kraków,Warszawa)",0.14647474973319324
L-SFG→R-IFG,CEN→CEN,eyes open,gamma,"merged(Kraków,Warszawa)",-0.05555176906540378
L-SFG→L-mPFC,CEN→DMN,eyes open,gamma,"merged(Kraków,Warszawa)",-0.033806773635479
L-SFG→R-mPFC,CEN→DMN,eyes open,gamma,"merged(Kraków,Warszawa)",-0.16651905713476362
L-SFG→L-aSTG,CEN→DMN,eyes open,gamma,"merged(Kraków,Warszawa)",-0.09472323362748121
L-SFG→R-aSTG,CEN→DMN,eyes open,gamma,"merged(Kraków,Warszawa)",-0.07067579029529306
L-SFG→L-PREC,CEN→DMN,eyes open,gamma,"merged(Kraków,Warszawa)",0.03843309763853657
L-SFG→R-PREC,CEN→DMN,eyes open,gamma,"merged(Kraków,Warszawa)",-0.0438125329301322
L-SFG→L-ANG,CEN→DMN,eyes open,gamma,"merged(Kraków,Warszawa)",0.10503602420178772
L-SFG→R-ANG,CEN→DMN,eyes open,gamma,"merged(Kraków,Warszawa)",0.11111303112123555
L-SFG→R-SFG,CEN→CEN,eyes open,gamma,"merged(Kraków,Warszawa)",0.017588027732889616
L-SFG→L-pSTG,CEN→CEN,eyes open,gamma,"merged(Kraków,Warszawa)",-0.031212418499143572
L-SFG→R-pSTG,CEN→CEN,eyes open,gamma,"merged(Kraków,Warszawa)",-0.07234589872872256
L-SFG→L-ITG,CEN→CEN,eyes open,gamma,"merged(Kraków,Warszawa)",0.019718798825711963
L-SFG→R-ITG,CEN→CEN,eyes open,gamma,"merged(Kraków,Warszawa)",-0.28282751714709803
L-SFG→L-SUP,CEN→CEN,eyes open,gamma,"merged(Kraków,Warszawa)",-0.017614736977939558
L-SFG→R-SUP,CEN→CEN,eyes open,gamma,"merged(Kraków,Warszawa)",-0.08417196701078446
R-SFG→L-ACC,CEN→SN,eyes open,gamma,"merged(Kraków,Warszawa)",0.09779537325340877
R-SFG→R-ACC,CEN→SN,eyes open,gamma,"merged(Kraków,Warszawa)",0.09271130065689087
R-SFG→L-INS,CEN→SN,eyes open,gamma,"merged(Kraków,Warszawa)",0.05365028939537977
R-SFG→R-INS,CEN→SN,eyes open,gamma,"merged(Kraków,Warszawa)",0.003798444295814886
R-SFG→L-IFG,CEN→DMN,eyes open,gamma,"merged(Kraków,Warszawa)",0.04868914960999081
R-SFG→R-IFG,CEN→CEN,eyes open,gamma,"merged(Kraków,Warszawa)",-0.023098916828217728
R-SFG→L-mPFC,CEN→DMN,eyes open,gamma,"merged(Kraków,Warszawa)",0.03452464703122777
R-SFG→R-mPFC,CEN→DMN,eyes open,gamma,"merged(Kraków,Warszawa)",0.09405850918097257
R-SFG→L-aSTG,CEN→DMN,eyes open,gamma,"merged(Kraków,Warszawa)",0.02777588453270189
R-SFG→R-aSTG,CEN→DMN,eyes open,gamma,"merged(Kraków,Warszawa)",0.10210987501458858
R-SFG→L-PREC,CEN→DMN,eyes open,gamma,"merged(Kraków,Warszawa)",0.08608181582286888
R-SFG→R-PREC,CEN→DMN,eyes open,gamma,"merged(Kraków,Warszawa)",0.014401393926380481
R-SFG→L-ANG,CEN→DMN,eyes open,gamma,"merged(Kraków,Warszawa)",-0.14847378304046344
R-SFG→R-ANG,CEN→DMN,eyes open,gamma,"merged(Kraków,Warszawa)",0.1188055860566376
R-SFG→L-SFG,CEN→CEN,eyes open,gamma,"merged(Kraków,Warszawa)",0.06338021754249291
R-SFG→L-pSTG,CEN→CEN,eyes open,gamma,"merged(Kraków,Warszawa)",0.20877926229786298
R-SFG→R-pSTG,CEN→CEN,eyes open,gamma,"merged(Kraków,Warszawa)",0.012612698873825936
R-SFG→L-ITG,CEN→CEN,eyes open,gamma,"merged(Kraków,Warszawa)",-0.07106321805008851
R-SFG→R-ITG,CEN→CEN,eyes open,gamma,"merged(Kraków,Warszawa)",0.05904854314403141
R-SFG→L-SUP,CEN→CEN,eyes open,gamma,"merged(Kraków,Warszawa)",0.05277957629429951
R-SFG→R-SUP,CEN→CEN,eyes open,gamma,"merged(Kraków,Warszawa)",0.07225087568433565
L-pSTG→L-ACC,CEN→SN,eyes open,gamma,"merged(Kraków,Warszawa)",-0.052738131783554756
L-pSTG→R-ACC,CEN→SN,eyes open,gamma,"merged(Kraków,Warszawa)",0.14031666419753075
L-pSTG→L-INS,CEN→SN,eyes open,gamma,"merged(Kraków,Warszawa)",0.140303130745004
L-pSTG→R-INS,CEN→SN,eyes open,gamma,"merged(Kraków,Warszawa)",-0.002118805753879094
L-pSTG→L-IFG,CEN→DMN,eyes open,gamma,"merged(Kraków,Warszawa)",0.09932560372816143
L-pSTG→R-IFG,CEN→CEN,eyes open,gamma,"merged(Kraków,Warszawa)",-0.09760041856146372
L-pSTG→L-mPFC,CEN→DMN,eyes open,gamma,"merged(Kraków,Warszawa)",-0.073525648649636
L-pSTG→R-mPFC,CEN→DMN,eyes open,gamma,"merged(Kraków,Warszawa)",0.049454623680176536
L-pSTG→L-aSTG,CEN→DMN,eyes open,gamma,"merged(Kraków,Warszawa)",0.01484934009826582
L-pSTG→R-aSTG,CEN→DMN,eyes open,gamma,"merged(Kraków,Warszawa)",0.03852738902889688
L-pSTG→L-PREC,CEN→DMN,eyes open,gamma,"merged(Kraków,Warszawa)",-0.0070424281520399855
L-pSTG→R-PREC,CEN→DMN,eyes open,gamma,"merged(Kraków,Warszawa)",0.14006686291813913
L-pSTG→L-ANG,CEN→DMN,eyes open,gamma,"merged(Kraków,Warszawa)",-0.0007329220487269717
L-pSTG→R-ANG,CEN→DMN,eyes open,gamma,"merged(Kraków,Warszawa)",0.1702107288949539
L-pSTG→L-SFG,CEN→CEN,eyes open,gamma,"merged(Kraków,Warszawa)",0.05749866462299737
L-pSTG→R-SFG,CEN→CEN,eyes open,gamma,"merged(Kraków,Warszawa)",0.014807286171598722
L-pSTG→R-pSTG,CEN→CEN,eyes open,gamma,"merged(Kraków,Warszawa)",-0.015294382258037453
L-pSTG→L-ITG,CEN→CEN,eyes open,gamma,"merged(Kraków,Warszawa)",-0.03046600665611179
L-pSTG→R-ITG,CEN→CEN,eyes open,gamma,"merged(Kraków,Warszawa)",-0.026441512268097843
L-pSTG→L-SUP,CEN→CEN,eyes open,gamma,"merged(Kraków,Warszawa)",-0.06969610715785704
L-pSTG→R-SUP,CEN→CEN,eyes open,gamma,"merged(Kraków,Warszawa)",0.21573954385163682
R-pSTG→L-ACC,CEN→SN,eyes open,gamma,"merged(Kraków,Warszawa)",0.0052112674764117385
R-pSTG→R-ACC,CEN→SN,eyes open,gamma,"merged(Kraków,Warszawa)",0.0156446554693686
R-pSTG→L-INS,CEN→SN,eyes open,gamma,"merged(Kraków,Warszawa)",0.012776585358650071
R-pSTG→R-INS,CEN→SN,eyes open,gamma,"merged(Kraków,Warszawa)",-0.08654854649001954
R-pSTG→L-IFG,CEN→DMN,eyes open,gamma,"merged(Kraków,Warszawa)",0.0835069012287505
R-pSTG→R-IFG,CEN→CEN,eyes open,gamma,"merged(Kraków,Warszawa)",-0.16244177446406388
R-pSTG→L-mPFC,CEN→DMN,eyes open,gamma,"merged(Kraków,Warszawa)",-0.030362647438999055
R-pSTG→R-mPFC,CEN→DMN,eyes open,gamma,"merged(Kraków,Warszawa)",0.15873015873015875
R-pSTG→L-aSTG,CEN→DMN,eyes open,gamma,"merged(Kraków,Warszawa)",-0.1502112062435887
R-pSTG→R-aSTG,CEN→DMN,eyes open,gamma,"merged(Kraków,Warszawa)",-0.02057861395203179
R-pSTG→L-PREC,CEN→DMN,eyes open,gamma,"merged(Kraków,Warszawa)",0.027216876517203337
R-pSTG→R-PREC,CEN→DMN,eyes open,gamma,"merged(Kraków,Warszawa)",-0.11484194237746773
R-pSTG→L-ANG,CEN→DMN,eyes open,gamma,"merged(Kraków,Warszawa)",0.006915986556054464
R-pSTG→R-ANG,CEN→DMN,eyes open,gamma,"merged(Kraków,Warszawa)",0.2577880333886231
R-pSTG→L-SFG,CEN→CEN,eyes open,gamma,"merged(Kraków,Warszawa)",-0.0957570398790657
R-pSTG→R-SFG,CEN→CEN,eyes open,gamma,"merged(Kraków,Warszawa)",0.028332408940622174
R-pSTG→L-pSTG,CEN→CEN,eyes open,gamma,"merged(Kraków,Warszawa)",-0.14936090771635976
R-pSTG→L-ITG,CEN→CEN,eyes open,gamma,"merged(Kraków,Warszawa)",-0.11505338029812796
R-pSTG→R-ITG,CEN→CEN,eyes open,gamma,"merged(Kraków,Warszawa)",0.007816901214617608
R-pSTG→L-SUP,CEN→CEN,eyes open,gamma,"merged(Kraków,Warszawa)",-0.012419170752853221
R-pSTG→R-SUP,CEN→CEN,eyes open,gamma,"merged(Kraków,Warszawa)",-0.08032297703857569
L-ITG→L-ACC,CEN→SN,eyes open,gamma,"merged(Kraków,Warszawa)",0.05070548269468791
L-ITG→R-ACC,CEN→SN,eyes open,gamma,"merged(Kraków,Warszawa)",0.05842799899784598
L-ITG→L-INS,CEN→SN,eyes open,gamma,"merged(Kraków,Warszawa)",0.04583207624542462
L-ITG→R-INS,CEN→SN,eyes open,gamma,"merged(Kraków,Warszawa)",-0.06225934319442605
L-ITG→L-IFG,CEN→DMN,eyes open,gamma,"merged(Kraków,Warszawa)",0.07517476388065647
L-ITG→R-IFG,CEN→CEN,eyes open,gamma,"merged(Kraków,Warszawa)",0.18955576412249653
L-ITG→L-mPFC,CEN→DMN,eyes open,gamma,"merged(Kraków,Warszawa)",0.18187442874352372
L-ITG→R-mPFC,CEN→DMN,eyes open,gamma,"merged(Kraków,Warszawa)",0.09014308034611182
L-ITG→L-aSTG,CEN→DMN,eyes open,gamma,"merged(Kraków,Warszawa)",-0.05460254027060821
L-ITG→R-aSTG,CEN→DMN,eyes open,gamma,"merged(Kraków,Warszawa)",0.08531817270302121
L-ITG→L-PREC,CEN→DMN,eyes open,gamma,"merged(Kraków,Warszawa)",0.14524229156213786
L-ITG→R-PREC,CEN→DMN,eyes open,gamma,"merged(Kraków,Warszawa)",-0.001327652513034309
L-ITG→L-ANG,CEN→DMN,eyes open,gamma,"merged(Kraków,Warszawa)",0.16597311738719572
L-ITG→R-ANG,CEN→DMN,eyes open,gamma,"merged(Kraków,Warszawa)",0.13874725684514014
L-ITG→L-SFG,CEN→CEN,eyes open,gamma,"merged(Kraków,Warszawa)",0.12915836199782685
L-ITG→R-SFG,CEN→CEN,eyes open,gamma,"merged(Kraków,Warszawa)",-0.011090760319443425
L-ITG→L-pSTG,CEN→CEN,eyes open,gamma,"merged(Kraków,Warszawa)",0.06126138664507263
L-ITG→R-pSTG,CEN→CEN,eyes open,gamma,"merged(Kraków,Warszawa)",0.09459766154819392
L-ITG→R-ITG,CEN→CEN,eyes open,gamma,"merged(Kraków,Warszawa)",0.03388757886079459
L-ITG→L-SUP,CEN→CEN,eyes open,gamma,"merged(Kraków,Warszawa)",-0.11773905481036044
L-ITG→R-SUP,CEN→CEN,eyes open,gamma,"merged(Kraków,Warszawa)",0.001954225303654402
R-ITG→L-ACC,CEN→SN,eyes open,gamma,"merged(Kraków,Warszawa)",0.18286504819221233
R-ITG→R-ACC,CEN→SN,eyes open,gamma,"merged(Kraków,Warszawa)",0.17836849443004618
R-ITG→L-INS,CEN→SN,eyes open,gamma,"merged(Kraków,Warszawa)",0.12648008823900955
R-ITG→R-INS,CEN→SN,eyes open,gamma,"merged(Kraków,Warszawa)",-0.03251810872121197
R-ITG→L-IFG,CEN→DMN,eyes open,gamma,"merged(Kraków,Warszawa)",0.10222924350364179
R-ITG→R-IFG,CEN→CEN,eyes open,gamma,"merged(Kraków,Warszawa)",-0.15212922629871567
R-ITG→L-mPFC,CEN→DMN,eyes open,gamma,"merged(Kraków,Warszawa)",0.000689934155826102
R-ITG→R-mPFC,CEN→DMN,eyes open,gamma,"merged(Kraków,Warszawa)",0.2257300289151755
R-ITG→L-aSTG,CEN→DMN,eyes open,gamma,"merged(Kraków,Warszawa)",-0.008148812774327925
R-ITG→R-aSTG,CEN→DMN,eyes open,gamma,"merged(Kraków,Warszawa)",0.07391319475655501
R-ITG→L-PREC,CEN→DMN,eyes open,gamma,"merged(Kraków,Warszawa)",0.12382900592124114
R-ITG→R-PREC,CEN→DMN,eyes open,gamma,"merged(Kraków,Warszawa)",0.061813598422260356
R-ITG→L-ANG,CEN→DMN,eyes open,gamma,"merged(Kraków,Warszawa)",0.05084754779489518
R-ITG→R-ANG,CEN→DMN,eyes open,gamma,"merged(Kraków,Warszawa)",0.29614085194361556
R-ITG→L-SFG,CEN→CEN,eyes open,gamma,"merged(Kraków,Warszawa)",0.062049580147651794
R-ITG→R-SFG,CEN→CEN,eyes open,gamma,"merged(Kraków,Warszawa)",0.10485967798434553
R-ITG→L-pSTG,CEN→CEN,eyes open,gamma,"merged(Kraków,Warszawa)",0.06293547766009563
R-ITG→R-pSTG,CEN→CEN,eyes open,gamma,"merged(Kraków,Warszawa)",0.17704925583499428
R-ITG→L-ITG,CEN→CEN,eyes open,gamma,"merged(Kraków,Warszawa)",0.1278245150024149
R-ITG→L-SUP,CEN→CEN,eyes open,gamma,"merged(Kraków,Warszawa)",0.22703438771566542
R-ITG→R-SUP,CEN→CEN,eyes open,gamma,"merged(Kraków,Warszawa)",0.09040237883217468
L-SUP→L-ACC,CEN→SN,eyes open,gamma,"merged(Kraków,Warszawa)",0.052180869050928246
L-SUP→R-ACC,CEN→SN,eyes open,gamma,"merged(Kraków,Warszawa)",-0.022329820739895943
L-SUP→L-INS,CEN→SN,eyes open,gamma,"merged(Kraków,Warszawa)",0.08663732179534515
L-SUP→R-INS,CEN→SN,eyes open,gamma,"merged(Kraków,Warszawa)",0.03196748562663105
L-SUP→L-IFG,CEN→DMN,eyes open,gamma,"merged(Kraków,Warszawa)",0.15433180553718648
L-SUP→R-IFG,CEN→CEN,eyes open,gamma,"merged(Kraków,Warszawa)",-0.20610648950719557
L-SUP→L-mPFC,CEN→DMN,eyes open,gamma,"merged(Kraków,Warszawa)",0.004401279657585821
L-SUP→R-mPFC,CEN→DMN,eyes open,gamma,"merged(Kraków,Warszawa)",-0.01761519783247896
L-SUP→L-aSTG,CEN→DMN,eyes open,gamma,"merged(Kraków,Warszawa)",-0.07723050821287843
L-SUP→R-aSTG,CEN→DMN,eyes open,gamma,"merged(Kraków,Warszawa)",0.10112163820669005
L-SUP→L-PREC,CEN→DMN,eyes open,gamma,"merged(Kraków,Warszawa)",0.09037476984700375
L-SUP→R-PREC,CEN→DMN,eyes open,gamma,"merged(Kraków,Warszawa)",0.08029539956489723
L-SUP→L-ANG,CEN→DMN,eyes open,gamma,"merged(Kraków,Warszawa)",0.002039627385954006
L-SUP→R-ANG,CEN→DMN,eyes open,gamma,"merged(Kraków,Warszawa)",0.15756462341381097
L-SUP→L-SFG,CEN→CEN,eyes open,gamma,"merged(Kraków,Warszawa)",-0.14633148924545386
L-SUP→R-SFG,CEN→CEN,eyes open,gamma,"merged(Kraków,Warszawa)",-0.03653970666528427
L-SUP→L-pSTG,CEN→CEN,eyes open,gamma,"merged(Kraków,Warszawa)",-0.0176418017603855
L-SUP→R-pSTG,CEN→CEN,eyes open,gamma,"merged(Kraków,Warszawa)",-0.01894651456718444
L-SUP→L-ITG,CEN→CEN,eyes open,gamma,"merged(Kraków,Warszawa)",-0.20789025145395956
L-SUP→R-ITG,CEN→CEN,eyes open,gamma,"merged(Kraków,Warszawa)",-0.03588187162172873
L-SUP→R-SUP,CEN→CEN,eyes open,gamma,"merged(Kraków,Warszawa)",0.0098976391744985
R-SUP→L-ACC,CEN→SN,eyes open,gamma,"merged(Kraków,Warszawa)",0.08794013866444808
R-SUP→R-ACC,CEN→SN,eyes open,gamma,"merged(Kraków,Warszawa)",0.06585699288041214
R-SUP→L-INS,CEN→SN,eyes open,gamma,"merged(Kraków,Warszawa)",0.0481925223718764
R-SUP→R-INS,CEN→SN,eyes open,gamma,"merged(Kraków,Warszawa)",-0.07742966539209455
R-SUP→L-IFG,CEN→DMN,eyes open,gamma,"merged(Kraków,Warszawa)",-0.03518279159540919
R-SUP→R-IFG,CEN→CEN,eyes open,gamma,"merged(Kraków,Warszawa)",-0.09374248944166684
R-SUP→L-mPFC,CEN→DMN,eyes open,gamma,"merged(Kraków,Warszawa)",-0.10826579752676822
R-SUP→R-mPFC,CEN→DMN,eyes open,gamma,"merged(Kraków,Warszawa)",0.007756197518456474
R-SUP→L-aSTG,CEN→DMN,eyes open,gamma,"merged(Kraków,Warszawa)",0.14095783503079318
R-SUP→R-aSTG,CEN→DMN,eyes open,gamma,"merged(Kraków,Warszawa)",-0.026441512268097843
R-SUP→L-PREC,CEN→DMN,eyes open,gamma,"merged(Kraków,Warszawa)",0.05842799899784598
R-SUP→R-PREC,CEN→DMN,eyes open,gamma,"merged(Kraków,Warszawa)",-0.03035710285634849
R-SUP→L-ANG,CEN→DMN,eyes open,gamma,"merged(Kraków,Warszawa)",0.07532970043688174
R-SUP→R-ANG,CEN→DMN,eyes open,gamma,"merged(Kraków,Warszawa)",0.11126133841055269
R-SUP→L-SFG,CEN→CEN,eyes open,gamma,"merged(Kraków,Warszawa)",0.03903768956442735
R-SUP→R-SFG,CEN→CEN,eyes open,gamma,"merged(Kraków,Warszawa)",-0.10365147154886316
R-SUP→L-pSTG,CEN→CEN,eyes open,gamma,"merged(Kraków,Warszawa)",0.050062729437309966
R-SUP→R-pSTG,CEN→CEN,eyes open,gamma,"merged(Kraków,Warszawa)",0.04398298024524959
R-SUP→L-ITG,CEN→CEN,eyes open,gamma,"merged(Kraków,Warszawa)",-0.018423114919403
R-SUP→R-ITG,CEN→CEN,eyes open,gamma,"merged(Kraków,Warszawa)",-0.056758596928916355
R-SUP→L-SUP,CEN→CEN,eyes open,gamma,"merged(Kraków,Warszawa)",-0.03046600665611179
L-ACC→R-ACC,SN→SN,eyes open,theta,"merged(Kraków,Warszawa)",0.06969610715785704
L-ACC→L-INS,SN→SN,eyes open,theta,"merged(Kraków,Warszawa)",-0.0710703890383261
L-ACC→R-INS,SN→SN,eyes open,theta,"merged(Kraków,Warszawa)",0.0019914787695514634
L-ACC→L-IFG,SN→DMN,eyes open,theta,"merged(Kraków,Warszawa)",-0.012194290770454488
L-ACC→R-IFG,SN→CEN,eyes open,theta,"merged(Kraków,Warszawa)",-0.06850175491420939
L-ACC→L-mPFC,SN→DMN,eyes open,theta,"merged(Kraków,Warszawa)",-0.1760761264149493
L-ACC→R-mPFC,SN→DMN,eyes open,theta,"merged(Kraków,Warszawa)",0.12494396255165624
L-ACC→L-aSTG,SN→DMN,eyes open,theta,"merged(Kraków,Warszawa)",0.20192311120944662
L-ACC→R-aSTG,SN→DMN,eyes open,theta,"merged(Kraków,Warszawa)",-0.013182697576454305
L-ACC→L-PREC,SN→DMN,eyes open,theta,"merged(Kraków,Warszawa)",0.05085142015791097
L-ACC→R-PREC,SN→DMN,eyes open,theta,"merged(Kraków,Warszawa)",-0.1084541919997183
L-ACC→L-ANG,SN→DMN,eyes open,theta,"merged(Kraków,Warszawa)",0.007816901214617608
L-ACC→R-ANG,SN→DMN,eyes open,theta,"merged(Kraków,Warszawa)",0.14054744834064656
L-ACC→L-SFG,SN→CEN,eyes open,theta,"merged(Kraków,Warszawa)",0.0377239085431487
L-ACC→R-SFG,SN→CEN,eyes open,theta,"merged(Kraków,Warszawa)",-0.18182026305835128
L-ACC→L-pSTG,SN→CEN,eyes open,theta,"merged(Kraków,Warszawa)",-0.06345979787828024
L-ACC→R-pSTG,SN→CEN,eyes open,theta,"merged(Kraków,Warszawa)",0.0014084856304079972
L-ACC→L-ITG,SN→CEN,eyes open,theta,"merged(Kraków,Warszawa)",-0.09296005160692782
L-ACC→R-ITG,SN→CEN,eyes open,theta,"merged(Kraków,Warszawa)",-0.03131508796078143
L-ACC→L-SUP,SN→CEN,eyes open,theta,"merged(Kraków,Warszawa)",-0.02804426144766869
L-ACC→R-SUP,SN→CEN,eyes open,theta,"merged(Kraków,Warszawa)",-0.03008792408982618
R-ACC→L-ACC,SN→SN,eyes open,theta,"merged(Kraków,Warszawa)",0.14122173436921073
R-ACC→L-INS,SN→SN,eyes open,theta,"merged(Kraków,Warszawa)",0.004064763590151496
R-ACC→R-INS,SN→SN,eyes open,theta,"merged(Kraków,Warszawa)",-0.16344574223944683
R-ACC→L-IFG,SN→DMN,eyes open,theta,"merged(Kraków,Warszawa)",-0.0012787765607847016
R-ACC→R-IFG,SN→CEN,eyes open,theta,"merged(Kraków,Warszawa)",-0.03426468384921893
R-ACC→L-mPFC,SN→DMN,eyes open,theta,"merged(Kraków,Warszawa)",-0.0548743084670452
R-ACC→R-mPFC,SN→DMN,eyes open,theta,"merged(Kraków,Warszawa)",-0.1048824913540567
R-ACC→L-aSTG,SN→DMN,eyes open,theta,"merged(Kraków,Warszawa)",0.008309055581358
R-ACC→R-aSTG,SN→DMN,eyes open,theta,"merged(Kraków,Warszawa)",0.0142035268161609
R-ACC→L-PREC,SN→DMN,eyes open,theta,"merged(Kraków,Warszawa)",0.09751541044036795
R-ACC→R-PREC,SN→DMN,eyes open,theta,"merged(Kraków,Warszawa)",-0.10826579752676822
R-ACC→L-ANG,SN→DMN,eyes open,theta,"merged(Kraków,Warszawa)",-0.03603341715185411
R-ACC→R-ANG,SN→DMN,eyes open,theta,"merged(Kraków,Warszawa)",-0.003232499635919546
R-ACC→L-SFG,SN→CEN,eyes open,theta,"merged(Kraków,Warszawa)",-0.06198860863963771
R-ACC→R-SFG,SN→CEN,eyes open,theta,"merged(Kraków,Warszawa)",0.05205355656611398
R-ACC→L-pSTG,SN→CEN,eyes open,theta,"merged(Kraków,Warszawa)",-0.013549211967171654
R-ACC→R-pSTG,SN→CEN,eyes open,theta,"merged(Kraków,Warszawa)",-0.03699416249996814
R-ACC→L-ITG,SN→CEN,eyes open,theta,"merged(Kraków,Warszawa)",-0.012213555064882269
R-ACC→R-ITG,SN→CEN,eyes open,theta,"merged(Kraków,Warszawa)",-0.0789953245255414
R-ACC→L-SUP,SN→CEN,eyes open,theta,"merged(Kraków,Warszawa)",-0.19036642813876176
R-ACC→R-SUP,SN→CEN,eyes open,theta,"merged(Kraków,Warszawa)",-0.07521981022456545
L-INS→L-ACC,SN→SN,eyes open,theta,"merged(Kraków,Warszawa)",0.05631805946584601
L-INS→R-ACC,SN→SN,eyes open,theta,"merged(Kraków,Warszawa)",0.08588836833408807
L-INS→R-INS,SN→SN,eyes open,theta,"merged(Kraków,Warszawa)",0.08587595000637889
L-INS→L-IFG,SN→DMN,eyes open,theta,"merged(Kraków,Warszawa)",0.14309764174579664
L-INS→R-IFG,SN→CEN,eyes open,theta,"merged(Kraków,Warszawa)",0.17478483437651432
L-INS→L-mPFC,SN→DMN,eyes open,theta,"merged(Kraków,Warszawa)",0.0752717150587448
L-INS→R-mPFC,SN→DMN,eyes open,theta,"merged(Kraków,Warszawa)",-0.027671304030058658
L-INS→L-aSTG,SN→DMN,eyes open,theta,"merged(Kraków,Warszawa)",0.031121939502245087
L-INS→R-aSTG,SN→DMN,eyes open,theta,"merged(Kraków,Warszawa)",0.13142735608156506
L-INS→L-PREC,SN→DMN,eyes open,theta,"merged(Kraków,Warszawa)",-0.012194290770454488
L-INS→R-PREC,SN→DMN,eyes open,theta,"merged(Kraków,Warszawa)",-0.07324731011910857
L-INS→L-ANG,SN→DMN,eyes open,theta,"merged(Kraków,Warszawa)",0.13588345207182945
L-INS→R-ANG,SN→DMN,eyes open,theta,"merged(Kraków,Warszawa)",0.028250743385054587
L-INS→L-SFG,SN→CEN,eyes open,theta,"merged(Kraków,Warszawa)",0.05726607882039398
L-INS→R-SFG,SN→CEN,eyes open,theta,"merged(Kraków,Warszawa)",0.0835117049191452
L-INS→L-pSTG,SN→CEN,eyes open,theta,"merged(Kraków,Warszawa)",-0.1299745021528072
L-INS→R-pSTG,SN→CEN,eyes open,theta,"merged(Kraków,Warszawa)",0.08348902348036041
L-INS→L-ITG,SN→CEN,eyes open,theta,"merged(Kraków,Warszawa)",-0.08589911823059096
L-INS→R-ITG,SN→CEN,eyes open,theta,"merged(Kraków,Warszawa)",-0.08743349929896388
L-INS→L-SUP,SN→CEN,eyes open,theta,"merged(Kraków,Warszawa)",-0.154955422710187
L-INS→R-SUP,SN→CEN,eyes open,theta,"merged(Kraków,Warszawa)",-0.07375607456511084
R-INS→L-ACC,SN→SN,eyes open,theta,"merged(Kraków,Warszawa)",0.02503646567806515
R-INS→R-ACC,SN→SN,eyes open,theta,"merged(Kraków,Warszawa)",0.12642207664811927
R-INS→L-INS,SN→SN,eyes open,theta,"merged(Kraków,Warszawa)",0.08588270572781896
R-INS→L-IFG,SN→DMN,eyes open,theta,"merged(Kraków,Warszawa)",0.009536105924769278
R-INS→R-IFG,SN→CEN,eyes open,theta,"merged(Kraków,Warszawa)",-0.09589480568273459
R-INS→L-mPFC,SN→DMN,eyes open,theta,"merged(Kraków,Warszawa)",-0.031703017538580756
R-INS→R-mPFC,SN→DMN,eyes open,theta,"merged(Kraków,Warszawa)",0.003240621507103476
R-INS→L-aSTG,SN→DMN,eyes open,theta,"merged(Kraków,Warszawa)",-0.056339425216319884
R-INS→R-aSTG,SN→DMN,eyes open,theta,"merged(Kraków,Warszawa)",0.10577831323233301
R-INS→L-PREC,SN→DMN,eyes open,theta,"merged(Kraków,Warszawa)",0.01829534767323246
R-INS→R-PREC,SN→DMN,eyes open,theta,"merged(Kraków,Warszawa)",-0.02903353016775216
R-INS→L-ANG,SN→DMN,eyes open,theta,"merged(Kraków,Warszawa)",-0.013380613488875972
R-INS→R-ANG,SN→DMN,eyes open,theta,"merged(Kraków,Warszawa)",0.17781378944106122
R-INS→L-SFG,SN→CEN,eyes open,theta,"merged(Kraków,Warszawa)",0.1024885645809723
R-INS→R-SFG,SN→CEN,eyes open,theta,"merged(Kraków,Warszawa)",0.05882811351601465
R-INS→L-pSTG,SN→CEN,eyes open,theta,"merged(Kraków,Warszawa)",0.1028525076504298
R-INS→R-pSTG,SN→CEN,eyes open,theta,"merged(Kraków,Warszawa)",0.028661971120264564
R-INS→L-ITG,SN→CEN,eyes open,theta,"merged(Kraków,Warszawa)",0.0
R-INS→R-ITG,SN→CEN,eyes open,theta,"merged(Kraków,Warszawa)",-0.05986063929233989
R-INS→L-SUP,SN→CEN,eyes open,theta,"merged(Kraków,Warszawa)",-0.049396270121588
R-INS→R-SUP,SN→CEN,eyes open,theta,"merged(Kraków,Warszawa)",-0.024388581540908977
L-IFG→L-ACC,DMN→SN,eyes open,theta,"merged(Kraków,Warszawa)",0.0871779788708135
L-IFG→R-ACC,DMN→SN,eyes open,theta,"merged(Kraków,Warszawa)",-0.0034496707791305107
L-IFG→L-INS,DMN→SN,eyes open,theta,"merged(Kraków,Warszawa)",0.16216887002815902
L-IFG→R-INS,DMN→SN,eyes open,theta,"merged(Kraków,Warszawa)",0.052164466073610874
L-IFG→R-IFG,DMN→CEN,eyes open,theta,"merged(Kraków,Warszawa)",0.11134738355247689
L-IFG→L-mPFC,DMN→DMN,eyes open,theta,"merged(Kraków,Warszawa)",0.010046397016308928
L-IFG→R-mPFC,DMN→DMN,eyes open,theta,"merged(Kraków,Warszawa)",0.19062284212525143
L-IFG→L-aSTG,DMN→DMN,eyes open,theta,"merged(Kraków,Warszawa)",-0.04068780336696587
L-IFG→R-aSTG,DMN→DMN,eyes open,theta,"merged(Kraków,Warszawa)",0.03883051585061819
L-IFG→L-PREC,DMN→DMN,eyes open,theta,"merged(Kraków,Warszawa)",0.0026056337382058693
L-IFG→R-PREC,DMN→DMN,eyes open,theta,"merged(Kraków,Warszawa)",0.029208355286754802
L-IFG→L-ANG,DMN→DMN,eyes open,theta,"merged(Kraków,Warszawa)",0.03163704415045142
L-IFG→R-ANG,DMN→DMN,eyes open,theta,"merged(Kraków,Warszawa)",0.21740798975991563
L-IFG→L-SFG,DMN→CEN,eyes open,theta,"merged(Kraków,Warszawa)",-0.11866867480208956
L-IFG→R-SFG,DMN→CEN,eyes open,theta,"merged(Kraków,Warszawa)",-0.03556725113353938
L-IFG→L-pSTG,DMN→CEN,eyes open,theta,"merged(Kraków,Warszawa)",-0.007768954430890011
L-IFG→R-pSTG,DMN→CEN,eyes open,theta,"merged(Kraków,Warszawa)",0.13051338893950257
L-IFG→L-ITG,DMN→CEN,eyes open,theta,"merged(Kraków,Warszawa)",0.046448908268483156
L-IFG→R-ITG,DMN→CEN,eyes open,theta,"merged(Kraków,Warszawa)",0.020355925108137114
L-IFG→L-SUP,DMN→CEN,eyes open,theta,"merged(Kraków,Warszawa)",-0.05736566830468216
L-IFG→R-SUP,DMN→CEN,eyes open,theta,"merged(Kraków,Warszawa)",-0.08061781120467135
R-IFG→L-ACC,CEN→SN,eyes open,theta,"merged(Kraków,Warszawa)",0.14054460272850774
R-IFG→R-ACC,CEN→SN,eyes open,theta,"merged(Kraków,Warszawa)",0.09499774073315802
R-IFG→L-INS,CEN→SN,eyes open,theta,"merged(Kraków,Warszawa)",0.14405029766422253
R-IFG→R-INS,CEN→SN,eyes open,theta,"merged(Kraków,Warszawa)",0.026056337382058696
R-IFG→L-IFG,CEN→DMN,eyes open,theta,"merged(Kraków,Warszawa)",0.2774287146466518
R-IFG→L-mPFC,CEN→DMN,eyes open,theta,"merged(Kraków,Warszawa)",0.09291009676706657
R-IFG→R-mPFC,CEN→DMN,eyes open,theta,"merged(Kraków,Warszawa)",0.1577311845137765
R-IFG→L-aSTG,CEN→DMN,eyes open,theta,"merged(Kraków,Warszawa)",0.1348171205656184
R-IFG→R-aSTG,CEN→DMN,eyes open,theta,"merged(Kraków,Warszawa)",0.08695680613335971
R-IFG→L-PREC,CEN→DMN,eyes open,theta,"merged(Kraków,Warszawa)",0.08142370043254846
R-IFG→R-PREC,CEN→DMN,eyes open,theta,"merged(Kraków,Warszawa)",0.03689220678122952
R-IFG→L-ANG,CEN→DMN,eyes open,theta,"merged(Kraków,Warszawa)",0.15131237663715255
R-IFG→R-ANG,CEN→DMN,eyes open,theta,"merged(Kraków,Warszawa)",0.03607503607503608
R-IFG→L-SFG,CEN→CEN,eyes open,theta,"merged(Kraków,Warszawa)",0.10960280786273502
R-IFG→R-SFG,CEN→CEN,eyes open,theta,"merged(Kraków,Warszawa)",0.009119718083720543
R-IFG→L-pSTG,CEN→CEN,eyes open,theta,"merged(Kraków,Warszawa)",0.0
R-IFG→R-pSTG,CEN→CEN,eyes open,theta,"merged(Kraków,Warszawa)",0.09635460822563596
R-IFG→L-ITG,CEN→CEN,eyes open,theta,"merged(Kraków,Warszawa)",0.10894660894660894
R-IFG→R-ITG,CEN→CEN,eyes open,theta,"merged(Kraków,Warszawa)",-0.15730498752835126
R-IFG→L-SUP,CEN→CEN,eyes open,theta,"merged(Kraków,Warszawa)",-0.12164517824141706
R-IFG→R-SUP,CEN→CEN,eyes open,theta,"merged(Kraków,Warszawa)",-0.0648538106476536
L-mPFC→L-ACC,DMN→SN,eyes open,theta,"merged(Kraków,Warszawa)",-0.04115722790406358
L-mPFC→R-ACC,DMN→SN,eyes open,theta,"merged(Kraków,Warszawa)",0.1592015049388193
L-mPFC→L-INS,DMN→SN,eyes open,theta,"merged(Kraków,Warszawa)",0.20206249914858726
L-mPFC→R-INS,DMN→SN,eyes open,theta,"merged(Kraków,Warszawa)",-0.031047037012174594
L-mPFC→L-IFG,DMN→DMN,eyes open,theta,"merged(Kraków,Warszawa)",0.05683954370155331
L-mPFC→R-IFG,DMN→CEN,eyes open,theta,"merged(Kraków,Warszawa)",-0.16367758705650026
L-mPFC→R-mPFC,DMN→DMN,eyes open,theta,"merged(Kraków,Warszawa)",0.11918285765013896
L-mPFC→L-aSTG,DMN→DMN,eyes open,theta,"merged(Kraków,Warszawa)",0.010621220104274472
L-mPFC→R-aSTG,DMN→DMN,eyes open,theta,"merged(Kraków,Warszawa)",-0.012776585358650071
L-mPFC→L-PREC,DMN→DMN,eyes open,theta,"merged(Kraków,Warszawa)",0.10487675796278624
L-mPFC→R-PREC,DMN→DMN,eyes open,theta,"merged(Kraków,Warszawa)",-0.03033147488959218
L-mPFC→L-ANG,DMN→DMN,eyes open,theta,"merged(Kraków,Warszawa)",0.09837395748950153
L-mPFC→R-ANG,DMN→DMN,eyes open,theta,"merged(Kraków,Warszawa)",0.2150942753093155
L-mPFC→L-SFG,DMN→CEN,eyes open,theta,"merged(Kraków,Warszawa)",0.10602354921812808
L-mPFC→R-SFG,DMN→CEN,eyes open,theta,"merged(Kraków,Warszawa)",0.0652680763505282
L-mPFC→L-pSTG,DMN→CEN,eyes open,theta,"merged(Kraków,Warszawa)",0.028250788976617203
L-mPFC→R-pSTG,DMN→CEN,eyes open,theta,"merged(Kraków,Warszawa)",-0.01172535182192641
L-mPFC→L-ITG,DMN→CEN,eyes open,theta,"merged(Kraków,Warszawa)",0.2222222222222222
L-mPFC→R-ITG,DMN→CEN,eyes open,theta,"merged(Kraków,Warszawa)",0.05076641968328251
L-mPFC→L-SUP,DMN→CEN,eyes open,theta,"merged(Kraków,Warszawa)",-0.02224874183507003
L-mPFC→R-SUP,DMN→CEN,eyes open,theta,"merged(Kraków,Warszawa)",0.029855356825267767
R-mPFC→L-ACC,DMN→SN,eyes open,theta,"merged(Kraków,Warszawa)",0.009859399412855982
R-mPFC→R-ACC,DMN→SN,eyes open,theta,"merged(Kraków,Warszawa)",-0.02605698416254795
R-mPFC→L-INS,DMN→SN,eyes open,theta,"merged(Kraków,Warszawa)",0.09381043338491984
R-mPFC→R-INS,DMN→SN,eyes open,theta,"merged(Kraków,Warszawa)",0.01906925178491185
R-mPFC→L-IFG,DMN→DMN,eyes open,theta,"merged(Kraków,Warszawa)",0.15381935125012802
R-mPFC→R-IFG,DMN→CEN,eyes open,theta,"merged(Kraków,Warszawa)",-0.020355925108137114
R-mPFC→L-mPFC,DMN→DMN,eyes open,theta,"merged(Kraków,Warszawa)",0.03518638419619967
R-mPFC→L-aSTG,DMN→DMN,eyes open,theta,"merged(Kraków,Warszawa)",0.052180869050928246
R-mPFC→R-aSTG,DMN→DMN,eyes open,theta,"merged(Kraków,Warszawa)",-0.026462702640578248
R-mPFC→L-PREC,DMN→DMN,eyes open,theta,"merged(Kraków,Warszawa)",-0.08725473505695482
R-mPFC→R-PREC,DMN→DMN,eyes open,theta,"merged(Kraków,Warszawa)",-0.038569690368911176
R-mPFC→L-ANG,DMN→DMN,eyes open,theta,"merged(Kraków,Warszawa)",0.10581459430763332
R-mPFC→R-ANG,DMN→DMN,eyes open,theta,"merged(Kraków,Warszawa)",-0.035180586818993394
R-mPFC→L-SFG,DMN→CEN,eyes open,theta,"merged(Kraków,Warszawa)",0.00963850447437528
R-mPFC→R-SFG,DMN→CEN,eyes open,theta,"merged(Kraków,Warszawa)",0.002507327007485515
R-mPFC→L-pSTG,DMN→CEN,eyes open,theta,"merged(Kraków,Warszawa)",-0.022131156979374286
R-mPFC→R-pSTG,DMN→CEN,eyes open,theta,"merged(Kraków,Warszawa)",0.0032619883292480663
R-mPFC→L-ITG,DMN→CEN,eyes open,theta,"merged(Kraków,Warszawa)",0.03823953823953824
R-mPFC→R-ITG,DMN→CEN,eyes open,theta,"merged(Kraków,Warszawa)",-0.15454525090504687
R-mPFC→L-SUP,DMN→CEN,eyes open,theta,"merged(Kraków,Warszawa)",0.04528015534635803
R-mPFC→R-SUP,DMN→CEN,eyes open,theta,"merged(Kraków,Warszawa)",0.01556997888323046
L-aSTG→L-ACC,DMN→SN,eyes open,theta,"merged(Kraków,Warszawa)",0.22439455665672828
L-aSTG→R-ACC,DMN→SN,eyes open,theta,"merged(Kraków,Warszawa)",0.19577950262671162
L-aSTG→L-INS,DMN→SN,eyes open,theta,"merged(Kraków,Warszawa)",0.37106199336439866
L-aSTG→R-INS,DMN→SN,eyes open,theta,"merged(Kraków,Warszawa)",0.13916118647394538
L-aSTG→L-IFG,DMN→DMN,eyes open,theta,"merged(Kraków,Warszawa)",0.046744781286742206
L-aSTG→R-IFG,DMN→CEN,eyes open,theta,"merged(Kraków,Warszawa)",0.019074903556548718
L-aSTG→L-mPFC,DMN→DMN,eyes open,theta,"merged(Kraków,Warszawa)",0.18255222054221748
L-aSTG→R-mPFC,DMN→DMN,eyes open,theta,"merged(Kraków,Warszawa)",0.1442991074503781
L-aSTG→R-aSTG,DMN→DMN,eyes open,theta,"merged(Kraków,Warszawa)",0.27037544370060074
L-aSTG→L-PREC,DMN→DMN,eyes open,theta,"merged(Kraków,Warszawa)",0.08232906452954608
L-aSTG→R-PREC,DMN→DMN,eyes open,theta,"merged(Kraków,Warszawa)",0.02137084161391705
L-aSTG→L-ANG,DMN→DMN,eyes open,theta,"merged(Kraków,Warszawa)",0.044331034746678655
L-aSTG→R-ANG,DMN→DMN,eyes open,theta,"merged(Kraków,Warszawa)",0.07482040548900402
L-aSTG→L-SFG,DMN→CEN,eyes open,theta,"merged(Kraków,Warszawa)",0.13913491117139384
L-aSTG→R-SFG,DMN→CEN,eyes open,theta,"merged(Kraków,Warszawa)",0.15095531404173054
L-aSTG→L-pSTG,DMN→CEN,eyes open,theta,"merged(Kraków,Warszawa)",0.14316519705098496
L-aSTG→R-pSTG,DMN→CEN,eyes open,theta,"merged(Kraków,Warszawa)",0.08320284610707854
L-aSTG→L-ITG,DMN→CEN,eyes open,theta,"merged(Kraków,Warszawa)",0.23690995852198501
L-aSTG→R-ITG,DMN→CEN,eyes open,theta,"merged(Kraków,Warszawa)",-0.035846617851926346
L-aSTG→L-SUP,DMN→CEN,eyes open,theta,"merged(Kraków,Warszawa)",0.02118805753879094
L-aSTG→R-SUP,DMN→CEN,eyes open,theta,"merged(Kraków,Warszawa)",0.24295678519890793
R-aSTG→L-ACC,DMN→SN,eyes open,theta,"merged(Kraków,Warszawa)",0.030244962316143122
R-aSTG→R-ACC,DMN→SN,eyes open,theta,"merged(Kraków,Warszawa)",0.04694698301424876
R-aSTG→L-INS,DMN→SN,eyes open,theta,"merged(Kraków,Warszawa)",0.22307135354455793
R-aSTG→R-INS,DMN→SN,eyes open,theta,"merged(Kraków,Warszawa)",0.028848630881545365
R-aSTG→L-IFG,DMN→DMN,eyes open,theta,"merged(Kraków,Warszawa)",0.03799802978286742
R-aSTG→R-IFG,DMN→CEN,eyes open,theta,"merged(Kraków,Warszawa)",0.0035313429231318234
R-aSTG→L-mPFC,DMN→DMN,eyes open,theta,"merged(Kraków,Warszawa)",0.18258204507983786
R-aSTG→R-mPFC,DMN→DMN,eyes open,theta,"merged(Kraków,Warszawa)",0.16191308300770127
R-aSTG→L-aSTG,DMN→DMN,eyes open,theta,"merged(Kraków,Warszawa)",0.12626262626262627
R-aSTG→L-PREC,DMN→DMN,eyes open,theta,"merged(Kraków,Warszawa)",-0.06002427155687088
R-aSTG→R-PREC,DMN→DMN,eyes open,theta,"merged(Kraków,Warszawa)",0.014157837829855486
R-aSTG→L-ANG,DMN→DMN,eyes open,theta,"merged(Kraków,Warszawa)",-0.09540923407046449
R-aSTG→R-ANG,DMN→DMN,eyes open,theta,"merged(Kraków,Warszawa)",0.0411869501132357
R-aSTG→L-SFG,DMN→CEN,eyes open,theta,"merged(Kraków,Warszawa)",0.08226497123347826
R-aSTG→R-SFG,DMN→CEN,eyes open,theta,"merged(Kraków,Warszawa)",0.08783302926189171
R-aSTG→L-pSTG,DMN→CEN,eyes open,theta,"merged(Kraków,Warszawa)",-0.029855356825267767
R-aSTG→R-pSTG,DMN→CEN,eyes open,theta,"merged(Kraków,Warszawa)",0.14897746933141776
R-aSTG→L-ITG,DMN→CEN,eyes open,theta,"merged(Kraków,Warszawa)",-0.14383108168843137
R-aSTG→R-ITG,DMN→CEN,eyes open,theta,"merged(Kraków,Warszawa)",-0.17197182672158737
R-aSTG→L-SUP,DMN→CEN,eyes open,theta,"merged(Kraków,Warszawa)",-0.17259482669446016
R-aSTG→R-SUP,DMN→CEN,eyes open,theta,"merged(Kraków,Warszawa)",0.0010359393534040597
L-PREC→L-ACC,DMN→SN,eyes open,theta,"merged(Kraków,Warszawa)",-0.07742966539209455
L-PREC→R-ACC,DMN→SN,eyes open,theta,"merged(Kraków,Warszawa)",-0.023092321416990923
L-PREC→L-INS,DMN→SN,eyes open,theta,"merged(Kraków,Warszawa)",0.03280474619112856
L-PREC→R-INS,DMN→SN,eyes open,theta,"merged(Kraków,Warszawa)",0.00365598445579752
L-PREC→L-IFG,DMN→DMN,eyes open,theta,"merged(Kraków,Warszawa)",-0.04122487051519871
L-PREC→R-IFG,DMN→CEN,eyes open,theta,"merged(Kraków,Warszawa)",-0.2330991404124206
L-PREC→L-mPFC,DMN→DMN,eyes open,theta,"merged(Kraków,Warszawa)",0.008461306383770698
L-PREC→R-mPFC,DMN→DMN,eyes open,theta,"merged(Kraków,Warszawa)",-0.03879643463380239
L-PREC→L-aSTG,DMN→DMN,eyes open,theta,"merged(Kraków,Warszawa)",-0.16827564756060015
L-PREC→R-aSTG,DMN→DMN,eyes open,theta,"merged(Kraków,Warszawa)",-0.11203898220808232
L-PREC→R-PREC,DMN→DMN,eyes open,theta,"merged(Kraków,Warszawa)",-0.016921770201561954
L-PREC→L-ANG,DMN→DMN,eyes open,theta,"merged(Kraków,Warszawa)",0.01629762554865585
L-PREC→R-ANG,DMN→DMN,eyes open,theta,"merged(Kraków,Warszawa)",0.15865447530759993
L-PREC→L-SFG,DMN→CEN,eyes open,theta,"merged(Kraków,Warszawa)",-0.18128938684571047
L-PREC→R-SFG,DMN→CEN,eyes open,theta,"merged(Kraków,Warszawa)",-0.09290663053882083
L-PREC→L-pSTG,DMN→CEN,eyes open,theta,"merged(Kraków,Warszawa)",-0.17641801760385498
L-PREC→R-pSTG,DMN→CEN,eyes open,theta,"merged(Kraków,Warszawa)",0.030010292629082207
L-PREC→L-ITG,DMN→CEN,eyes open,theta,"merged(Kraków,Warszawa)",-0.1303975554511333
L-PREC→R-ITG,DMN→CEN,eyes open,theta,"merged(Kraków,Warszawa)",0.021099813252947578
L-PREC→L-SUP,DMN→CEN,eyes open,theta,"merged(Kraków,Warszawa)",-0.0016618111162716
L-PREC→R-SUP,DMN→CEN,eyes open,theta,"merged(Kraków,Warszawa)",-0.06123239284783793
R-PREC→L-ACC,DMN→SN,eyes open,theta,"merged(Kraków,Warszawa)",0.15865447530759993
R-PREC→R-ACC,DMN→SN,eyes open,theta,"merged(Kraków,Warszawa)",0.04465964147979189
R-PREC→L-INS,DMN→SN,eyes open,theta,"merged(Kraków,Warszawa)",0.05117830051480303
R-PREC→R-INS,DMN→SN,eyes open,theta,"merged(Kraków,Warszawa)",0.10438362653593812
R-PREC→L-IFG,DMN→DMN,eyes open,theta,"merged(Kraków,Warszawa)",0.045645511269959464
R-PREC→R-IFG,DMN→CEN,eyes open,theta,"merged(Kraków,Warszawa)",0.08888753963886539
R-PREC→L-mPFC,DMN→DMN,eyes open,theta,"merged(Kraków,Warszawa)",-0.04021582901377272
R-PREC→R-mPFC,DMN→DMN,eyes open,theta,"merged(Kraków,Warszawa)",0.01725948266944602
R-PREC→L-aSTG,DMN→DMN,eyes open,theta,"merged(Kraków,Warszawa)",0.0018799096856533673
R-PREC→R-aSTG,DMN→DMN,eyes open,theta,"merged(Kraków,Warszawa)",0.04240584828022486
R-PREC→L-PREC,DMN→DMN,eyes open,theta,"merged(Kraków,Warszawa)",0.15345318729416418
R-PREC→L-ANG,DMN→DMN,eyes open,theta,"merged(Kraków,Warszawa)",0.015633802429235216
R-PREC→R-ANG,DMN→DMN,eyes open,theta,"merged(Kraków,Warszawa)",0.04465964147979189
R-PREC→L-SFG,DMN→CEN,eyes open,theta,"merged(Kraków,Warszawa)",0.10042256386680977
R-PREC→R-SFG,DMN→CEN,eyes open,theta,"merged(Kraków,Warszawa)",-0.04366305454264791
R-PREC→L-pSTG,DMN→CEN,eyes open,theta,"merged(Kraków,Warszawa)",0.13015413646225726
R-PREC→R-pSTG,DMN→CEN,eyes open,theta,"merged(Kraków,Warszawa)",-0.012712834523274564
R-PREC→L-ITG,DMN→CEN,eyes open,theta,"merged(Kraków,Warszawa)",-0.09123240638734827
R-PREC→R-ITG,DMN→CEN,eyes open,theta,"merged(Kraków,Warszawa)",-0.09198262119552437
R-PREC→L-SUP,DMN→CEN,eyes open,theta,"merged(Kraków,Warszawa)",-0.035180258338894634
R-PREC→R-SUP,DMN→CEN,eyes open,theta,"merged(Kraków,Warszawa)",-0.1684291855899104
L-ANG→L-ACC,DMN→SN,eyes open,theta,"merged(Kraków,Warszawa)",0.031840648122853386
L-ANG→R-ACC,DMN→SN,eyes open,theta,"merged(Kraków,Warszawa)",-0.05105512753113155
L-ANG→L-INS,DMN→SN,eyes open,theta,"merged(Kraków,Warszawa)",0.06517249919841435
L-ANG→R-INS,DMN→SN,eyes open,theta,"merged(Kraków,Warszawa)",-0.04538986009002504
L-ANG→L-IFG,DMN→DMN,eyes open,theta,"merged(Kraków,Warszawa)",0.016282091716086886
L-ANG→R-IFG,DMN→CEN,eyes open,theta,"merged(Kraków,Warszawa)",-0.14536792735210607
L-ANG→L-mPFC,DMN→DMN,eyes open,theta,"merged(Kraków,Warszawa)",-0.09891011222105602
L-ANG→R-mPFC,DMN→DMN,eyes open,theta,"merged(Kraków,Warszawa)",0.016239869629015233
L-ANG→L-aSTG,DMN→DMN,eyes open,theta,"merged(Kraków,Warszawa)",-0.02628074891300696
L-ANG→R-aSTG,DMN→DMN,eyes open,theta,"merged(Kraków,Warszawa)",-0.08269317890951973
L-ANG→L-PREC,DMN→DMN,eyes open,theta,"merged(Kraków,Warszawa)",0.06306349436912967
L-ANG→R-PREC,DMN→DMN,eyes open,theta,"merged(Kraków,Warszawa)",0.04514018544316651
L-ANG→R-ANG,DMN→DMN,eyes open,theta,"merged(Kraków,Warszawa)",0.008775644526199302
L-ANG→L-SFG,DMN→CEN,eyes open,theta,"merged(Kraków,Warszawa)",-0.11923306531111055
L-ANG→R-SFG,DMN→CEN,eyes open,theta,"merged(Kraków,Warszawa)",-0.08461306383770698
L-ANG→L-pSTG,DMN→CEN,eyes open,theta,"merged(Kraków,Warszawa)",-0.18801349091765773
L-ANG→R-pSTG,DMN→CEN,eyes open,theta,"merged(Kraków,Warszawa)",0.10311521335544924
L-ANG→L-ITG,DMN→CEN,eyes open,theta,"merged(Kraków,Warszawa)",0.09181491600142741
L-ANG→R-ITG,DMN→CEN,eyes open,theta,"merged(Kraków,Warszawa)",-0.1880495255614136
L-ANG→L-SUP,DMN→CEN,eyes open,theta,"merged(Kraków,Warszawa)",-0.10332804167962033
L-ANG→R-SUP,DMN→CEN,eyes open,theta,"merged(Kraków,Warszawa)",-0.12473951862240436
R-ANG→L-ACC,DMN→SN,eyes open,theta,"merged(Kraków,Warszawa)",0.009399548428266836
R-ANG→R-ACC,DMN→SN,eyes open,theta,"merged(Kraków,Warszawa)",-0.12683068441702258
R-ANG→L-INS,DMN→SN,eyes open,theta,"merged(Kraków,Warszawa)",-0.13533224690846027
R-ANG→R-INS,DMN→SN,eyes open,theta,"merged(Kraków,Warszawa)",-0.05683394017648872
R-ANG→L-IFG,DMN→DMN,eyes open,theta,"merged(Kraków,Warszawa)",0.05028239229431704
R-ANG→R-IFG,DMN→CEN,eyes open,theta,"merged(Kraków,Warszawa)",-0.05070548269468791
R-ANG→L-mPFC,DMN→DMN,eyes open,theta,"merged(Kraków,Warszawa)",0.014430014430014432
R-ANG→R-mPFC,DMN→DMN,eyes open,theta,"merged(Kraków,Warszawa)",-0.2014924773056517
R-ANG→L-aSTG,DMN→DMN,eyes open,theta,"merged(Kraków,Warszawa)",-0.21663248628883977
R-ANG→R-aSTG,DMN→DMN,eyes open,theta,"merged(Kraków,Warszawa)",0.027367771182358808
R-ANG→L-PREC,DMN→DMN,eyes open,theta,"merged(Kraków,Warszawa)",0.07145881971333717
R-ANG→R-PREC,DMN→DMN,eyes open,theta,"merged(Kraków,Warszawa)",0.0698886762046041
R-ANG→L-ANG,DMN→DMN,eyes open,theta,"merged(Kraków,Warszawa)",-0.17790543674659742
R-ANG→L-SFG,DMN→CEN,eyes open,theta,"merged(Kraków,Warszawa)",-0.1008225239468029
R-ANG→R-SFG,DMN→CEN,eyes open,theta,"merged(Kraków,Warszawa)",-0.1455937926133956
R-ANG→L-pSTG,DMN→CEN,eyes open,theta,"merged(Kraków,Warszawa)",-0.2379207381651324
R-ANG→R-pSTG,DMN→CEN,eyes open,theta,"merged(Kraków,Warszawa)",-0.039247527141586545
R-ANG→L-ITG,DMN→CEN,eyes open,theta,"merged(Kraków,Warszawa)",-0.10042256386680977
R-ANG→R-ITG,DMN→CEN,eyes open,theta,"merged(Kraków,Warszawa)",0.02235619974583323
R-ANG→L-SUP,DMN→CEN,eyes open,theta,"merged(Kraków,Warszawa)",-0.0949271546819531
R-ANG→R-SUP,DMN→CEN,eyes open,theta,"merged(Kraków,Warszawa)",-0.15247544843756855
L-SFG→L-ACC,CEN→SN,eyes open,theta,"merged(Kraków,Warszawa)",0.07959251523365282
L-SFG→R-ACC,CEN→SN,eyes open,theta,"merged(Kraków,Warszawa)",0.19202422685342677
L-SFG→L-INS,CEN→SN,eyes open,theta,"merged(Kraków,Warszawa)",0.06029399325391386
L-SFG→R-INS,CEN→SN,eyes open,theta,"merged(Kraków,Warszawa)",0.0903773331425525
L-SFG→L-IFG,CEN→DMN,eyes open,theta,"merged(Kraków,Warszawa)",-0.09910486480898839
L-SFG→R-IFG,CEN→CEN,eyes open,theta,"merged(Kraków,Warszawa)",-0.05507634776637607
L-SFG→L-mPFC,CEN→DMN,eyes open,theta,"merged(Kraków,Warszawa)",-0.12465097829110774
L-SFG→R-mPFC,CEN→DMN,eyes open,theta,"merged(Kraków,Warszawa)",-0.004401279657585821
L-SFG→L-aSTG,CEN→DMN,eyes open,theta,"merged(Kraków,Warszawa)",-0.03319673546906143
L-SFG→R-aSTG,CEN→DMN,eyes open,theta,"merged(Kraków,Warszawa)",-0.03315640049257277
L-SFG→L-PREC,CEN→DMN,eyes open,theta,"merged(Kraków,Warszawa)",0.04809970248345937
L-SFG→R-PREC,CEN→DMN,eyes open,theta,"merged(Kraków,Warszawa)",-0.0052112674764117385
L-SFG→L-ANG,CEN→DMN,eyes open,theta,"merged(Kraków,Warszawa)",-0.027663946224217854
L-SFG→R-ANG,CEN→DMN,eyes open,theta,"merged(Kraków,Warszawa)",0.06300383564734818
L-SFG→R-SFG,CEN→CEN,eyes open,theta,"merged(Kraków,Warszawa)",-0.14964350835791793
L-SFG→L-pSTG,CEN→CEN,eyes open,theta,"merged(Kraków,Warszawa)",-0.01684629720793751
L-SFG→R-pSTG,CEN→CEN,eyes open,theta,"merged(Kraków,Warszawa)",-0.046744781286742206
L-SFG→L-ITG,CEN→CEN,eyes open,theta,"merged(Kraków,Warszawa)",-0.11864879843244447
L-SFG→R-ITG,CEN→CEN,eyes open,theta,"merged(Kraków,Warszawa)",-0.037174270364960654
L-SFG→L-SUP,CEN→CEN,eyes open,theta,"merged(Kraków,Warszawa)",-0.057667290672826
L-SFG→R-SUP,CEN→CEN,eyes open,theta,"merged(Kraków,Warszawa)",-0.06623367895930579
R-SFG→L-ACC,CEN→SN,eyes open,theta,"merged(Kraków,Warszawa)",0.14061544081551258
R-SFG→R-ACC,CEN→SN,eyes open,theta,"merged(Kraków,Warszawa)",0.21236756744783225
R-SFG→L-INS,CEN→SN,eyes open,theta,"merged(Kraków,Warszawa)",0.2130123859264775
R-SFG→R-INS,CEN→SN,eyes open,theta,"merged(Kraków,Warszawa)",0.09184858927175689
R-SFG→L-IFG,CEN→DMN,eyes open,theta,"merged(Kraków,Warszawa)",0.05085142015791097
R-SFG→R-IFG,CEN→CEN,eyes open,theta,"merged(Kraków,Warszawa)",-0.0003600690563448307
R-SFG→L-mPFC,CEN→DMN,eyes open,theta,"merged(Kraków,Warszawa)",0.028419771850776654
R-SFG→R-mPFC,CEN→DMN,eyes open,theta,"merged(Kraków,Warszawa)",0.10029013901694378
R-SFG→L-aSTG,CEN→DMN,eyes open,theta,"merged(Kraków,Warszawa)",0.08139918306215053
R-SFG→R-aSTG,CEN→DMN,eyes open,theta,"merged(Kraków,Warszawa)",0.08931928295958377
R-SFG→L-PREC,CEN→DMN,eyes open,theta,"merged(Kraków,Warszawa)",0.05085142015791097
R-SFG→R-PREC,CEN→DMN,eyes open,theta,"merged(Kraków,Warszawa)",0.05683954370155331
R-SFG→L-ANG,CEN→DMN,eyes open,theta,"merged(Kraków,Warszawa)",0.08231445580812716
R-SFG→R-ANG,CEN→DMN,eyes open,theta,"merged(Kraków,Warszawa)",0.03997017530315638
R-SFG→L-SFG,CEN→CEN,eyes open,theta,"merged(Kraków,Warszawa)",0.1328957364245407
R-SFG→L-pSTG,CEN→CEN,eyes open,theta,"merged(Kraków,Warszawa)",0.1131717256294461
R-SFG→R-pSTG,CEN→CEN,eyes open,theta,"merged(Kraków,Warszawa)",0.12339405142998935
R-SFG→L-ITG,CEN→CEN,eyes open,theta,"merged(Kraków,Warszawa)",0.07863903871386643
R-SFG→R-ITG,CEN→CEN,eyes open,theta,"merged(Kraków,Warszawa)",0.052180869050928246
R-SFG→L-SUP,CEN→CEN,eyes open,theta,"merged(Kraków,Warszawa)",-0.004742224188510079
R-SFG→R-SUP,CEN→CEN,eyes open,theta,"merged(Kraków,Warszawa)",-0.005428246695503231
L-pSTG→L-ACC,CEN→SN,eyes open,theta,"merged(Kraków,Warszawa)",0.05697666443722329
L-pSTG→R-ACC,CEN→SN,eyes open,theta,"merged(Kraków,Warszawa)",0.11222676328543982
L-pSTG→L-INS,CEN→SN,eyes open,theta,"merged(Kraków,Warszawa)",0.121204904348275
L-pSTG→R-INS,CEN→SN,eyes open,theta,"merged(Kraków,Warszawa)",0.2056562065296499
L-pSTG→L-IFG,CEN→DMN,eyes open,theta,"merged(Kraków,Warszawa)",0.07335466095976369
L-pSTG→R-IFG,CEN→CEN,eyes open,theta,"merged(Kraków,Warszawa)",-0.02198766146180915
L-pSTG→L-mPFC,CEN→DMN,eyes open,theta,"merged(Kraków,Warszawa)",0.152951868586263
L-pSTG→R-mPFC,CEN→DMN,eyes open,theta,"merged(Kraków,Warszawa)",0.055702075703249844
L-pSTG→L-aSTG,CEN→DMN,eyes open,theta,"merged(Kraków,Warszawa)",-0.06854256854256854
L-pSTG→R-aSTG,CEN→DMN,eyes open,theta,"merged(Kraków,Warszawa)",0.13587999359994726
L-pSTG→L-PREC,CEN→DMN,eyes open,theta,"merged(Kraków,Warszawa)",0.052832907023607045
L-pSTG→R-PREC,CEN→DMN,eyes open,theta,"merged(Kraków,Warszawa)",0.13913491117139384
L-pSTG→L-ANG,CEN→DMN,eyes open,theta,"merged(Kraków,Warszawa)",0.04700713292106284
L-pSTG→R-ANG,CEN→DMN,eyes open,theta,"merged(Kraków,Warszawa)",-0.015931830156411707
L-pSTG→L-SFG,CEN→CEN,eyes open,theta,"merged(Kraków,Warszawa)",0.019646357352398898
L-pSTG→R-SFG,CEN→CEN,eyes open,theta,"merged(Kraków,Warszawa)",-0.08308606674272907
L-pSTG→R-pSTG,CEN→CEN,eyes open,theta,"merged(Kraków,Warszawa)",-0.038733354836219924
L-pSTG→L-ITG,CEN→CEN,eyes open,theta,"merged(Kraków,Warszawa)",-0.0048295390907827146
L-pSTG→R-ITG,CEN→CEN,eyes open,theta,"merged(Kraków,Warszawa)",0.024124626775103655
L-pSTG→L-SUP,CEN→CEN,eyes open,theta,"merged(Kraków,Warszawa)",0.011432106949592919
L-pSTG→R-SUP,CEN→CEN,eyes open,theta,"merged(Kraków,Warszawa)",0.08240346383373393
R-pSTG→L-ACC,CEN→SN,eyes open,theta,"merged(Kraków,Warszawa)",0.07009856291367471
R-pSTG→R-ACC,CEN→SN,eyes open,theta,"merged(Kraków,Warszawa)",0.0796076324876651
R-pSTG→L-INS,CEN→SN,eyes open,theta,"merged(Kraków,Warszawa)",0.11882462677910215
R-pSTG→R-INS,CEN→SN,eyes open,theta,"merged(Kraków,Warszawa)",-0.03804786014909875
R-pSTG→L-IFG,CEN→DMN,eyes open,theta,"merged(Kraków,Warszawa)",0.013533224690846028
R-pSTG→R-IFG,CEN→CEN,eyes open,theta,"merged(Kraków,Warszawa)",0.06239966811261252
R-pSTG→L-mPFC,CEN→DMN,eyes open,theta,"merged(Kraków,Warszawa)",-0.08331804170971129
R-pSTG→R-mPFC,CEN→DMN,eyes open,theta,"merged(Kraków,Warszawa)",0.1592015049388193
R-pSTG→L-aSTG,CEN→DMN,eyes open,theta,"merged(Kraków,Warszawa)",-0.03451896533889204
R-pSTG→R-aSTG,CEN→DMN,eyes open,theta,"merged(Kraków,Warszawa)",0.23010676059625593
R-pSTG→L-PREC,CEN→DMN,eyes open,theta,"merged(Kraków,Warszawa)",0.08012323744983048
R-pSTG→R-PREC,CEN→DMN,eyes open,theta,"merged(Kraków,Warszawa)",0.12578811081871036
R-pSTG→L-ANG,CEN→DMN,eyes open,theta,"merged(Kraków,Warszawa)",0.11386627300334151
R-pSTG→R-ANG,CEN→DMN,eyes open,theta,"merged(Kraków,Warszawa)",0.20785042266446851
R-pSTG→L-SFG,CEN→CEN,eyes open,theta,"merged(Kraków,Warszawa)",0.15360553299581617
R-pSTG→R-SFG,CEN→CEN,eyes open,theta,"merged(Kraków,Warszawa)",0.008299183867265357
R-pSTG→L-pSTG,CEN→CEN,eyes open,theta,"merged(Kraków,Warszawa)",-0.05703674349803128
R-pSTG→L-ITG,CEN→CEN,eyes open,theta,"merged(Kraków,Warszawa)",0.06062480958117457
R-pSTG→R-ITG,CEN→CEN,eyes open,theta,"merged(Kraków,Warszawa)",-0.03878098759228237
R-pSTG→L-SUP,CEN→CEN,eyes open,theta,"merged(Kraków,Warszawa)",-0.061576172343349424
R-pSTG→R-SUP,CEN→CEN,eyes open,theta,"merged(Kraków,Warszawa)",-0.09160802339936733
L-ITG→L-ACC,CEN→SN,eyes open,theta,"merged(Kraków,Warszawa)",0.13451037770396373
L-ITG→R-ACC,CEN→SN,eyes open,theta,"merged(Kraków,Warszawa)",0.13074989548320648
L-ITG→L-INS,CEN→SN,eyes open,theta,"merged(Kraków,Warszawa)",-0.028544529030237645
L-ITG→R-INS,CEN→SN,eyes open,theta,"merged(Kraków,Warszawa)",0.11841571604490274
L-ITG→L-IFG,CEN→DMN,eyes open,theta,"merged(Kraków,Warszawa)",-0.07031750904473968
L-ITG→R-IFG,CEN→CEN,eyes open,theta,"merged(Kraków,Warszawa)",0.05501599571982276
L-ITG→L-mPFC,CEN→DMN,eyes open,theta,"merged(Kraków,Warszawa)",0.10289306976015897
L-ITG→R-mPFC,CEN→DMN,eyes open,theta,"merged(Kraków,Warszawa)",0.002602677828305699
L-ITG→L-aSTG,CEN→DMN,eyes open,theta,"merged(Kraków,Warszawa)",-0.007157364027840671
L-ITG→R-aSTG,CEN→DMN,eyes open,theta,"merged(Kraków,Warszawa)",0.0
L-ITG→L-PREC,CEN→DMN,eyes open,theta,"merged(Kraków,Warszawa)",0.1832736437354433
L-ITG→R-PREC,CEN→DMN,eyes open,theta,"merged(Kraków,Warszawa)",-0.09151116676306077
L-ITG→L-ANG,CEN→DMN,eyes open,theta,"merged(Kraków,Warszawa)",0.20612659729693597
L-ITG→R-ANG,CEN→DMN,eyes open,theta,"merged(Kraków,Warszawa)",0.1506847556641313
L-ITG→L-SFG,CEN→CEN,eyes open,theta,"merged(Kraków,Warszawa)",-0.07527996856451036
L-ITG→R-SFG,CEN→CEN,eyes open,theta,"merged(Kraków,Warszawa)",0.06201051951445856
L-ITG→L-pSTG,CEN→CEN,eyes open,theta,"merged(Kraków,Warszawa)",0.140995985711646
L-ITG→R-pSTG,CEN→CEN,eyes open,theta,"merged(Kraków,Warszawa)",0.13058498136677055
L-ITG→R-ITG,CEN→CEN,eyes open,theta,"merged(Kraków,Warszawa)",0.15473831039124705
L-ITG→L-SUP,CEN→CEN,eyes open,theta,"merged(Kraków,Warszawa)",0.16875007196772893
L-ITG→R-SUP,CEN→CEN,eyes open,theta,"merged(Kraków,Warszawa)",0.14669305988011316
R-ITG→L-ACC,CEN→SN,eyes open,theta,"merged(Kraków,Warszawa)",0.04011723211976824
R-ITG→R-ACC,CEN→SN,eyes open,theta,"merged(Kraków,Warszawa)",0.21318175835309186
R-ITG→L-INS,CEN→SN,eyes open,theta,"merged(Kraków,Warszawa)",0.20270602688369704
R-ITG→R-INS,CEN→SN,eyes open,theta,"merged(Kraków,Warszawa)",0.09089060402134992
R-ITG→L-IFG,CEN→DMN,eyes open,theta,"merged(Kraków,Warszawa)",0.025889224004169025
R-ITG→R-IFG,CEN→CEN,eyes open,theta,"merged(Kraków,Warszawa)",-0.01016190897537874
R-ITG→L-mPFC,CEN→DMN,eyes open,theta,"merged(Kraków,Warszawa)",0.18477310823363852
R-ITG→R-mPFC,CEN→DMN,eyes open,theta,"merged(Kraków,Warszawa)",0.06771027816474975
R-ITG→L-aSTG,CEN→DMN,eyes open,theta,"merged(Kraków,Warszawa)",0.02458820227589933
R-ITG→R-aSTG,CEN→DMN,eyes open,theta,"merged(Kraków,Warszawa)",-0.017981565045741606
R-ITG→L-PREC,CEN→DMN,eyes open,theta,"merged(Kraków,Warszawa)",0.19216548819268287
R-ITG→R-PREC,CEN→DMN,eyes open,theta,"merged(Kraków,Warszawa)",0.0716114874039433
R-ITG→L-ANG,CEN→DMN,eyes open,theta,"merged(Kraków,Warszawa)",0.05400556493734326
R-ITG→R-ANG,CEN→DMN,eyes open,theta,"merged(Kraków,Warszawa)",0.15268003899894556
R-ITG→L-SFG,CEN→CEN,eyes open,theta,"merged(Kraków,Warszawa)",0.14705930449024068
R-ITG→R-SFG,CEN→CEN,eyes open,theta,"merged(Kraków,Warszawa)",0.09107130856904547
R-ITG→L-pSTG,CEN→CEN,eyes open,theta,"merged(Kraków,Warszawa)",-0.012691959575656046
R-ITG→R-pSTG,CEN→CEN,eyes open,theta,"merged(Kraków,Warszawa)",0.033806773635479
R-ITG→L-ITG,CEN→CEN,eyes open,theta,"merged(Kraków,Warszawa)",0.11090760319443425
R-ITG→L-SUP,CEN→CEN,eyes open,theta,"merged(Kraków,Warszawa)",-0.13916118647394538
R-ITG→R-SUP,CEN→CEN,eyes open,theta,"merged(Kraków,Warszawa)",0.18614353883870252
L-SUP→L-ACC,CEN→SN,eyes open,theta,"merged(Kraków,Warszawa)",0.13451037770396373
L-SUP→R-ACC,CEN→SN,eyes open,theta,"merged(Kraków,Warszawa)",0.057667290672826
L-SUP→L-INS,CEN→SN,eyes open,theta,"merged(Kraków,Warszawa)",0.06692821424753977
L-SUP→R-INS,CEN→SN,eyes open,theta,"merged(Kraków,Warszawa)",0.20846580947720306
L-SUP→L-IFG,CEN→DMN,eyes open,theta,"merged(Kraków,Warszawa)",0.10462987469381005
L-SUP→R-IFG,CEN→CEN,eyes open,theta,"merged(Kraków,Warszawa)",-0.14890996174832027
L-SUP→L-mPFC,CEN→DMN,eyes open,theta,"merged(Kraków,Warszawa)",0.12676370673671974
L-SUP→R-mPFC,CEN→DMN,eyes open,theta,"merged(Kraków,Warszawa)",0.0013831973112108928
L-SUP→L-aSTG,CEN→DMN,eyes open,theta,"merged(Kraków,Warszawa)",-0.062020663198058025
L-SUP→R-aSTG,CEN→DMN,eyes open,theta,"merged(Kraków,Warszawa)",0.039287193609340056
L-SUP→L-PREC,CEN→DMN,eyes open,theta,"merged(Kraków,Warszawa)",0.16435587929037956
L-SUP→R-PREC,CEN→DMN,eyes open,theta,"merged(Kraków,Warszawa)",0.18672441351001767
L-SUP→L-ANG,CEN→DMN,eyes open,theta,"merged(Kraków,Warszawa)",-0.03180307802348817
L-SUP→R-ANG,CEN→DMN,eyes open,theta,"merged(Kraków,Warszawa)",0.09491903874595557
L-SUP→L-SFG,CEN→CEN,eyes open,theta,"merged(Kraków,Warszawa)",-0.2056562065296499
L-SUP→R-SFG,CEN→CEN,eyes open,theta,"merged(Kraków,Warszawa)",-0.14585148769666736
L-SUP→L-pSTG,CEN→CEN,eyes open,theta,"merged(Kraków,Warszawa)",-0.1067806742409332
L-SUP→R-pSTG,CEN→CEN,eyes open,theta,"merged(Kraków,Warszawa)",-0.05076102831679893
L-SUP→L-ITG,CEN→CEN,eyes open,theta,"merged(Kraków,Warszawa)",-0.057289943247545334
L-SUP→R-ITG,CEN→CEN,eyes open,theta,"merged(Kraków,Warszawa)",0.025743502737626142
L-SUP→R-SUP,CEN→CEN,eyes open,theta,"merged(Kraków,Warszawa)",0.0947325728359222
R-SUP→L-ACC,CEN→SN,eyes open,theta,"merged(Kraków,Warszawa)",0.0487196088870457
R-SUP→R-ACC,CEN→SN,eyes open,theta,"merged(Kraków,Warszawa)",-0.0876250658602644
R-SUP→L-INS,CEN→SN,eyes open,theta,"merged(Kraków,Warszawa)",0.08461622824103521
R-SUP→R-INS,CEN→SN,eyes open,theta,"merged(Kraków,Warszawa)",-0.024628352637043698
R-SUP→L-IFG,CEN→DMN,eyes open,theta,"merged(Kraków,Warszawa)",-0.04262965777616498
R-SUP→R-IFG,CEN→CEN,eyes open,theta,"merged(Kraków,Warszawa)",0.028915513423125844
R-SUP→L-mPFC,CEN→DMN,eyes open,theta,"merged(Kraków,Warszawa)",-0.05795446908939257
R-SUP→R-mPFC,CEN→DMN,eyes open,theta,"merged(Kraków,Warszawa)",0.04979510320359214
R-SUP→L-aSTG,CEN→DMN,eyes open,theta,"merged(Kraków,Warszawa)",0.1134221795192932
R-SUP→R-aSTG,CEN→DMN,eyes open,theta,"merged(Kraków,Warszawa)",-0.049357482310249966
R-SUP→L-PREC,CEN→DMN,eyes open,theta,"merged(Kraków,Warszawa)",0.17132041828703592
R-SUP→R-PREC,CEN→DMN,eyes open,theta,"merged(Kraków,Warszawa)",-0.04080432068072134
R-SUP→L-ANG,CEN→DMN,eyes open,theta,"merged(Kraków,Warszawa)",-0.06333004963811237
R-SUP→R-ANG,CEN→DMN,eyes open,theta,"merged(Kraków,Warszawa)",0.07469265480538821
R-SUP→L-SFG,CEN→CEN,eyes open,theta,"merged(Kraków,Warszawa)",-0.026056337382058696
R-SUP→R-SFG,CEN→CEN,eyes open,theta,"merged(Kraków,Warszawa)",-0.08588836833408807
R-SUP→L-pSTG,CEN→CEN,eyes open,theta,"merged(Kraków,Warszawa)",0.01697494668272888
R-SUP→R-pSTG,CEN→CEN,eyes open,theta,"merged(Kraków,Warszawa)",-0.05413289876338411
R-SUP→L-ITG,CEN→CEN,eyes open,theta,"merged(Kraków,Warszawa)",-0.13231138734284714
R-SUP→R-ITG,CEN→CEN,eyes open,theta,"merged(Kraków,Warszawa)",-0.04465964147979189
R-SUP→L-SUP,CEN→CEN,eyes open,theta,"merged(Kraków,Warszawa)",-0.019682847714677137
